county,month,county_beans_price_per_kg,county_maize_price_per_kg,county_rice_price_per_kg,county_staple_price_per_kg,county_price_available,county_staple_items_available,county_maize_price_per_kg_3_month_avg,county_maize_price_per_kg_6_month_avg,county_beans_price_per_kg_3_month_avg,county_beans_price_per_kg_6_month_avg,county_rice_price_per_kg_3_month_avg,county_rice_price_per_kg_6_month_avg,county_staple_price_per_kg_3_month_avg,county_staple_price_per_kg_6_month_avg
Baringo,2015-01-01,104.0,42.0,,73.0,1,2,42.0,42.0,104.0,104.0,,,73.0,73.0
Baringo,2015-02-01,107.0,47.0,,77.0,1,2,44.5,44.5,105.5,105.5,,,75.0,75.0
Baringo,2015-03-01,112.0,38.0,,75.0,1,2,42.333333333333336,42.333333333333336,107.66666666666667,107.66666666666667,,,75.0,75.0
Baringo,2015-04-01,105.0,42.0,,73.5,1,2,42.333333333333336,42.25,108.0,107.0,,,75.16666666666667,74.625
Baringo,2015-05-01,106.0,45.0,,75.5,1,2,41.666666666666664,42.8,107.66666666666667,106.8,,,74.66666666666667,74.8
Baringo,2015-06-01,113.0,45.0,,79.0,1,2,44.0,43.166666666666664,108.0,107.83333333333333,,,76.0,75.5
Baringo,2015-07-01,105.0,44.0,,74.5,1,2,44.666666666666664,43.5,108.0,108.0,,,76.33333333333333,75.75
Baringo,2015-08-01,102.0,46.0,,74.0,1,2,45.0,43.333333333333336,106.66666666666667,107.16666666666667,,,75.83333333333333,75.25
Baringo,2015-09-01,102.0,44.0,,73.0,1,2,44.666666666666664,44.333333333333336,103.0,105.5,,,73.83333333333333,74.91666666666667
Baringo,2015-10-01,103.0,37.0,,70.0,1,2,42.333333333333336,43.5,102.33333333333333,105.16666666666667,,,72.33333333333333,74.33333333333333
Baringo,2015-11-01,94.0,39.0,,66.5,1,2,40.0,42.5,99.66666666666667,103.16666666666667,,,69.83333333333333,72.83333333333333
Baringo,2015-12-01,101.0,41.0,,71.0,1,2,39.0,41.833333333333336,99.33333333333333,101.16666666666667,,,69.16666666666667,71.5
Baringo,2016-01-01,108.0,41.0,,74.5,1,2,40.333333333333336,41.333333333333336,101.0,101.66666666666667,,,70.66666666666667,71.5
Baringo,2016-02-01,97.0,39.0,,68.0,1,2,40.333333333333336,40.166666666666664,102.0,100.83333333333333,,,71.16666666666667,70.5
Baringo,2016-03-01,96.0,40.0,,68.0,1,2,40.0,39.5,100.33333333333333,99.83333333333333,,,70.16666666666667,69.66666666666667
Baringo,2016-05-01,97.0,43.0,,70.0,1,2,40.666666666666664,40.5,96.66666666666667,98.83333333333333,,,68.66666666666667,69.66666666666667
Baringo,2016-06-01,90.0,39.0,,64.5,1,2,40.666666666666664,40.5,94.33333333333333,98.16666666666667,,,67.5,69.33333333333333
Baringo,2016-07-01,103.0,41.0,,72.0,1,2,41.0,40.5,96.66666666666667,98.5,,,68.83333333333333,69.5
Baringo,2016-08-01,94.0,41.0,,67.5,1,2,40.333333333333336,40.5,95.66666666666667,96.16666666666667,,,68.0,68.33333333333333
Baringo,2016-09-01,90.0,37.0,,63.5,1,2,39.666666666666664,40.166666666666664,95.66666666666667,95.0,,,67.66666666666667,67.58333333333333
Baringo,2016-10-01,98.0,43.0,,70.5,1,2,40.333333333333336,40.666666666666664,94.0,95.33333333333333,,,67.16666666666667,68.0
Baringo,2016-11-01,123.0,48.0,,85.5,1,2,42.666666666666664,41.5,103.66666666666667,99.66666666666667,,,73.16666666666667,70.58333333333333
Baringo,2016-12-01,106.0,48.0,,77.0,1,2,46.333333333333336,43.0,109.0,102.33333333333333,,,77.66666666666667,72.66666666666667
Baringo,2017-01-01,108.0,55.0,,81.5,1,2,50.333333333333336,45.333333333333336,112.33333333333333,103.16666666666667,,,81.33333333333333,74.25
Baringo,2017-02-01,112.0,52.0,,82.0,1,2,51.666666666666664,47.166666666666664,108.66666666666667,106.16666666666667,,,80.16666666666667,76.66666666666667
Baringo,2017-03-01,114.0,57.0,,85.5,1,2,54.666666666666664,50.5,111.33333333333333,110.16666666666667,,,83.0,80.33333333333333
Baringo,2017-04-01,127.0,62.0,,94.5,1,2,57.0,53.666666666666664,117.66666666666667,115.0,,,87.33333333333333,84.33333333333333
Baringo,2017-05-01,138.0,73.0,,105.5,1,2,64.0,57.833333333333336,126.33333333333333,117.5,,,95.16666666666667,87.66666666666667
Baringo,2017-06-01,129.0,81.0,,105.0,1,2,72.0,63.333333333333336,131.33333333333334,121.33333333333333,,,101.66666666666667,92.33333333333333
Baringo,2017-07-01,118.0,58.0,,88.0,1,2,70.66666666666667,63.833333333333336,128.33333333333334,123.0,,,99.5,93.41666666666667
Baringo,2017-08-01,120.0,52.0,,86.0,1,2,63.666666666666664,63.833333333333336,122.33333333333333,124.33333333333333,,,93.0,94.08333333333333
Baringo,2017-09-01,104.0,53.0,,78.5,1,2,54.333333333333336,63.166666666666664,114.0,122.66666666666667,,,84.16666666666667,92.91666666666667
Baringo,2017-10-01,108.0,53.0,,80.5,1,2,52.666666666666664,61.666666666666664,110.66666666666667,119.5,,,81.66666666666667,90.58333333333333
Baringo,2017-11-01,121.0,50.0,,85.5,1,2,52.0,57.833333333333336,111.0,116.66666666666667,,,81.5,87.25
Baringo,2017-12-01,120.0,48.0,,84.0,1,2,50.333333333333336,52.333333333333336,116.33333333333333,115.16666666666667,,,83.33333333333333,83.75
Baringo,2018-01-01,106.0,52.0,,79.0,1,2,50.0,51.333333333333336,115.66666666666667,113.16666666666667,,,82.83333333333333,82.25
Baringo,2018-02-01,111.0,53.0,,82.0,1,2,51.0,51.5,112.33333333333333,111.66666666666667,,,81.66666666666667,81.58333333333333
Baringo,2018-03-01,112.0,52.0,,82.0,1,2,52.333333333333336,51.333333333333336,109.66666666666667,113.0,,,81.0,82.16666666666667
Baringo,2018-04-01,113.0,43.0,,78.0,1,2,49.333333333333336,49.666666666666664,112.0,113.83333333333333,,,80.66666666666667,81.75
Baringo,2018-05-01,105.0,44.0,,74.5,1,2,46.333333333333336,48.666666666666664,110.0,111.16666666666667,,,78.16666666666667,79.91666666666667
Baringo,2018-06-01,108.0,40.0,,74.0,1,2,42.333333333333336,47.333333333333336,108.66666666666667,109.16666666666667,,,75.5,78.25
Baringo,2018-07-01,98.0,42.0,,70.0,1,2,42.0,45.666666666666664,103.66666666666667,107.83333333333333,,,72.83333333333333,76.75
Baringo,2018-08-01,100.0,38.0,,69.0,1,2,40.0,43.166666666666664,102.0,106.0,,,71.0,74.58333333333333
Baringo,2018-09-01,103.0,36.0,,69.5,1,2,38.666666666666664,40.5,100.33333333333333,104.5,,,69.5,72.5
Baringo,2018-10-01,103.0,33.0,,68.0,1,2,35.666666666666664,38.833333333333336,102.0,102.83333333333333,,,68.83333333333333,70.83333333333333
Baringo,2018-11-01,105.0,35.0,,70.0,1,2,34.666666666666664,37.333333333333336,103.66666666666667,102.83333333333333,,,69.16666666666667,70.08333333333333
Baringo,2018-12-01,107.0,36.0,,71.5,1,2,34.666666666666664,36.666666666666664,105.0,102.66666666666667,,,69.83333333333333,69.66666666666667
Baringo,2019-01-01,109.0,,,109.0,1,1,35.5,35.6,107.0,104.5,,,83.5,76.16666666666667
Baringo,2019-02-01,111.0,,,111.0,1,1,36.0,35.0,109.0,106.33333333333333,,,97.16666666666667,83.16666666666667
Baringo,2019-03-01,111.0,,,111.0,1,1,,34.666666666666664,110.33333333333333,107.66666666666667,,,110.33333333333333,90.08333333333333
Baringo,2019-04-01,117.0,44.0,,80.5,1,2,44.0,38.333333333333336,113.0,110.0,,,100.83333333333333,92.16666666666667
Baringo,2019-05-01,105.0,52.0,,78.5,1,2,48.0,44.0,111.0,110.0,,,90.0,93.58333333333333
Baringo,2019-06-01,121.0,51.0,,86.0,1,2,49.0,49.0,114.33333333333333,112.33333333333333,,,81.66666666666667,96.0
Baringo,2019-07-01,139.2,55.7,,97.44999999999999,1,2,52.9,50.675,121.73333333333333,117.36666666666667,,,87.31666666666666,94.075
Baringo,2019-08-01,126.3,54.6,,90.45,1,2,53.76666666666667,51.46,128.83333333333334,119.91666666666667,,,91.3,90.64999999999999
Baringo,2019-09-01,113.0,46.5,,79.75,1,2,52.26666666666667,50.63333333333333,126.16666666666667,120.25,,,89.21666666666665,85.44166666666666
Baringo,2019-10-01,109.0,44.0,,76.5,1,2,48.36666666666667,50.63333333333333,116.10000000000001,118.91666666666667,,,82.23333333333333,84.77499999999999
Baringo,2019-11-01,108.0,44.0,,76.0,1,2,44.833333333333336,49.300000000000004,110.0,119.41666666666667,,,77.41666666666667,84.35833333333333
Baringo,2019-12-01,115.0,46.0,,80.5,1,2,44.666666666666664,48.46666666666667,110.66666666666667,118.41666666666667,,,77.66666666666667,83.44166666666666
Baringo,2020-01-01,124.0,46.0,,85.0,1,2,45.333333333333336,46.85,115.66666666666667,115.88333333333333,,,80.5,81.36666666666666
Baringo,2020-02-01,111.0,47.3,,79.15,1,2,46.43333333333334,45.63333333333333,116.66666666666667,113.33333333333333,,,81.55000000000001,79.48333333333333
Baringo,2020-03-01,114.2,48.5,,81.35,1,2,47.26666666666667,45.96666666666667,116.39999999999999,113.53333333333335,,,81.83333333333333,79.75
Baringo,2020-04-01,121.51,51.7,,86.605,1,2,49.166666666666664,47.25,115.57,115.61833333333334,,,82.36833333333334,81.43416666666667
Baringo,2020-05-01,125.2,52.0,,88.6,1,2,50.73333333333333,48.583333333333336,120.30333333333333,118.485,,,85.51833333333332,83.53416666666668
Baringo,2020-06-01,131.9,51.0,,91.45,1,2,51.56666666666666,49.416666666666664,126.20333333333333,121.30166666666666,,,88.885,85.35916666666667
Baringo,2020-07-01,126.0,47.0,,86.5,1,2,50.0,49.583333333333336,127.7,121.63499999999999,,,88.85000000000001,85.60916666666667
Baringo,2020-08-01,120.0,41.0,,80.5,1,2,46.333333333333336,48.53333333333333,125.96666666666665,123.13499999999999,,,86.14999999999999,85.83416666666666
Baringo,2020-09-01,107.0,39.0,,73.0,1,2,42.333333333333336,46.949999999999996,117.66666666666667,121.93499999999999,,,80.0,84.44250000000001
Baringo,2020-10-01,114.0,39.0,,76.5,1,2,39.666666666666664,44.833333333333336,113.66666666666667,120.68333333333332,,,76.66666666666667,82.75833333333334
Baringo,2020-11-01,117.0,39.0,,78.0,1,2,39.0,42.666666666666664,112.66666666666667,119.31666666666668,,,75.83333333333333,80.99166666666667
Baringo,2020-12-01,114.0,40.0,,77.0,1,2,39.333333333333336,40.833333333333336,115.0,116.33333333333333,,,77.16666666666667,78.58333333333333
Baringo,2021-01-01,95.22,27.0,100.0,74.07333333333334,1,3,35.333333333333336,37.5,108.74000000000001,111.20333333333332,100.0,100.0,76.35777777777778,76.51222222222222
Baringo,2021-02-01,100.0,,100.0,100.0,1,2,33.5,36.8,103.07333333333334,107.87,100.0,100.0,83.69111111111111,79.76222222222222
Baringo,2021-03-01,100.33333333333334,28.0,100.0,76.11111111111111,1,3,27.5,34.6,98.51777777777778,106.7588888888889,100.0,100.0,83.39481481481481,80.28074074074074
Baringo,2021-04-01,100.62592592592593,29.75,100.0,76.79197530864197,1,3,28.875,32.75,100.31975308641977,104.52987654320987,100.0,100.0,84.30102880658437,80.32940329218107
Baringo,2021-05-01,99.58333333333333,31.0,100.0,76.8611111111111,1,3,29.583333333333332,31.15,100.18086419753087,101.6270987654321,100.0,100.0,76.5880658436214,80.13958847736625
Baringo,2021-06-01,103.75,31.9,100.0,78.55,1,3,30.883333333333336,29.529999999999994,101.31975308641977,99.91876543209877,100.0,100.0,77.40102880658435,80.39792181069959
Baringo,2021-07-01,103.33333333333333,32.5,92.5,76.1111111111111,1,3,31.8,30.629999999999995,102.22222222222223,101.27098765432099,97.5,98.75,77.17407407407407,80.73755144032921
Baringo,2021-08-01,90.0,35.0,100.0,75.0,1,3,33.13333333333333,31.35833333333333,99.02777777777777,99.60432098765432,97.5,98.75,76.5537037037037,76.57088477366254
Baringo,2021-09-01,97.5,30.0,100.0,75.83333333333333,1,3,32.5,31.691666666666663,96.94444444444444,99.13209876543209,97.5,98.75,75.64814814814814,76.52458847736624
Baringo,2021-10-01,97.96944444444445,30.0,100.0,75.9898148148148,1,3,31.666666666666668,31.73333333333333,95.15648148148148,98.68935185185187,100.0,98.75,75.60771604938272,76.39089506172839
Baringo,2021-11-01,91.66666666666667,30.0,100.0,73.8888888888889,1,3,30.0,31.566666666666663,95.71203703703704,97.36990740740741,100.0,98.75,75.23734567901234,75.89552469135802
Baringo,2021-12-01,90.75,30.0,106.66,75.80333333333333,1,3,30.0,31.25,93.46203703703704,95.20324074074074,102.21999999999998,99.86,75.22734567901234,75.43774691358024
Baringo,2022-01-01,102.22407407407407,33.333333333333336,100.0,78.51913580246914,1,3,31.111111111111114,31.38888888888889,94.88024691358025,95.01836419753086,102.21999999999998,101.11,76.07045267489713,75.83908436213991
Baringo,2022-02-01,98.125,37.5,100.0,78.54166666666667,1,3,33.611111111111114,31.805555555555554,97.03302469135802,96.37253086419753,102.21999999999998,101.11,77.62137860082304,76.4293621399177
Baringo,2022-03-01,101.38888888888887,35.0,,68.19444444444443,1,2,35.27777777777778,32.638888888888886,100.5793209876543,97.02067901234568,100.0,101.332,75.08508230452675,75.15621399176955
Baringo,2022-06-01,103.02222222222223,52.63333333333333,107.5,87.71851851851852,1,3,41.71111111111111,36.411111111111104,100.84537037037036,97.86280864197529,103.75,102.832,78.15154320987654,77.11099794238682
Baringo,2022-07-01,102.08333333333334,65.0,100.0,89.02777777777779,1,3,50.87777777777777,42.24444444444444,102.1648148148148,99.59891975308642,103.75,102.832,81.64691358024692,79.63414609053498
Baringo,2022-08-01,104.16666666666666,67.5,100.0,90.55555555555554,1,3,61.71111111111111,48.49444444444444,103.09074074074074,101.83503086419752,102.5,101.5,89.10061728395061,82.09284979423869
Baringo,2022-09-01,99.375,60.15,100.0,86.50833333333333,1,3,64.21666666666667,52.963888888888896,101.875,101.36018518518517,100.0,101.5,88.69722222222221,83.42438271604938
Baringo,2022-10-01,108.125,69.16666666666667,,88.64583333333334,1,2,65.60555555555555,58.241666666666674,103.88888888888887,103.02685185185184,100.0,101.875,88.56990740740741,85.10841049382715
Baringo,2022-11-01,120.0,69.5,,94.75,1,2,66.27222222222223,63.991666666666674,109.16666666666667,106.12870370370369,100.0,101.875,89.96805555555557,89.53433641975307
Baringo,2022-12-01,,65.0,,65.0,1,1,67.88888888888889,66.05277777777779,114.0625,106.75,,100.0,82.79861111111113,85.74791666666665
Baringo,2023-01-01,120.0,65.0,,92.5,1,2,66.5,66.05277777777779,120.0,110.33333333333334,,100.0,84.08333333333333,86.32662037037038
Baringo,2023-02-01,93.33333333333333,66.25,,79.79166666666666,1,2,65.41666666666667,65.84444444444445,106.66666666666666,108.16666666666667,,100.0,79.09722222222221,84.53263888888888
Baringo,2023-03-01,138.75,70.0,,104.375,1,2,67.08333333333333,67.4861111111111,117.3611111111111,116.04166666666666,,,92.22222222222221,87.51041666666667
Baringo,2023-04-01,149.375,70.0,,109.6875,1,2,68.75,67.625,127.15277777777777,124.29166666666666,,,97.95138888888887,91.0173611111111
Baringo,2023-05-01,163.5,70.0,,116.75,1,2,70.0,67.70833333333333,150.54166666666666,132.99166666666665,,,110.27083333333333,94.68402777777777
Baringo,2023-06-01,156.25,70.62222222222222,,113.4361111111111,1,2,70.2074074074074,68.64537037037037,156.375,136.86805555555554,,,113.29120370370372,102.75671296296296
Baringo,2023-07-01,140.41666666666666,68.75555555555556,110.0,106.39074074074074,1,3,69.7925925925926,69.2712962962963,153.38888888888889,140.27083333333334,110.0,110.0,112.1922839506173,105.07183641975308
Baringo,2023-12-01,147.5,85.0,132.0,121.5,1,3,74.7925925925926,72.39629629629628,148.05555555555554,149.29861111111111,121.0,121.0,113.77561728395062,112.02322530864198
Baringo,2024-03-01,161.5,84.0,143.75,129.75,1,3,79.25185185185187,74.72962962962963,149.80555555555554,153.0902777777778,128.58333333333334,128.58333333333334,119.21358024691358,116.25239197530864
Garissa,2015-01-01,,65.0,,65.0,1,1,65.0,65.0,,,,,65.0,65.0
Garissa,2015-02-01,,65.0,,65.0,1,1,65.0,65.0,,,,,65.0,65.0
Garissa,2015-03-01,,65.0,,65.0,1,1,65.0,65.0,,,,,65.0,65.0
Garissa,2015-04-01,,65.0,,65.0,1,1,65.0,65.0,,,,,65.0,65.0
Garissa,2015-05-01,,60.0,,60.0,1,1,63.333333333333336,64.0,,,,,63.333333333333336,64.0
Garissa,2015-06-01,,50.0,,50.0,1,1,58.333333333333336,61.666666666666664,,,,,58.333333333333336,61.666666666666664
Garissa,2015-07-01,,50.0,,50.0,1,1,53.333333333333336,59.166666666666664,,,,,53.333333333333336,59.166666666666664
Garissa,2015-08-01,,50.0,,50.0,1,1,50.0,56.666666666666664,,,,,50.0,56.666666666666664
Garissa,2015-09-01,,50.0,,50.0,1,1,50.0,54.166666666666664,,,,,50.0,54.166666666666664
Garissa,2015-10-01,,50.0,,50.0,1,1,50.0,51.666666666666664,,,,,50.0,51.666666666666664
Garissa,2015-11-01,,50.0,,50.0,1,1,50.0,50.0,,,,,50.0,50.0
Garissa,2015-12-01,,50.0,,50.0,1,1,50.0,50.0,,,,,50.0,50.0
Garissa,2016-01-01,,50.0,,50.0,1,1,50.0,50.0,,,,,50.0,50.0
Garissa,2016-02-01,,50.0,,50.0,1,1,50.0,50.0,,,,,50.0,50.0
Garissa,2016-03-01,,50.0,,50.0,1,1,50.0,50.0,,,,,50.0,50.0
Garissa,2016-05-01,,51.0,,51.0,1,1,50.333333333333336,50.166666666666664,,,,,50.333333333333336,50.166666666666664
Garissa,2016-06-01,,60.0,,60.0,1,1,53.666666666666664,51.833333333333336,,,,,53.666666666666664,51.833333333333336
Garissa,2016-07-01,,50.0,,50.0,1,1,53.666666666666664,51.833333333333336,,,,,53.666666666666664,51.833333333333336
Garissa,2016-08-01,,50.0,,50.0,1,1,53.333333333333336,51.833333333333336,,,,,53.333333333333336,51.833333333333336
Garissa,2016-09-01,,50.0,,50.0,1,1,50.0,51.833333333333336,,,,,50.0,51.833333333333336
Garissa,2016-10-01,,55.0,,55.0,1,1,51.666666666666664,52.666666666666664,,,,,51.666666666666664,52.666666666666664
Garissa,2016-11-01,,55.0,,55.0,1,1,53.333333333333336,53.333333333333336,,,,,53.333333333333336,53.333333333333336
Garissa,2016-12-01,,55.0,,55.0,1,1,55.0,52.5,,,,,55.0,52.5
Garissa,2017-01-01,,55.0,,55.0,1,1,55.0,53.333333333333336,,,,,55.0,53.333333333333336
Garissa,2017-02-01,,55.0,,55.0,1,1,55.0,54.166666666666664,,,,,55.0,54.166666666666664
Garissa,2017-03-01,,59.0,,59.0,1,1,56.333333333333336,55.666666666666664,,,,,56.333333333333336,55.666666666666664
Garissa,2017-04-01,,60.0,,60.0,1,1,58.0,56.5,,,,,58.0,56.5
Garissa,2017-05-01,,50.0,,50.0,1,1,56.333333333333336,55.666666666666664,,,,,56.333333333333336,55.666666666666664
Garissa,2017-06-01,,60.0,,60.0,1,1,56.666666666666664,56.5,,,,,56.666666666666664,56.5
Garissa,2017-07-01,,60.0,,60.0,1,1,56.666666666666664,57.333333333333336,,,,,56.666666666666664,57.333333333333336
Garissa,2017-08-01,,65.0,,65.0,1,1,61.666666666666664,59.0,,,,,61.666666666666664,59.0
Garissa,2017-09-01,,65.0,,65.0,1,1,63.333333333333336,60.0,,,,,63.333333333333336,60.0
Garissa,2017-10-01,,65.0,,65.0,1,1,65.0,60.833333333333336,,,,,65.0,60.833333333333336
Garissa,2017-11-01,,65.0,,65.0,1,1,65.0,63.333333333333336,,,,,65.0,63.333333333333336
Garissa,2017-12-01,,65.0,,65.0,1,1,65.0,64.16666666666667,,,,,65.0,64.16666666666667
Garissa,2018-01-01,,65.0,,65.0,1,1,65.0,65.0,,,,,65.0,65.0
Garissa,2018-02-01,,65.0,,65.0,1,1,65.0,65.0,,,,,65.0,65.0
Garissa,2018-03-01,,65.0,,65.0,1,1,65.0,65.0,,,,,65.0,65.0
Garissa,2018-04-01,,80.0,,80.0,1,1,70.0,67.5,,,,,70.0,67.5
Garissa,2018-05-01,,60.0,,60.0,1,1,68.33333333333333,66.66666666666667,,,,,68.33333333333333,66.66666666666667
Garissa,2018-06-01,,60.0,,60.0,1,1,66.66666666666667,65.83333333333333,,,,,66.66666666666667,65.83333333333333
Garissa,2018-07-01,,60.0,,60.0,1,1,60.0,65.0,,,,,60.0,65.0
Garissa,2018-08-01,,60.0,,60.0,1,1,60.0,64.16666666666667,,,,,60.0,64.16666666666667
Garissa,2018-09-01,,60.0,,60.0,1,1,60.0,63.333333333333336,,,,,60.0,63.333333333333336
Garissa,2018-10-01,,60.0,,60.0,1,1,60.0,60.0,,,,,60.0,60.0
Garissa,2018-11-01,,60.0,,60.0,1,1,60.0,60.0,,,,,60.0,60.0
Garissa,2018-12-01,120.0,60.0,120.0,100.0,1,3,60.0,60.0,120.0,120.0,120.0,120.0,73.33333333333333,66.66666666666667
Garissa,2019-01-01,120.0,65.0,120.0,101.66666666666667,1,3,61.666666666666664,60.833333333333336,120.0,120.0,120.0,120.0,87.22222222222223,73.61111111111111
Garissa,2019-02-01,,65.0,,65.0,1,1,63.333333333333336,61.666666666666664,120.0,120.0,120.0,120.0,88.8888888888889,74.44444444444444
Garissa,2019-03-01,,65.0,,65.0,1,1,65.0,62.5,120.0,120.0,120.0,120.0,77.22222222222223,75.27777777777779
Garissa,2019-04-01,,65.0,,65.0,1,1,65.0,63.333333333333336,,120.0,,120.0,65.0,76.11111111111111
Garissa,2019-05-01,,65.0,,65.0,1,1,65.0,64.16666666666667,,120.0,,120.0,65.0,76.94444444444444
Garissa,2019-06-01,,67.0,,67.0,1,1,65.66666666666667,65.33333333333333,,120.0,,120.0,65.66666666666667,71.44444444444444
Garissa,2019-07-01,,68.0,,68.0,1,1,66.66666666666667,65.83333333333333,,,,,66.66666666666667,65.83333333333333
Garissa,2019-08-01,,68.0,,68.0,1,1,67.66666666666667,66.33333333333333,,,,,67.66666666666667,66.33333333333333
Garissa,2019-09-01,,68.0,,68.0,1,1,68.0,66.83333333333333,,,,,68.0,66.83333333333333
Garissa,2019-10-01,,67.0,,67.0,1,1,67.66666666666667,67.16666666666667,,,,,67.66666666666667,67.16666666666667
Garissa,2019-11-01,,68.0,,68.0,1,1,67.66666666666667,67.66666666666667,,,,,67.66666666666667,67.66666666666667
Garissa,2019-12-01,,68.0,,68.0,1,1,67.66666666666667,67.83333333333333,,,,,67.66666666666667,67.83333333333333
Garissa,2020-04-01,,68.0,,68.0,1,1,68.0,67.83333333333333,,,,,68.0,67.83333333333333
Garissa,2020-05-01,,68.0,,68.0,1,1,68.0,67.83333333333333,,,,,68.0,67.83333333333333
Garissa,2020-06-01,,68.0,,68.0,1,1,68.0,67.83333333333333,,,,,68.0,67.83333333333333
Garissa,2020-07-01,,68.0,,68.0,1,1,68.0,68.0,,,,,68.0,68.0
Garissa,2020-08-01,,68.0,,68.0,1,1,68.0,68.0,,,,,68.0,68.0
Garissa,2020-09-01,,70.0,,70.0,1,1,68.66666666666667,68.33333333333333,,,,,68.66666666666667,68.33333333333333
Garissa,2020-10-01,,70.0,,70.0,1,1,69.33333333333333,68.66666666666667,,,,,69.33333333333333,68.66666666666667
Garissa,2020-11-01,,70.0,,70.0,1,1,70.0,69.0,,,,,70.0,69.0
Garissa,2020-12-01,,70.0,,70.0,1,1,70.0,69.33333333333333,,,,,70.0,69.33333333333333
Garissa,2021-01-01,93.08425925925927,39.556666666666665,94.16666666666667,75.60253086419753,1,3,59.852222222222224,64.59277777777778,93.08425925925927,93.08425925925927,94.16666666666667,94.16666666666667,71.86751028806584,70.60042181069959
Garissa,2021-02-01,85.54074074074073,,110.84,98.19037037037037,1,2,54.778333333333336,63.91133333333333,89.3125,89.3125,102.50333333333333,102.50333333333333,81.26430041152264,75.63215020576132
Garissa,2021-03-01,95.64285714285714,58.8475,89.41666666666667,81.30234126984128,1,3,49.202083333333334,61.680833333333325,91.42261904761904,91.42261904761904,98.14111111111112,98.14111111111112,85.03174750146974,77.51587375073485
Garissa,2021-04-01,96.79833333333333,50.189166666666665,89.42166666666667,78.80305555555556,1,3,54.51833333333333,57.718666666666664,92.66064373897706,92.76654761904761,96.55944444444445,95.96125,86.09858906525574,78.9830496766608
Garissa,2021-05-01,92.81933333333333,51.6575,87.96000000000001,77.47894444444445,1,3,53.56472222222222,54.05016666666667,95.08684126984127,92.77710476190477,88.93277777777779,94.361,79.19478042328042,80.22954041740154
Garissa,2021-06-01,97.72583333333333,55.95399999999999,92.48166666666667,82.05383333333333,1,3,52.600222222222214,51.240966666666665,95.78116666666666,93.60189285714286,89.95444444444445,94.04777777777777,79.44527777777778,82.23851263962375
Garissa,2021-07-01,92.5525,54.464,87.87,78.2955,1,3,54.02516666666666,54.222433333333335,94.36588888888889,93.51326631393299,89.43722222222222,92.99833333333333,79.27609259259259,82.68734082892418
Garissa,2021-08-01,97.018,67.38,88.63,84.34266666666666,1,3,59.266,56.41536111111111,95.76544444444444,95.42614285714285,89.66055555555556,89.29666666666667,81.56400000000001,80.37939021164021
Garissa,2021-09-01,96.9587037037037,63.572,88.616,83.0489012345679,1,3,61.80533333333333,57.20277777777778,95.50973456790122,95.64545061728394,88.372,89.16322222222222,81.89568930041152,80.67048353909466
Garissa,2021-10-01,94.68158730158731,56.71,88.8,80.06386243386244,1,3,62.554,58.28958333333333,96.219430335097,95.29265961199296,88.682,89.05961111111111,82.48514344503234,80.88061801881246
Garissa,2021-11-01,94.0592857142857,53.442499999999995,91.87,79.79059523809524,1,3,57.908166666666666,58.58708333333333,95.23319223985891,95.49931834215168,89.762,89.71127777777777,80.96778630217518,81.2658931510876
Garissa,2021-12-01,98.62166666666667,58.462,91.088,82.72388888888888,1,3,56.20483333333333,59.005083333333324,95.78751322751323,95.64862389770724,90.58600000000001,89.479,80.85944885361552,81.37756907701352
Garissa,2022-01-01,96.5,53.875,98.33500000000001,82.90333333333334,1,3,55.259833333333326,58.90691666666666,96.39365079365079,96.3065405643739,93.76433333333334,91.22316666666666,81.80593915343916,82.14554129923575
Garissa,2022-02-01,100.0,54.375,104.58500000000001,86.32000000000001,1,3,55.57066666666666,56.73941666666667,98.37388888888889,96.8035405643739,98.00266666666668,93.88233333333334,83.98240740740741,82.4750968547913
Garissa,2022-03-01,89.75,40.666666666666664,126.25,85.55555555555554,1,3,49.63888888888889,52.92186111111112,95.41666666666667,95.60208994708995,109.72333333333334,100.15466666666667,84.9262962962963,82.8928725749559
Garissa,2022-04-01,97.0,44.666666666666664,131.25,90.97222222222221,1,3,46.56944444444445,50.91463888888888,95.58333333333333,95.98849206349206,120.69500000000001,107.22966666666666,87.61592592592592,84.71093253968253
Garissa,2022-05-01,106.375,52.0,131.6666,96.68053333333334,1,3,45.77777777777778,50.67422222222222,97.70833333333333,98.0411111111111,129.7222,113.86243333333334,91.06943703703705,87.52592222222222
Garissa,2022-06-01,104.0851851851852,62.166666666666664,160.0,108.7506172839506,1,3,52.944444444444436,51.291666666666664,102.48672839506173,98.9516975308642,140.97220000000002,125.34776666666666,98.80112427983539,91.86371028806583
Garissa,2022-07-01,106.25,81.25555555555556,158.12,115.20851851851853,1,3,65.14074074074074,55.8550925925926,105.57006172839506,100.5766975308642,149.92886666666666,135.31193333333334,106.87988971193415,97.24790781893005
Garissa,2022-08-01,114.95833333333334,75.0,171.6666,120.54164444444444,1,3,72.80740740740741,59.2925925925926,108.43117283950619,103.06975308641977,163.2622,146.4922,114.83359341563785,102.95151522633745
Garissa,2022-09-01,120.25,85.0,176.6666,127.30553333333334,1,3,80.41851851851851,66.68148148148147,113.81944444444446,108.1530864197531,168.81773333333334,154.89496666666665,121.01856543209878,109.90984485596708
Garissa,2022-10-01,173.4,73.8,181.6,142.9333333333333,1,3,77.93333333333334,71.53703703703704,136.20277777777778,120.88641975308643,176.6444,163.28663333333333,130.26017037037036,118.57003004115226
Garissa,2022-11-01,157.5,76.25555555555556,152.5,128.75185185185185,1,3,78.35185185185186,75.57962962962964,150.38333333333333,129.40725308641976,170.25553333333332,166.75886666666665,132.99690617283952,123.91524979423868
Garissa,2022-12-01,185.0,,,185.0,1,1,75.02777777777777,78.26222222222222,171.96666666666667,142.89305555555555,167.04999999999998,168.11064,152.22839506172838,136.6234802469136
Garissa,2023-01-01,131.26333333333332,62.9,129.2475,107.80361111111112,1,3,69.57777777777778,74.5911111111111,157.92111111111112,147.06194444444444,140.87375,162.33614,140.51848765432098,135.38932901234568
Garissa,2023-02-01,152.42000000000002,64.73333333333333,129.41,115.52111111111113,1,3,63.81666666666666,72.53777777777778,156.2277777777778,153.30555555555557,129.32875,153.88482,136.10824074074074,134.55257345679013
Garissa,2023-03-01,158.6511111111111,67.18111111111111,124.5175,116.78324074074074,1,3,64.93814814814814,68.974,147.4448148148148,159.70574074074074,127.72500000000001,143.45499999999998,113.36932098765432,132.79885802469136
Garissa,2023-04-01,168.14600000000002,64.72666666666667,131.1975,121.35672222222223,1,3,65.54703703703704,67.15933333333334,159.73903703703704,158.83007407407408,128.375,133.37449999999998,117.88702469135802,129.2027561728395
Garissa,2023-05-01,173.36,61.78333333333333,133.51,122.88444444444444,1,3,64.56370370370371,64.26488888888889,166.71903703703705,161.47340740740742,129.74166666666667,129.57649999999998,120.34146913580247,128.2248549382716
Garissa,2023-06-01,181.0666666666667,63.54,114.15333333333335,119.58666666666669,1,3,63.35,64.14407407407407,174.1908888888889,160.81785185185186,126.28694444444444,127.00597222222223,121.27594444444446,117.32263271604938
Garissa,2023-07-01,179.18333333333334,68.92416666666666,128.395,125.50083333333335,1,3,64.74916666666667,65.14810185185185,177.87,168.80451851851853,125.3527777777778,126.86388888888888,122.65731481481482,120.27216975308643
Garissa,2023-08-01,173.04333333333332,95.82333333333334,110.005,126.29055555555556,1,3,76.09583333333333,70.32976851851852,177.76444444444442,172.24174074074074,117.5177777777778,123.62972222222221,123.79268518518519,122.06707716049384
Garissa,2023-09-01,160.33333333333334,69.78999999999999,117.47333333333334,115.86555555555556,1,3,78.17916666666666,70.76458333333333,170.85333333333332,172.52211111111114,118.62444444444446,122.45569444444443,122.5523148148148,121.91412962962964
Garissa,2023-10-01,161.23333333333335,72.78074074074074,119.295,117.7696913580247,1,3,79.4646913580247,72.10692901234567,164.87,171.37,115.59111111111115,120.47194444444443,119.97526748971194,121.31629115226337
Garissa,2023-11-01,198.26666666666665,84.31,141.17666666666665,141.2511111111111,1,3,75.62691358024692,75.86137345679012,173.2777777777778,175.52111111111108,125.98166666666668,121.74972222222225,124.96211934156379,124.3774022633745
Garissa,2023-12-01,186.29,95.96142857142857,161.62,147.95714285714286,1,3,84.35072310405643,81.26494488536156,181.92999999999998,176.39166666666668,140.69722222222222,129.66083333333333,135.65931510875956,129.1058149617872
Garissa,2024-01-01,150.32000000000002,76.96,125.23666666666666,117.50555555555557,1,3,85.7438095238095,82.60425044091711,178.29222222222222,171.5811111111111,142.6777777777778,129.13444444444443,135.57126984126984,127.77326866549089
Garissa,2024-02-01,144.71,71.5,126.86,114.35666666666667,1,3,81.47380952380952,78.55036155202822,160.44,166.8588888888889,137.90555555555557,131.9436111111111,126.60645502645502,125.78428718400941
Garissa,2024-03-01,155.70499999999998,82.345,145.489,127.84633333333333,1,3,76.93499999999999,80.64286155202821,150.245,166.0875,132.52855555555558,136.61288888888888,119.90285185185185,127.78108348030571
Garissa,2024-04-01,144.81666666666666,64.03999999999999,129.82666666666668,112.89444444444445,1,3,72.62833333333332,79.18607142857142,148.41055555555553,163.3513888888889,134.05855555555559,138.36816666666667,118.36581481481481,126.96854232804235
Garissa,2024-05-01,142.78,67.08500000000001,122.01666666666667,110.62722222222222,1,3,71.15666666666667,76.31523809523809,147.76722222222222,154.10361111111112,132.44411111111114,135.17483333333334,117.12266666666666,121.86456084656083
Garissa,2024-06-01,157.00555555555556,84.27555555555556,136.068,125.78303703703705,1,3,71.80018518518519,74.36759259259259,148.20074074074074,149.22287037037037,129.3037777777778,130.91616666666667,116.4349012345679,118.16887654320988
Garissa,2024-07-01,137.04333333333332,67.105,113.67666666666666,105.94166666666666,1,3,72.82185185185185,72.72509259259259,145.6096296296296,147.0100925925926,123.92044444444447,128.9895,114.1173086419753,116.24156172839507
Garissa,2024-08-01,131.79999999999998,77.99,110.28333333333335,106.69111111111111,1,3,76.45685185185185,73.80675925925925,141.94962962962964,144.8584259259259,120.00933333333334,126.22672222222224,112.80527160493828,114.96396913580247
Garissa,2024-09-01,145.612,73.33333333333333,122.74600000000001,113.8971111111111,1,3,72.80944444444444,72.30481481481482,138.15177777777777,143.17625925925927,115.56866666666669,122.43622222222223,108.84329629629629,112.6390987654321
Garissa,2024-10-01,125.52666666666666,70.97,106.33999999999999,100.94555555555554,1,3,74.09777777777778,73.4598148148148,134.3128888888889,139.96125925925926,113.12311111111113,118.52177777777779,107.17792592592592,110.6476172839506
Garissa,2024-11-01,122.95666666666666,65.0,107.45666666666666,98.4711111111111,1,3,69.76777777777777,73.11231481481481,131.3651111111111,136.65737037037036,112.1808888888889,116.09511111111111,104.43792592592591,108.6215987654321
Garissa,2024-12-01,123.63333333333333,70.0,118.24875,103.96069444444443,1,3,68.65666666666665,70.73305555555555,124.03888888888889,131.09533333333331,110.68180555555557,113.12523611111112,101.12578703703703,104.98454166666666
Garissa,2025-01-01,118.96999999999998,65.0,111.58,98.51666666666665,1,3,66.66666666666667,70.38222222222221,121.85333333333334,128.0831111111111,112.42847222222224,112.77579166666668,100.3161574074074,103.74704166666665
Garissa,2025-02-01,121.77333333333333,65.15,115.83666666666666,100.92,1,3,66.71666666666667,68.24222222222222,121.4588888888889,126.41199999999999,115.22180555555558,113.70134722222222,101.13245370370369,102.78518981481479
Garissa,2025-03-01,120.09333333333332,75.685,115.56857142857143,103.78230158730157,1,3,68.61166666666666,68.63416666666667,120.27888888888889,122.15888888888888,114.32841269841272,112.50510912698412,101.0729894179894,101.09938822751322
Garissa,2025-04-01,123.33,,113.33,118.33,1,2,70.41749999999999,68.167,121.73222222222222,121.79277777777776,114.91174603174606,113.67010912698412,107.67743386243386,103.99679563492062
Garissa,2025-05-01,132.73,65.0,117.77333333333333,105.16777777777777,1,3,70.3425,68.167,125.38444444444444,123.42166666666667,115.5573015873016,115.38955357142856,109.09335978835979,105.11290674603174
Garissa,2025-06-01,133.546,65.8,117.04833333333333,105.46477777777778,1,3,65.39999999999999,67.327,129.86866666666666,125.07377777777776,116.05055555555556,115.18948412698414,109.6541851851852,105.36358730158729
Garissa,2025-07-01,133.58,70.0,112.92666666666666,105.50222222222222,1,3,66.93333333333332,68.327,133.28533333333334,127.50877777777777,115.91611111111114,115.41392857142857,105.37825925925927,106.52784656084656
Garissa,2025-08-01,122.795,70.0,112.0,101.59833333333334,1,3,68.6,69.297,129.97366666666667,127.67905555555556,113.99166666666667,114.77448412698412,104.18844444444444,106.64090211640212
Garissa,2025-09-01,113.082,65.0,108.25333333333333,95.4451111111111,1,3,68.33333333333333,67.16,123.15233333333333,126.5105,111.06000000000002,113.55527777777776,100.84855555555555,105.25137037037035
Garissa,2025-10-01,115.98666666666666,68.73,108.47000000000001,97.72888888888889,1,3,67.91000000000001,67.42166666666667,117.28788888888887,125.2866111111111,109.57444444444447,112.74527777777779,98.25744444444445,101.81785185185186
Garissa,2025-11-01,114.02666666666666,58.900000000000006,110.73666666666668,94.55444444444446,1,3,64.21,66.405,114.3651111111111,122.16938888888889,109.15333333333336,111.57249999999999,95.90948148148148,100.04896296296296
Garissa,2025-12-01,114.1075,67.0,108.02333333333333,96.37694444444445,1,3,64.87666666666667,66.605,114.70694444444443,118.9296388888889,109.0766666666667,110.06833333333333,96.22009259259261,98.53432407407409
Garissa,2026-01-01,115.87,63.23,109.44,96.17999999999999,1,3,63.04333333333333,65.47666666666666,114.66805555555555,115.97797222222222,109.40000000000002,109.48722222222223,95.70379629629629,96.98062037037037
Garissa,2026-02-01,118.25999999999999,65.325,110.34666666666665,97.97722222222221,1,3,65.18499999999999,64.6975,116.07916666666667,115.22213888888888,109.27,109.21166666666666,96.84472222222222,96.37710185185183
Garissa,2026-03-01,124.32333333333334,61.7,114.06333333333333,100.0288888888889,1,3,63.41833333333333,64.14750000000001,119.48444444444443,117.09569444444445,111.28333333333335,110.18,98.06203703703703,97.14106481481481
Garissa,2026-04-01,125.83333333333333,62.5,113.05666666666667,100.46333333333332,1,3,63.17499999999999,63.109166666666674,122.80555555555554,118.73680555555556,112.4888888888889,110.94444444444444,99.4898148148148,97.59680555555555
Isiolo,2021-02-01,102.5,42.5,117.5,87.5,1,3,42.5,42.5,102.5,102.5,117.5,117.5,87.5,87.5
Isiolo,2021-03-01,132.5,55.0,92.5,93.33333333333333,1,3,48.75,48.75,117.5,117.5,105.0,105.0,90.41666666666666,90.41666666666666
Isiolo,2021-07-01,100.0,60.0,115.0,91.66666666666667,1,3,52.5,52.5,111.66666666666667,111.66666666666667,108.33333333333333,108.33333333333333,90.83333333333333,90.83333333333333
Isiolo,2021-08-01,115.56,64.44,127.22,102.40666666666668,1,3,59.81333333333333,55.485,116.02,112.64,111.57333333333334,113.055,95.80222222222223,93.72666666666667
Isiolo,2021-09-01,123.33,66.67,133.33,107.77666666666669,1,3,63.70333333333334,57.722,112.96333333333332,114.77799999999999,125.18333333333334,117.10999999999999,100.61666666666667,96.53666666666668
Isiolo,2021-11-01,120.0,70.0,113.33,101.11,1,3,67.03666666666668,59.76833333333334,119.63,115.64833333333333,124.62666666666667,116.48,103.76444444444445,97.2988888888889
Isiolo,2023-12-01,161.0,83.75,135.6,126.78333333333335,1,3,73.47333333333334,66.64333333333333,134.77666666666667,125.39833333333333,127.42,119.49666666666667,111.89,103.84611111111111
Isiolo,2024-03-01,162.6,65.0,141.8,123.13333333333333,1,3,72.91666666666667,68.31,147.86666666666667,130.415,130.24333333333334,127.71333333333332,117.00888888888888,108.81277777777778
Isiolo,2024-06-01,154.0,76.66666666666667,128.2,119.62222222222222,1,3,75.13888888888889,71.08777777777777,159.20000000000002,139.415,135.20000000000002,129.91333333333333,123.17962962962963,113.47203703703705
Isiolo,2024-09-01,127.66666666666667,63.25,125.07142857142857,105.32936507936508,1,3,68.30555555555556,70.88944444444445,148.08888888888887,141.43277777777777,131.69047619047618,129.55523809523808,116.02830687830688,113.95915343915345
Isiolo,2024-12-01,,,129.0,129.0,1,1,69.95833333333334,71.73333333333333,140.83333333333331,145.05333333333334,127.42380952380951,128.83357142857142,117.98386243386244,117.49637566137567
Isiolo,2025-06-01,136.0,116.0,124.0,125.33333333333333,1,3,89.625,80.93333333333332,131.83333333333331,148.25333333333333,126.02380952380952,130.61190476190475,119.88756613756614,121.53359788359786
Isiolo,2025-12-01,88.0,82.5,121.0,97.16666666666667,1,3,99.25,80.68333333333332,111.99999999999999,133.65333333333334,124.66666666666667,128.17857142857142,117.16666666666667,116.59748677248677
Kajiado,2015-01-01,87.3,41.1,,64.2,1,2,41.1,41.1,87.3,87.3,,,64.2,64.2
Kajiado,2015-02-01,81.9,40.2,,61.050000000000004,1,2,40.650000000000006,40.650000000000006,84.6,84.6,,,62.625,62.625
Kajiado,2015-03-01,82.2,41.5,,61.85,1,2,40.93333333333334,40.93333333333334,83.8,83.8,,,62.366666666666674,62.366666666666674
Kajiado,2015-04-01,85.0,41.0,,63.0,1,2,40.900000000000006,40.95,83.03333333333335,84.1,,,61.96666666666667,62.525000000000006
Kajiado,2015-05-01,90.0,44.0,,67.0,1,2,42.166666666666664,41.56,85.73333333333333,85.28,,,63.949999999999996,63.42
Kajiado,2015-06-01,95.0,50.0,,72.5,1,2,45.0,42.96666666666667,90.0,86.89999999999999,,,67.5,64.93333333333334
Kajiado,2015-07-01,96.0,50.0,,73.0,1,2,48.0,44.449999999999996,93.66666666666667,88.35000000000001,,,70.83333333333333,66.4
Kajiado,2015-08-01,91.0,46.0,,68.5,1,2,48.666666666666664,45.416666666666664,94.0,89.86666666666667,,,71.33333333333333,67.64166666666667
Kajiado,2015-09-01,94.0,48.0,,71.0,1,2,48.0,46.5,93.66666666666667,91.83333333333333,,,70.83333333333333,69.16666666666667
Kajiado,2015-10-01,96.0,50.0,,73.0,1,2,48.0,48.0,93.66666666666667,93.66666666666667,,,70.83333333333333,70.83333333333333
Kajiado,2015-11-01,96.67,51.25,,73.96000000000001,1,2,49.75,49.208333333333336,95.55666666666667,94.77833333333332,,,72.65333333333334,71.99333333333333
Kajiado,2015-12-01,91.07,48.33,,69.69999999999999,1,2,49.85999999999999,48.93,94.58,94.12333333333333,,,72.22,71.52666666666666
Kajiado,2016-01-01,73.0,48.0,,60.5,1,2,49.19333333333333,48.596666666666664,86.91333333333334,90.29,,,68.05333333333333,69.44333333333333
Kajiado,2016-02-01,73.0,47.5,,60.25,1,2,47.94333333333333,48.846666666666664,79.02333333333333,87.29,,,63.48333333333333,68.06833333333333
Kajiado,2016-03-01,79.17,48.33,,63.75,1,2,47.943333333333335,48.901666666666664,75.05666666666666,84.81833333333333,,,61.5,66.86
Kajiado,2016-05-01,83.0,47.0,,65.0,1,2,47.61000000000001,48.401666666666664,78.39,82.65166666666666,,,63.0,65.52666666666666
Kajiado,2016-06-01,80.0,45.0,,62.5,1,2,46.77666666666667,47.35999999999999,80.72333333333334,79.87333333333333,,,63.75,63.61666666666667
Kajiado,2016-07-01,80.0,44.0,,62.0,1,2,45.333333333333336,46.63833333333333,81.0,78.02833333333334,,,63.166666666666664,62.333333333333336
Kajiado,2016-08-01,83.0,44.0,,63.5,1,2,44.333333333333336,45.971666666666664,81.0,79.69500000000001,,,62.666666666666664,62.833333333333336
Kajiado,2016-09-01,87.0,43.0,,65.0,1,2,43.666666666666664,45.221666666666664,83.33333333333333,82.02833333333334,,,63.5,63.625
Kajiado,2016-10-01,92.0,46.0,,69.0,1,2,44.333333333333336,44.833333333333336,87.33333333333333,84.16666666666667,,,65.83333333333333,64.5
Kajiado,2016-11-01,94.0,48.0,,71.0,1,2,45.666666666666664,45.0,91.0,86.0,,,68.33333333333333,65.5
Kajiado,2016-12-01,94.0,48.0,,71.0,1,2,47.333333333333336,45.5,93.33333333333333,88.33333333333333,,,70.33333333333333,66.91666666666667
Kajiado,2017-01-01,91.0,48.0,,69.5,1,2,48.0,46.166666666666664,93.0,90.16666666666667,,,70.5,68.16666666666667
Kajiado,2017-02-01,97.0,52.0,,74.5,1,2,49.333333333333336,47.5,94.0,92.5,,,71.66666666666667,70.0
Kajiado,2017-03-01,91.1,54.4,,72.75,1,2,51.46666666666666,49.4,93.03333333333335,93.18333333333334,,,72.25,71.29166666666667
Kajiado,2017-04-01,130.0,65.0,,97.5,1,2,57.133333333333326,52.56666666666666,106.03333333333335,99.51666666666667,,,81.58333333333333,76.04166666666667
Kajiado,2017-05-01,120.0,65.0,,92.5,1,2,61.46666666666666,55.4,113.7,103.85000000000001,,,87.58333333333333,79.625
Kajiado,2017-06-01,125.0,65.0,,95.0,1,2,65.0,58.23333333333333,125.0,109.01666666666667,,,95.0,83.625
Kajiado,2017-07-01,120.0,65.0,,92.5,1,2,65.0,61.06666666666666,121.66666666666667,113.85000000000001,,,93.33333333333333,87.45833333333333
Kajiado,2017-08-01,130.0,68.0,,99.0,1,2,66.0,63.73333333333333,125.0,119.35000000000001,,,95.5,91.54166666666667
Kajiado,2017-09-01,135.0,70.0,,102.5,1,2,67.66666666666667,66.33333333333333,128.33333333333334,126.66666666666667,,,98.0,96.5
Kajiado,2017-10-01,139.0,73.0,,106.0,1,2,70.33333333333333,67.66666666666667,134.66666666666666,128.16666666666666,,,102.5,97.91666666666667
Kajiado,2017-11-01,140.0,75.0,,107.5,1,2,72.66666666666667,69.33333333333333,138.0,131.5,,,105.33333333333333,100.41666666666667
Kajiado,2017-12-01,120.0,60.0,,90.0,1,2,69.33333333333333,68.5,133.0,130.66666666666666,,,101.16666666666667,99.58333333333333
Kajiado,2018-01-01,119.0,60.0,,89.5,1,2,65.0,67.66666666666667,126.33333333333333,130.5,,,95.66666666666667,99.08333333333333
Kajiado,2018-02-01,100.0,60.0,,80.0,1,2,60.0,66.33333333333333,113.0,125.5,,,86.5,95.91666666666667
Kajiado,2018-03-01,95.0,55.0,,75.0,1,2,58.333333333333336,63.833333333333336,104.66666666666667,118.83333333333333,,,81.5,91.33333333333333
Kajiado,2018-04-01,100.0,50.0,,75.0,1,2,55.0,60.0,98.33333333333333,112.33333333333333,,,76.66666666666667,86.16666666666667
Kajiado,2018-05-01,80.0,45.0,,62.5,1,2,50.0,55.0,91.66666666666667,102.33333333333333,,,70.83333333333333,78.66666666666667
Kajiado,2018-06-01,80.0,45.0,,62.5,1,2,46.666666666666664,52.5,86.66666666666667,95.66666666666667,,,66.66666666666667,74.08333333333333
Kajiado,2018-07-01,77.0,43.0,,60.0,1,2,44.333333333333336,49.666666666666664,79.0,88.66666666666667,,,61.666666666666664,69.16666666666667
Kajiado,2018-08-01,72.0,40.0,,56.0,1,2,42.666666666666664,46.333333333333336,76.33333333333333,84.0,,,59.5,65.16666666666667
Kajiado,2018-09-01,71.0,40.0,,55.5,1,2,41.0,43.833333333333336,73.33333333333333,80.0,,,57.166666666666664,61.916666666666664
Kajiado,2018-10-01,75.0,45.0,,60.0,1,2,41.666666666666664,43.0,72.66666666666667,75.83333333333333,,,57.166666666666664,59.416666666666664
Kajiado,2018-11-01,78.0,45.0,,61.5,1,2,43.333333333333336,43.0,74.66666666666667,75.5,,,59.0,59.25
Kajiado,2018-12-01,84.0,48.0,,66.0,1,2,46.0,43.5,79.0,76.16666666666667,,,62.5,59.833333333333336
Kajiado,2019-01-01,91.0,43.0,,67.0,1,2,45.333333333333336,43.5,84.33333333333333,78.5,,,64.83333333333333,61.0
Kajiado,2019-02-01,92.0,45.0,,68.5,1,2,45.333333333333336,44.333333333333336,89.0,81.83333333333333,,,67.16666666666667,63.083333333333336
Kajiado,2019-03-01,90.0,49.0,,69.5,1,2,45.666666666666664,45.833333333333336,91.0,85.0,,,68.33333333333333,65.41666666666667
Kajiado,2019-04-01,104.0,52.0,,78.0,1,2,48.666666666666664,47.0,95.33333333333333,89.83333333333333,,,72.0,68.41666666666667
Kajiado,2019-05-01,103.0,54.0,,78.5,1,2,51.666666666666664,48.5,99.0,94.0,,,75.33333333333333,71.25
Kajiado,2019-06-01,94.0,52.0,,73.0,1,2,52.666666666666664,49.166666666666664,100.33333333333333,95.66666666666667,,,76.5,72.41666666666667
Kajiado,2019-07-01,99.4,54.0,,76.7,1,2,53.333333333333336,51.0,98.8,97.06666666666666,,,76.06666666666666,74.03333333333335
Kajiado,2019-08-01,100.2,60.8,,80.5,1,2,55.6,53.63333333333333,97.86666666666667,98.43333333333334,,,76.73333333333333,76.03333333333335
Kajiado,2019-09-01,105.6,55.4,,80.5,1,2,56.73333333333333,54.699999999999996,101.73333333333333,101.03333333333332,,,79.23333333333333,77.86666666666667
Kajiado,2019-10-01,92.0,49.0,,70.5,1,2,55.06666666666666,54.199999999999996,99.26666666666667,99.03333333333332,,,77.16666666666667,76.61666666666667
Kajiado,2019-11-01,88.0,45.0,,66.5,1,2,49.800000000000004,52.699999999999996,95.2,96.53333333333332,,,72.5,74.61666666666667
Kajiado,2019-12-01,105.0,46.0,,75.5,1,2,46.666666666666664,51.699999999999996,95.0,98.36666666666666,,,70.83333333333333,75.03333333333335
Kajiado,2020-01-01,91.0,53.0,,72.0,1,2,48.0,51.53333333333333,94.66666666666667,96.96666666666665,,,71.33333333333333,74.25
Kajiado,2020-02-01,93.0,50.0,,71.5,1,2,49.666666666666664,49.73333333333333,96.33333333333333,95.76666666666667,,,73.0,72.75
Kajiado,2020-03-01,100.0,47.0,,73.5,1,2,50.0,48.333333333333336,94.66666666666667,94.83333333333333,,,72.33333333333333,71.58333333333333
Kajiado,2020-04-01,105.0,54.0,,79.5,1,2,50.333333333333336,49.166666666666664,99.33333333333333,97.0,,,74.83333333333333,73.08333333333333
Kajiado,2020-05-01,104.0,53.0,,78.5,1,2,51.333333333333336,50.5,103.0,99.66666666666667,,,77.16666666666667,75.08333333333333
Kajiado,2020-06-01,107.0,54.0,,80.5,1,2,53.666666666666664,51.833333333333336,105.33333333333333,100.0,,,79.5,75.91666666666667
Kajiado,2020-07-01,100.0,50.0,,75.0,1,2,52.333333333333336,51.333333333333336,103.66666666666667,101.5,,,78.0,76.41666666666667
Kajiado,2020-09-01,101.0,53.0,,77.0,1,2,52.333333333333336,51.833333333333336,102.66666666666667,102.83333333333333,,,77.5,77.33333333333333
Kajiado,2020-10-01,102.0,55.0,,78.5,1,2,52.666666666666664,53.166666666666664,101.0,103.16666666666667,,,76.83333333333333,78.16666666666667
Kajiado,2020-11-01,100.0,53.0,,76.5,1,2,53.666666666666664,53.0,101.0,102.33333333333333,,,77.33333333333333,77.66666666666667
Kajiado,2020-12-01,102.0,55.0,,78.5,1,2,54.333333333333336,53.333333333333336,101.33333333333333,102.0,,,77.83333333333333,77.66666666666667
Kajiado,2021-01-01,81.775,46.25,117.5,81.84166666666667,1,3,51.416666666666664,52.041666666666664,94.59166666666665,97.79583333333333,117.5,117.5,78.94722222222224,77.89027777777777
Kajiado,2021-02-01,88.68571428571428,35.0,132.5,85.3952380952381,1,3,45.416666666666664,49.541666666666664,90.8202380952381,95.91011904761905,125.0,125.0,81.9123015873016,79.62281746031746
Kajiado,2021-03-01,84.8,35.0,130.0,83.26666666666667,1,3,38.75,46.541666666666664,85.08690476190476,93.21011904761905,126.66666666666667,126.66666666666667,83.50119047619047,80.6672619047619
Kajiado,2021-04-01,85.39047619047619,33.75555555555555,130.0,83.04867724867725,1,3,34.58518518518518,43.00092592592592,86.29206349206349,90.44186507936507,130.83333333333334,127.5,83.90352733686068,81.42537477954144
Kajiado,2021-05-01,87.3047619047619,33.3,130.0,83.53492063492064,1,3,34.01851851851852,39.71759259259259,85.83174603174604,88.32599206349205,130.0,128.0,83.28342151675486,82.59786155202822
Kajiado,2021-06-01,55.454166666666666,19.455555555555556,130.0,68.30324074074075,1,3,28.83703703703703,33.79351851851852,76.04980158730159,80.56835317460317,130.0,128.33333333333334,78.29561287477955,80.898401675485
Kajiado,2021-07-01,95.23333333333333,35.96666666666667,130.0,87.06666666666666,1,3,29.574074074074076,32.07962962962963,79.33075396825397,82.81140873015873,130.0,130.41666666666666,79.63494268077602,81.76923500881834
Kajiado,2021-08-01,87.8,36.7,102.5,75.66666666666667,1,3,30.707407407407413,32.36296296296296,79.49583333333334,82.66378968253967,120.83333333333333,125.41666666666667,77.01219135802471,80.14780643738978
Kajiado,2021-09-01,94.00222222222223,35.87777777777778,130.0,86.62666666666667,1,3,36.181481481481484,32.50925925925926,92.34518518518519,84.19749338624338,120.83333333333333,125.41666666666667,83.12,80.70780643738978
Kajiado,2021-10-01,94.44,37.25555555555555,130.0,87.23185185185184,1,3,36.611111111111114,33.092592592592595,92.08074074074074,85.70574735449735,120.83333333333333,125.41666666666667,83.17506172839506,81.40500220458553
Kajiado,2021-11-01,90.72,31.95,138.3334,87.00113333333333,1,3,35.02777777777778,32.867592592592594,93.05407407407408,86.2749537037037,132.77779999999998,126.80556666666666,86.95321728395061,81.98270432098765
Kajiado,2021-12-01,83.0,31.92222222222222,133.76,82.89407407407407,1,3,33.709259259259255,34.94537037037037,89.38666666666667,90.86592592592592,134.03113333333332,127.43223333333333,85.70901975308641,84.4145098765432
Kajiado,2022-01-01,85.18333333333334,33.3,130.0,82.82777777777778,1,3,32.39074074074074,34.50092592592593,86.30111111111113,89.19092592592592,134.03113333333332,127.43223333333333,84.24099506172838,83.70802839506173
Kajiado,2022-02-01,88.54166666666667,35.275,140.0,87.93888888888888,1,3,33.499074074074066,34.26342592592592,85.575,89.31453703703704,134.58666666666667,133.68223333333333,84.55358024691357,85.7533987654321
Kajiado,2022-03-01,81.66666666666667,36.333333333333336,140.0,86.0,1,3,34.96944444444444,34.33935185185185,85.13055555555555,87.25861111111111,136.66666666666666,135.3489,85.58888888888889,85.64895432098764
Kajiado,2022-04-01,84.575,40.0,137.5,87.35833333333333,1,3,37.202777777777776,34.79675925925926,84.92777777777778,85.61444444444446,139.16666666666666,136.5989,87.09907407407407,85.67003456790123
Kajiado,2022-05-01,94.44166666666666,47.525,150.0,97.32222222222224,1,3,41.28611111111112,37.39259259259259,86.89444444444445,86.23472222222222,142.5,138.54333333333332,90.22685185185186,87.39021604938272
Kajiado,2022-06-01,96.95555555555556,51.75555555555555,151.66,100.1237037037037,1,3,46.42685185185186,40.69814814814815,91.99074074074075,88.56064814814816,146.38666666666668,141.52666666666667,94.93475308641978,90.26182098765433
Kajiado,2022-07-01,109.61111111111111,69.72222222222223,182.5,120.61111111111113,1,3,56.33425925925926,46.76851851851851,100.33611111111111,92.63194444444446,161.38666666666666,150.27666666666667,106.01901234567902,96.55904320987655
Kajiado,2022-08-01,116.53438888888888,62.22,181.5,120.0847962962963,1,3,61.232592592592596,51.259351851851854,107.70035185185185,97.29739814814815,171.88666666666666,157.19333333333336,113.60653703703703,101.91669444444445
Kajiado,2022-09-01,120.35,60.825,188.75,123.30833333333334,1,3,64.25574074074075,55.3412962962963,115.49849999999999,103.74462037037036,184.25,165.31833333333336,121.33474691358026,108.13475000000001
Kajiado,2022-10-01,142.58499999999998,62.75,191.25,132.195,1,3,61.93166666666667,59.13296296296297,126.48979629629629,113.41295370370369,187.16666666666666,174.27666666666667,125.19604320987655,115.60752777777778
Kajiado,2022-11-01,132.5361111111111,63.022222222222226,195.0,130.1861111111111,1,3,62.199074074074076,61.71583333333333,131.8237037037037,119.76202777777776,191.66666666666666,181.77666666666667,128.56314814814814,121.08484259259261
Kajiado,2022-12-01,135.86111111111111,63.43333333333333,190.0,129.76481481481483,1,3,63.068518518518516,63.662129629629625,136.99407407407406,126.24628703703705,192.08333333333334,188.16666666666666,130.7153086419753,126.02502777777778
Kajiado,2023-01-01,137.13333333333333,61.81111111111111,180.0,126.31481481481482,1,3,62.75555555555555,62.34361111111111,135.17685185185186,130.83332407407406,188.33333333333334,187.75,128.75524691358024,126.9756450617284
Kajiado,2023-02-01,132.49583333333334,58.9,180.0,123.79861111111113,1,3,61.38148148148148,61.79027777777778,135.16342592592594,133.4935648148148,183.33333333333334,187.5,126.62608024691359,127.59461419753086
Kajiado,2023-03-01,151.1259259259259,66.7,180.0,132.60864197530864,1,3,62.47037037037037,62.769444444444446,140.25169753086422,138.62288580246914,180.0,186.04166666666666,127.57402263374486,129.14466563786007
Kajiado,2023-04-01,150.73333333333332,66.7,180.0,132.4777777777778,1,3,64.10000000000001,63.42777777777778,144.78503086419752,139.9809413580247,180.0,184.16666666666666,129.62834362139918,129.1917952674897
Kajiado,2023-05-01,154.06666666666666,68.15,179.1666,133.7944222222222,1,3,67.18333333333334,64.2824074074074,151.97530864197532,143.56936728395058,179.72220000000002,181.52776666666668,132.96028065843623,129.7931804526749
Kajiado,2023-06-01,157.4,76.7,160.0,131.36666666666667,1,3,70.51666666666667,66.49351851851851,154.06666666666663,147.15918209876543,173.05553333333333,176.52776666666668,132.54628888888888,130.06015576131688
Kajiado,2023-07-01,155.54074074074074,84.12222222222222,166.66,135.440987654321,1,3,76.32407407407408,70.21203703703704,155.66913580246913,150.22708333333333,168.60886666666667,174.30443333333332,133.5340255144033,131.58118456790123
Kilifi,2015-01-01,83.1,33.9,,58.5,1,2,33.9,33.9,83.1,83.1,,,58.5,58.5
Kilifi,2015-02-01,87.4,,,87.4,1,1,33.9,33.9,85.25,85.25,,,72.95,72.95
Kilifi,2015-03-01,86.1,,,86.1,1,1,33.9,33.9,85.53333333333335,85.53333333333335,,,77.33333333333333,77.33333333333333
Kilifi,2015-04-01,88.9,,,88.9,1,1,,33.9,87.46666666666665,86.375,,,87.46666666666665,80.225
Kilifi,2015-05-01,93.0,36.0,,64.5,1,2,36.0,34.95,89.33333333333333,87.7,,,79.83333333333333,77.08
Kilifi,2015-06-01,95.0,36.0,,65.5,1,2,36.0,35.300000000000004,92.3,88.91666666666667,,,72.96666666666667,75.14999999999999
Kilifi,2015-07-01,96.0,34.0,,65.0,1,2,35.333333333333336,35.333333333333336,94.66666666666667,91.06666666666666,,,65.0,76.23333333333333
Kilifi,2015-08-01,96.0,35.0,,65.5,1,2,35.0,35.25,95.66666666666667,92.5,,,65.33333333333333,72.58333333333333
Kilifi,2015-09-01,91.0,35.0,,63.0,1,2,34.666666666666664,35.2,94.33333333333333,93.31666666666666,,,64.5,68.73333333333333
Kilifi,2015-10-01,87.0,38.0,,62.5,1,2,36.0,35.666666666666664,91.33333333333333,93.0,,,63.666666666666664,64.33333333333333
Kilifi,2015-11-01,88.0,37.0,,62.5,1,2,36.666666666666664,35.833333333333336,88.66666666666667,92.16666666666667,,,62.666666666666664,64.0
Kilifi,2015-12-01,88.0,37.0,,62.5,1,2,37.333333333333336,36.0,87.66666666666667,91.0,,,62.5,63.5
Kilifi,2016-01-01,90.0,38.0,,64.0,1,2,37.333333333333336,36.666666666666664,88.66666666666667,90.0,,,63.0,63.333333333333336
Kilifi,2016-02-01,87.0,,,87.0,1,1,37.5,37.0,88.33333333333333,88.5,,,71.16666666666667,66.91666666666667
Kilifi,2016-03-01,84.0,39.0,,61.5,1,2,38.5,37.8,87.0,87.33333333333333,,,70.83333333333333,66.66666666666667
Kilifi,2016-05-01,86.0,38.0,,62.0,1,2,38.5,37.8,85.66666666666667,87.16666666666667,,,70.16666666666667,66.58333333333333
Kilifi,2016-06-01,83.0,44.0,,63.5,1,2,40.333333333333336,39.2,84.33333333333333,86.33333333333333,,,62.333333333333336,66.75
Kilifi,2016-07-01,89.0,40.0,,64.5,1,2,40.666666666666664,39.8,86.0,86.5,,,63.333333333333336,67.08333333333333
Kilifi,2016-08-01,88.0,39.0,,63.5,1,2,41.0,40.0,86.66666666666667,86.16666666666667,,,63.833333333333336,67.0
Kilifi,2016-09-01,88.0,42.0,,65.0,1,2,40.333333333333336,40.333333333333336,88.33333333333333,86.33333333333333,,,64.33333333333333,63.333333333333336
Kilifi,2016-10-01,92.0,42.0,,67.0,1,2,41.0,40.833333333333336,89.33333333333333,87.66666666666667,,,65.16666666666667,64.25
Kilifi,2016-11-01,92.0,42.0,,67.0,1,2,42.0,41.5,90.66666666666667,88.66666666666667,,,66.33333333333333,65.08333333333333
Kilifi,2016-12-01,96.0,43.0,,69.5,1,2,42.333333333333336,41.333333333333336,93.33333333333333,90.83333333333333,,,67.83333333333333,66.08333333333333
Kilifi,2017-01-01,98.0,40.0,,69.0,1,2,41.666666666666664,41.333333333333336,95.33333333333333,92.33333333333333,,,68.5,66.83333333333333
Kilifi,2017-02-01,100.0,,,100.0,1,1,41.5,41.8,98.0,94.33333333333333,,,79.5,72.91666666666667
Kilifi,2017-03-01,120.0,58.0,,89.0,1,2,49.0,45.0,106.0,99.66666666666667,,,86.0,76.91666666666667
Kilifi,2017-04-01,117.3,,,117.3,1,1,58.0,45.75,112.43333333333334,103.88333333333333,,,102.10000000000001,85.3
Kilifi,2017-05-01,124.1,87.9,,106.0,1,2,72.95,57.225,120.46666666666665,109.23333333333333,,,104.10000000000001,91.8
Kilifi,2017-06-01,121.3,57.9,,89.6,1,2,72.9,60.95,120.89999999999999,113.45,,,104.3,95.14999999999999
Kilifi,2017-07-01,125.3,60.6,,92.95,1,2,68.8,66.1,123.56666666666666,118.0,,,96.18333333333332,99.14166666666665
Kilifi,2017-08-01,114.8,47.8,,81.3,1,2,55.43333333333334,62.44,120.46666666666665,120.46666666666665,,,87.94999999999999,96.02499999999999
Kilifi,2017-09-01,112.8,46.0,,79.4,1,2,51.46666666666666,60.04,117.63333333333333,119.26666666666667,,,84.55000000000001,94.425
Kilifi,2017-10-01,107.6,39.2,,73.4,1,2,44.333333333333336,56.56666666666666,111.73333333333333,117.64999999999999,,,78.03333333333335,87.10833333333333
Kilifi,2017-11-01,115.5,62.6,,89.05,1,2,49.26666666666667,52.35,111.96666666666665,116.21666666666665,,,80.61666666666666,84.28333333333335
Kilifi,2017-12-01,114.3,46.3,,80.3,1,2,49.36666666666667,50.416666666666664,112.46666666666665,115.05000000000001,,,80.91666666666667,82.73333333333333
Kilifi,2018-01-01,112.6,47.8,,80.19999999999999,1,2,52.23333333333333,48.28333333333333,114.13333333333333,112.93333333333332,,,83.18333333333334,80.60833333333333
Kilifi,2018-02-01,108.3,48.2,,78.25,1,2,47.43333333333334,48.349999999999994,111.73333333333333,111.85000000000001,,,79.58333333333333,80.1
Kilifi,2018-03-01,104.52,47.5,,76.00999999999999,1,2,47.833333333333336,48.599999999999994,108.47333333333331,110.46999999999998,,,78.15333333333332,79.535
Kilifi,2018-04-01,101.2,45.3,,73.25,1,2,47.0,49.61666666666667,104.67333333333333,109.40333333333335,,,75.83666666666666,79.50999999999999
Kilifi,2018-05-01,99.5,43.7,,71.6,1,2,45.5,46.46666666666667,101.74,106.73666666666668,,,73.61999999999999,76.60166666666667
Kilifi,2018-06-01,100.8,42.5,,71.65,1,2,43.833333333333336,45.833333333333336,100.5,104.48666666666666,,,72.16666666666667,75.16
Kilifi,2018-07-01,92.6,39.6,,66.1,1,2,41.93333333333334,44.46666666666667,97.63333333333333,101.15333333333332,,,69.78333333333332,72.81
Kilifi,2018-08-01,90.2,39.9,,65.05,1,2,40.666666666666664,43.083333333333336,94.53333333333335,98.13666666666666,,,67.60000000000001,70.61
Kilifi,2018-09-01,79.8,41.6,,60.7,1,2,40.36666666666667,42.1,87.53333333333335,94.01666666666667,,,63.94999999999999,68.05833333333334
Kilifi,2018-10-01,70.5,37.8,,54.15,1,2,39.766666666666666,40.85,80.16666666666667,88.89999999999999,,,59.96666666666667,64.875
Kilifi,2018-11-01,80.0,38.9,,59.45,1,2,39.43333333333334,40.05,76.76666666666667,85.64999999999999,,,58.1,62.849999999999994
Kilifi,2018-12-01,75.2,39.5,,57.35,1,2,38.73333333333333,39.55,75.23333333333333,81.38333333333334,,,56.98333333333333,60.46666666666667
Kilifi,2019-01-01,76.0,41.1,,58.55,1,2,39.833333333333336,39.800000000000004,77.06666666666666,78.61666666666667,,,58.449999999999996,59.208333333333336
Kilifi,2019-02-01,74.5,,,74.5,1,1,40.3,39.78,75.23333333333333,76.0,,,63.46666666666667,60.78333333333334
Kilifi,2019-03-01,76.0,37.3,,56.65,1,2,39.2,38.92,75.5,75.36666666666667,,,63.23333333333334,60.10833333333333
Kilifi,2019-04-01,85.2,45.1,,65.15,1,2,41.2,40.38,78.56666666666668,77.81666666666668,,,65.43333333333334,61.94166666666666
Kilifi,2019-05-01,97.5,49.1,,73.3,1,2,43.833333333333336,42.42,86.23333333333333,80.73333333333333,,,65.03333333333335,64.25
Kilifi,2019-06-01,103.8,45.0,,74.4,1,2,46.4,43.52,95.5,85.5,,,70.95,67.09166666666667
Kilifi,2019-07-01,119.0,47.9,,83.45,1,2,47.333333333333336,44.879999999999995,106.76666666666667,92.66666666666667,,,77.05,71.24166666666666
Kilifi,2019-08-01,115.0,47.2,,81.1,1,2,46.699999999999996,45.26666666666666,112.60000000000001,99.41666666666667,,,79.65,72.34166666666665
Kilifi,2019-09-01,102.1,45.5,,73.8,1,2,46.86666666666667,46.63333333333333,112.03333333333332,103.76666666666667,,,79.45,75.2
Kilifi,2019-10-01,107.9,47.9,,77.9,1,2,46.86666666666667,47.1,108.33333333333333,107.55000000000001,,,77.60000000000001,77.325
Kilifi,2019-11-01,113.2,45.5,,79.35,1,2,46.300000000000004,46.5,107.73333333333333,110.16666666666667,,,77.01666666666667,78.33333333333333
Kilifi,2019-12-01,105.9,47.3,,76.6,1,2,46.9,46.883333333333326,109.0,110.51666666666667,,,77.94999999999999,78.7
Kilifi,2020-01-01,107.0,46.9,,76.95,1,2,46.56666666666666,46.71666666666667,108.7,108.51666666666667,,,77.63333333333334,77.61666666666666
Kilifi,2020-02-01,103.5,45.7,,74.6,1,2,46.63333333333333,46.46666666666667,105.46666666666665,106.60000000000001,,,76.05,76.53333333333335
Kilifi,2020-03-01,104.1,41.9,,73.0,1,2,44.833333333333336,45.86666666666667,104.86666666666667,106.93333333333332,,,74.85000000000001,76.39999999999999
Kilifi,2020-04-01,106.0,49.6,,77.8,1,2,45.73333333333333,46.150000000000006,104.53333333333335,106.61666666666667,,,75.13333333333333,76.38333333333333
Kilifi,2020-05-01,99.3,44.8,,72.05,1,2,45.43333333333334,46.03333333333333,103.13333333333333,104.3,,,74.28333333333333,75.16666666666667
Kilifi,2020-06-01,107.3,43.7,,75.5,1,2,46.03333333333333,45.43333333333334,104.2,104.53333333333332,,,75.11666666666666,74.98333333333333
Kilifi,2020-07-01,106.6,44.3,,75.44999999999999,1,2,44.26666666666667,45.0,104.39999999999999,104.46666666666665,,,74.33333333333333,74.73333333333333
Kilifi,2020-08-01,106.4,41.7,,74.05000000000001,1,2,43.23333333333333,44.333333333333336,106.76666666666665,104.94999999999999,,,75.0,74.64166666666667
Kilifi,2020-09-01,104.5,38.1,,71.3,1,2,41.36666666666667,43.699999999999996,105.83333333333333,105.01666666666665,,,73.60000000000001,74.35833333333333
Kilifi,2020-10-01,105.9,41.9,,73.9,1,2,40.56666666666667,42.416666666666664,105.60000000000001,105.0,,,73.08333333333333,73.70833333333333
Kilifi,2020-11-01,103.9,39.9,,71.9,1,2,39.96666666666666,41.6,104.76666666666667,105.76666666666667,,,72.36666666666667,73.68333333333334
Kilifi,2020-12-01,106.3,37.6,,71.95,1,2,39.800000000000004,40.583333333333336,105.36666666666667,105.60000000000001,,,72.58333333333333,73.09166666666667
Kilifi,2024-12-01,,,150.0,150.0,1,1,38.75,39.839999999999996,105.10000000000001,105.4,150.0,150.0,97.95,85.51666666666667
Kitui,2006-01-01,39.0,17.0,,28.0,1,2,17.0,17.0,39.0,39.0,,,28.0,28.0
Kitui,2006-02-01,42.0,18.0,,30.0,1,2,17.5,17.5,40.5,40.5,,,29.0,29.0
Kitui,2006-03-01,47.0,18.0,,32.5,1,2,17.666666666666668,17.666666666666668,42.666666666666664,42.666666666666664,,,30.166666666666668,30.166666666666668
Kitui,2006-04-01,53.0,19.0,,36.0,1,2,18.333333333333332,18.0,47.333333333333336,45.25,,,32.833333333333336,31.625
Kitui,2006-05-01,51.0,22.0,,36.5,1,2,19.666666666666668,18.8,50.333333333333336,46.4,,,35.0,32.6
Kitui,2006-06-01,53.0,22.0,,37.5,1,2,21.0,19.333333333333332,52.333333333333336,47.5,,,36.666666666666664,33.416666666666664
Kitui,2006-07-01,51.0,22.0,,36.5,1,2,22.0,20.166666666666668,51.666666666666664,49.5,,,36.833333333333336,34.833333333333336
Kitui,2006-08-01,42.0,21.0,,31.5,1,2,21.666666666666668,20.666666666666668,48.666666666666664,49.5,,,35.166666666666664,35.083333333333336
Kitui,2006-09-01,42.0,19.0,,30.5,1,2,20.666666666666668,20.833333333333332,45.0,48.666666666666664,,,32.833333333333336,34.75
Kitui,2006-10-01,44.0,19.0,,31.5,1,2,19.666666666666668,20.833333333333332,42.666666666666664,47.166666666666664,,,31.166666666666668,34.0
Kitui,2006-11-01,44.0,19.0,,31.5,1,2,19.0,20.333333333333332,43.333333333333336,46.0,,,31.166666666666668,33.166666666666664
Kitui,2006-12-01,44.0,20.0,,32.0,1,2,19.333333333333332,20.0,44.0,44.5,,,31.666666666666668,32.25
Kitui,2007-01-01,37.0,18.0,,27.5,1,2,19.0,19.333333333333332,41.666666666666664,42.166666666666664,,,30.333333333333332,30.75
Kitui,2007-02-01,30.0,17.0,,23.5,1,2,18.333333333333332,18.666666666666668,37.0,40.166666666666664,,,27.666666666666668,29.416666666666668
Kitui,2007-03-01,23.0,8.0,,15.5,1,2,14.333333333333334,16.833333333333332,30.0,37.0,,,22.166666666666668,26.916666666666668
Kitui,2007-04-01,30.0,8.0,,19.0,1,2,11.0,15.0,27.666666666666668,34.666666666666664,,,19.333333333333332,24.833333333333332
Kitui,2007-05-01,34.0,8.0,,21.0,1,2,8.0,13.166666666666666,29.0,33.0,,,18.5,23.083333333333332
Kitui,2007-06-01,35.0,9.0,,22.0,1,2,8.333333333333334,11.333333333333334,33.0,31.5,,,20.666666666666668,21.416666666666668
Kitui,2007-07-01,35.0,9.0,,22.0,1,2,8.666666666666666,9.833333333333334,34.666666666666664,31.166666666666668,,,21.666666666666668,20.5
Kitui,2007-08-01,35.0,9.0,,22.0,1,2,9.0,8.5,35.0,32.0,,,22.0,20.25
Kitui,2007-09-01,35.0,9.0,,22.0,1,2,9.0,8.666666666666666,35.0,34.0,,,22.0,21.333333333333332
Kitui,2007-10-01,35.0,9.0,,22.0,1,2,9.0,8.833333333333334,35.0,34.833333333333336,,,22.0,21.833333333333332
Kitui,2007-11-01,40.0,9.0,,24.5,1,2,9.0,9.0,36.666666666666664,35.833333333333336,,,22.833333333333332,22.416666666666668
Kitui,2007-12-01,50.0,14.0,,32.0,1,2,10.666666666666666,9.833333333333334,41.666666666666664,38.333333333333336,,,26.166666666666668,24.083333333333332
Kitui,2008-01-01,55.0,16.0,,35.5,1,2,13.0,11.0,48.333333333333336,41.666666666666664,,,30.666666666666668,26.333333333333332
Kitui,2008-02-01,60.0,15.0,,37.5,1,2,15.0,12.0,55.0,45.833333333333336,,,35.0,28.916666666666668
Kitui,2008-03-01,60.0,15.0,,37.5,1,2,15.333333333333334,13.0,58.333333333333336,50.0,,,36.833333333333336,31.5
Kitui,2008-04-01,40.0,13.0,,26.5,1,2,14.333333333333334,13.666666666666666,53.333333333333336,50.833333333333336,,,33.833333333333336,32.25
Kitui,2008-05-01,50.0,20.0,,35.0,1,2,16.0,15.5,50.0,52.5,,,33.0,34.0
Kitui,2008-06-01,55.0,22.0,,38.5,1,2,18.333333333333332,16.833333333333332,48.333333333333336,53.333333333333336,,,33.333333333333336,35.083333333333336
Kitui,2008-07-01,70.0,27.0,,48.5,1,2,23.0,18.666666666666668,58.333333333333336,55.833333333333336,,,40.666666666666664,37.25
Kitui,2008-08-01,70.0,30.0,,50.0,1,2,26.333333333333332,21.166666666666668,65.0,57.5,,,45.666666666666664,39.333333333333336
Kitui,2008-09-01,70.0,30.0,,50.0,1,2,29.0,23.666666666666668,70.0,59.166666666666664,,,49.5,41.416666666666664
Kitui,2008-10-01,80.0,34.0,,57.0,1,2,31.333333333333332,27.166666666666668,73.33333333333333,65.83333333333333,,,52.333333333333336,46.5
Kitui,2008-11-01,80.0,35.0,,57.5,1,2,33.0,29.666666666666668,76.66666666666667,70.83333333333333,,,54.833333333333336,50.25
Kitui,2008-12-01,65.0,30.0,,47.5,1,2,33.0,31.0,75.0,72.5,,,54.0,51.75
Kitui,2009-01-01,65.0,30.0,,47.5,1,2,31.666666666666668,31.5,70.0,71.66666666666667,,,50.833333333333336,51.583333333333336
Kitui,2009-02-01,65.0,35.0,,50.0,1,2,31.666666666666668,32.333333333333336,65.0,70.83333333333333,,,48.333333333333336,51.583333333333336
Kitui,2009-03-01,65.0,35.0,,50.0,1,2,33.333333333333336,33.166666666666664,65.0,70.0,,,49.166666666666664,51.583333333333336
Kitui,2009-04-01,70.0,35.0,,52.5,1,2,35.0,33.333333333333336,66.66666666666667,68.33333333333333,,,50.833333333333336,50.833333333333336
Kitui,2009-05-01,75.0,36.0,,55.5,1,2,35.333333333333336,33.5,70.0,67.5,,,52.666666666666664,50.5
Kitui,2009-06-01,80.0,36.0,,58.0,1,2,35.666666666666664,34.5,75.0,70.0,,,55.333333333333336,52.25
Kitui,2009-07-01,70.0,33.0,,51.5,1,2,35.0,35.0,75.0,70.83333333333333,,,55.0,52.916666666666664
Kitui,2009-08-01,60.0,30.0,,45.0,1,2,33.0,34.166666666666664,70.0,70.0,,,51.5,52.083333333333336
Kitui,2009-09-01,60.0,30.0,,45.0,1,2,31.0,33.333333333333336,63.333333333333336,69.16666666666667,,,47.166666666666664,51.25
Kitui,2009-10-01,60.0,30.0,,45.0,1,2,30.0,32.5,60.0,67.5,,,45.0,50.0
Kitui,2009-11-01,60.0,30.0,,45.0,1,2,30.0,31.5,60.0,65.0,,,45.0,48.25
Kitui,2009-12-01,60.0,30.0,,45.0,1,2,30.0,30.5,60.0,61.666666666666664,,,45.0,46.083333333333336
Kitui,2010-01-01,60.0,30.0,,45.0,1,2,30.0,30.0,60.0,60.0,,,45.0,45.0
Kitui,2010-02-01,50.0,20.0,,35.0,1,2,26.666666666666668,28.333333333333332,56.666666666666664,58.333333333333336,,,41.666666666666664,43.333333333333336
Kitui,2010-03-01,50.0,16.0,,33.0,1,2,22.0,26.0,53.333333333333336,56.666666666666664,,,37.666666666666664,41.333333333333336
Kitui,2010-04-01,45.0,13.0,,29.0,1,2,16.333333333333332,23.166666666666668,48.333333333333336,54.166666666666664,,,32.333333333333336,38.666666666666664
Kitui,2010-05-01,45.0,13.0,,29.0,1,2,14.0,20.333333333333332,46.666666666666664,51.666666666666664,,,30.333333333333332,36.0
Kitui,2010-06-01,40.0,6.0,,23.0,1,2,10.666666666666666,16.333333333333332,43.333333333333336,48.333333333333336,,,27.0,32.333333333333336
Kitui,2010-07-01,45.0,15.0,,30.0,1,2,11.333333333333334,13.833333333333334,43.333333333333336,45.833333333333336,,,27.333333333333332,29.833333333333332
Kitui,2010-08-01,50.0,13.0,,31.5,1,2,11.333333333333334,12.666666666666666,45.0,45.833333333333336,,,28.166666666666668,29.25
Kitui,2010-09-01,50.0,13.0,,31.5,1,2,13.666666666666666,12.166666666666666,48.333333333333336,45.833333333333336,,,31.0,29.0
Kitui,2010-10-01,60.0,14.0,,37.0,1,2,13.333333333333334,12.333333333333334,53.333333333333336,48.333333333333336,,,33.333333333333336,30.333333333333332
Kitui,2010-11-01,60.0,18.0,,39.0,1,2,15.0,13.166666666666666,56.666666666666664,50.833333333333336,,,35.833333333333336,32.0
Kitui,2010-12-01,60.0,16.0,,38.0,1,2,16.0,14.833333333333334,60.0,54.166666666666664,,,38.0,34.5
Kitui,2011-01-01,60.0,17.0,,38.5,1,2,17.0,15.166666666666666,60.0,56.666666666666664,,,38.5,35.916666666666664
Kitui,2011-02-01,70.0,17.0,,43.5,1,2,16.666666666666668,15.833333333333334,63.333333333333336,60.0,,,40.0,37.916666666666664
Kitui,2011-03-01,70.0,22.0,,46.0,1,2,18.666666666666668,17.333333333333332,66.66666666666667,63.333333333333336,,,42.666666666666664,40.333333333333336
Kitui,2011-04-01,80.0,30.0,,55.0,1,2,23.0,20.0,73.33333333333333,66.66666666666667,,,48.166666666666664,43.333333333333336
Kitui,2011-05-01,85.0,45.0,,65.0,1,2,32.333333333333336,24.5,78.33333333333333,70.83333333333333,,,55.333333333333336,47.666666666666664
Kitui,2011-06-01,85.0,46.0,,65.5,1,2,40.333333333333336,29.5,83.33333333333333,75.0,,,61.833333333333336,52.25
Kitui,2011-07-01,85.0,45.0,,65.0,1,2,45.333333333333336,34.166666666666664,85.0,79.16666666666667,,,65.16666666666667,56.666666666666664
Kitui,2011-08-01,86.0,39.0,,62.5,1,2,43.333333333333336,37.833333333333336,85.33333333333333,81.83333333333333,,,64.33333333333333,59.833333333333336
Kitui,2011-09-01,75.0,41.0,,58.0,1,2,41.666666666666664,41.0,82.0,82.66666666666667,,,61.833333333333336,61.833333333333336
Kitui,2011-10-01,77.47,40.62,,59.045,1,2,40.20666666666667,42.77,79.49,82.245,,,59.848333333333336,62.5075
Kitui,2011-11-01,76.53,41.63,,59.08,1,2,41.083333333333336,42.208333333333336,76.33333333333333,80.83333333333333,,,58.708333333333336,61.520833333333336
Kitui,2011-12-01,96.27,42.55,,69.41,1,2,41.6,41.63333333333333,83.42333333333333,82.71166666666666,,,62.51166666666666,62.17249999999999
Kitui,2012-01-01,72.0,42.0,,57.0,1,2,42.06,41.13333333333333,81.60000000000001,80.545,,,61.830000000000005,60.839166666666664
Kitui,2012-02-01,72.0,38.0,,55.0,1,2,40.85,40.96666666666667,80.08999999999999,78.21166666666666,,,60.47,59.589166666666664
Kitui,2012-03-01,74.31,37.0,,55.655,1,2,39.0,40.300000000000004,72.77,78.09666666666666,,,55.885,59.19833333333333
Kitui,2012-04-01,78.35,37.0,,57.675,1,2,37.333333333333336,39.696666666666665,74.88666666666667,78.24333333333334,,,56.10999999999999,58.97
Kitui,2012-05-01,77.86,41.0,,59.43,1,2,38.333333333333336,39.59166666666667,76.84,78.46499999999999,,,57.586666666666666,59.028333333333336
Kitui,2012-06-01,83.0,41.0,,62.0,1,2,39.666666666666664,39.333333333333336,79.73666666666666,76.25333333333333,,,59.70166666666666,57.79333333333333
Kitui,2012-07-01,82.0,41.0,,61.5,1,2,41.0,39.166666666666664,80.95333333333333,77.92,,,60.97666666666667,58.54333333333333
Kitui,2012-08-01,,42.0,,42.0,1,1,41.333333333333336,39.833333333333336,82.5,79.104,,,55.166666666666664,56.376666666666665
Kitui,2012-09-01,84.0,40.0,,62.0,1,2,41.0,40.333333333333336,83.0,81.042,,,55.166666666666664,57.43416666666667
Kitui,2012-10-01,80.0,40.0,,60.0,1,2,40.666666666666664,40.833333333333336,82.0,81.372,,,54.666666666666664,57.821666666666665
Kitui,2012-11-01,81.0,39.0,,60.0,1,2,39.666666666666664,40.5,81.66666666666667,82.0,,,60.666666666666664,57.916666666666664
Kitui,2012-12-01,77.0,37.0,,57.0,1,2,38.666666666666664,39.833333333333336,79.33333333333333,80.8,,,59.0,57.083333333333336
Kitui,2013-01-01,60.0,37.0,,48.5,1,2,37.666666666666664,39.166666666666664,72.66666666666667,76.4,,,55.166666666666664,54.916666666666664
Kitui,2013-02-01,65.6,33.0,,49.3,1,2,35.666666666666664,37.666666666666664,67.53333333333333,74.6,,,51.599999999999994,56.133333333333326
Kitui,2013-03-01,67.0,30.0,,48.5,1,2,33.333333333333336,36.0,64.2,71.76666666666667,,,48.76666666666666,53.883333333333326
Kitui,2013-04-01,73.0,34.0,,53.5,1,2,32.333333333333336,35.0,68.53333333333333,70.60000000000001,,,50.43333333333333,52.79999999999999
Kitui,2013-05-01,76.0,31.0,,53.5,1,2,31.666666666666668,33.666666666666664,72.0,69.76666666666667,,,51.833333333333336,51.71666666666666
Kitui,2013-06-01,75.0,33.0,,54.0,1,2,32.666666666666664,33.0,74.66666666666667,69.43333333333334,,,53.666666666666664,51.21666666666667
Kitui,2013-07-01,71.0,32.0,,51.5,1,2,32.0,32.166666666666664,74.0,71.26666666666667,,,53.0,51.71666666666667
Kitui,2013-08-01,,33.0,,33.0,1,1,32.666666666666664,32.166666666666664,73.0,72.4,,,46.166666666666664,49.0
Kitui,2013-09-01,78.0,34.0,,56.0,1,2,33.0,32.833333333333336,74.5,74.6,,,46.833333333333336,50.25
Kitui,2013-10-01,77.0,37.0,,57.0,1,2,34.666666666666664,33.333333333333336,77.5,75.4,,,48.666666666666664,50.833333333333336
Kitui,2013-11-01,78.0,38.0,,58.0,1,2,36.333333333333336,34.5,77.66666666666667,75.8,,,57.0,51.583333333333336
Kitui,2013-12-01,73.0,38.0,,55.5,1,2,37.666666666666664,35.333333333333336,76.0,75.4,,,56.833333333333336,51.833333333333336
Kitui,2014-01-01,74.0,37.0,,55.5,1,2,37.666666666666664,36.166666666666664,75.0,76.0,,,56.333333333333336,52.5
Kitui,2014-02-01,78.75,35.0,,56.875,1,2,36.666666666666664,36.5,75.25,76.45833333333333,,,55.958333333333336,56.479166666666664
Kitui,2014-03-01,79.0,36.0,,57.5,1,2,36.0,36.833333333333336,77.25,76.625,,,56.625,56.729166666666664
Kitui,2014-04-01,80.0,36.0,,58.0,1,2,35.666666666666664,36.666666666666664,79.25,77.125,,,57.458333333333336,56.895833333333336
Kitui,2014-05-01,81.0,37.0,,59.0,1,2,36.333333333333336,36.5,80.0,77.625,,,58.166666666666664,57.0625
Kitui,2014-06-01,81.0,38.0,,59.5,1,2,37.0,36.5,80.66666666666667,78.95833333333333,,,58.833333333333336,57.729166666666664
Kitui,2014-07-01,77.0,39.0,,58.0,1,2,38.0,36.833333333333336,79.66666666666667,79.45833333333333,,,58.833333333333336,58.145833333333336
Kitui,2014-08-01,,36.0,,36.0,1,1,37.666666666666664,37.0,79.0,79.6,,,51.166666666666664,54.666666666666664
Kitui,2014-09-01,72.5,34.0,,53.25,1,2,36.333333333333336,36.666666666666664,74.75,78.3,,,49.083333333333336,53.958333333333336
Kitui,2014-10-01,72.5,32.0,,52.25,1,2,34.0,36.0,72.5,76.8,,,47.166666666666664,53.0
Kitui,2014-11-01,76.0,32.0,,54.0,1,2,32.666666666666664,35.166666666666664,73.66666666666667,75.8,,,53.166666666666664,52.166666666666664
Kitui,2014-12-01,66.0,30.0,,48.0,1,2,31.333333333333332,33.833333333333336,71.5,72.8,,,51.416666666666664,50.25
Kitui,2015-01-01,69.0,29.0,,49.0,1,2,30.333333333333332,32.166666666666664,70.33333333333333,71.2,,,50.333333333333336,48.75
Kitui,2015-02-01,71.0,29.0,,50.0,1,2,29.333333333333332,31.0,68.66666666666667,71.16666666666667,,,49.0,51.083333333333336
Kitui,2015-03-01,75.0,30.0,,52.5,1,2,29.333333333333332,30.333333333333332,71.66666666666667,71.58333333333333,,,50.5,50.958333333333336
Kitui,2015-04-01,86.0,33.0,,59.5,1,2,30.666666666666668,30.5,77.33333333333333,73.83333333333333,,,54.0,52.166666666666664
Kitui,2015-05-01,90.0,37.0,,63.5,1,2,33.333333333333336,31.333333333333332,83.66666666666667,76.16666666666667,,,58.5,53.75
Kitui,2015-06-01,91.0,35.0,,63.0,1,2,35.0,32.166666666666664,89.0,80.33333333333333,,,62.0,56.25
Kitui,2015-07-01,79.0,37.0,,58.0,1,2,36.333333333333336,33.5,86.66666666666667,82.0,,,61.5,57.75
Kitui,2015-08-01,,36.0,,36.0,1,1,36.0,34.666666666666664,85.0,84.2,,,52.333333333333336,55.416666666666664
Kitui,2015-09-01,74.0,33.0,,53.5,1,2,35.333333333333336,35.166666666666664,76.5,84.0,,,49.166666666666664,55.583333333333336
Kitui,2015-10-01,79.0,34.0,,56.5,1,2,34.333333333333336,35.333333333333336,76.5,82.6,,,48.666666666666664,55.083333333333336
Kitui,2015-11-01,78.0,33.0,,55.5,1,2,33.333333333333336,34.666666666666664,77.0,80.2,,,55.166666666666664,53.75
Kitui,2015-12-01,77.0,33.0,,55.0,1,2,33.333333333333336,34.333333333333336,78.0,77.4,,,55.666666666666664,52.416666666666664
Kitui,2016-01-01,73.0,31.0,,52.0,1,2,32.333333333333336,33.333333333333336,76.0,76.2,,,54.166666666666664,51.416666666666664
Kitui,2016-02-01,74.0,31.0,,52.5,1,2,31.666666666666668,32.5,74.66666666666667,75.83333333333333,,,53.166666666666664,54.166666666666664
Kitui,2016-03-01,72.0,29.0,,50.5,1,2,30.333333333333332,31.833333333333332,73.0,75.5,,,51.666666666666664,53.666666666666664
Kitui,2016-04-01,71.0,29.0,,50.0,1,2,29.666666666666668,31.0,72.33333333333333,74.16666666666667,,,51.0,52.583333333333336
Kitui,2016-05-01,72.0,28.0,,50.0,1,2,28.666666666666668,30.166666666666668,71.66666666666667,73.16666666666667,,,50.166666666666664,51.666666666666664
Kitui,2016-06-01,73.0,28.0,,50.5,1,2,28.333333333333332,29.333333333333332,72.0,72.5,,,50.166666666666664,50.916666666666664
Kitui,2016-07-01,75.0,31.0,,53.0,1,2,29.0,29.333333333333332,73.33333333333333,72.83333333333333,,,51.166666666666664,51.083333333333336
Kitui,2016-08-01,78.0,33.0,,55.5,1,2,30.666666666666668,29.666666666666668,75.33333333333333,73.5,,,53.0,51.583333333333336
Kitui,2016-09-01,73.0,34.0,,53.5,1,2,32.666666666666664,30.5,75.33333333333333,73.66666666666667,,,54.0,52.083333333333336
Kitui,2016-10-01,77.5,34.0,,55.75,1,2,33.666666666666664,31.333333333333332,76.16666666666667,74.75,,,54.916666666666664,53.041666666666664
Kitui,2016-11-01,77.5,35.0,,56.25,1,2,34.333333333333336,32.5,76.0,75.66666666666667,,,55.166666666666664,54.083333333333336
Kitui,2016-12-01,76.5,35.0,,55.75,1,2,34.666666666666664,33.666666666666664,77.16666666666667,76.25,,,55.916666666666664,54.958333333333336
Kitui,2017-01-01,79.0,38.0,,58.5,1,2,36.0,34.833333333333336,77.66666666666667,76.91666666666667,,,56.833333333333336,55.875
Kitui,2017-02-01,86.0,48.0,,67.0,1,2,40.333333333333336,37.333333333333336,80.5,78.25,,,60.416666666666664,57.791666666666664
Kitui,2017-03-01,91.2,46.2,,68.7,1,2,44.06666666666666,39.36666666666667,85.39999999999999,81.28333333333333,,,64.73333333333333,60.324999999999996
Kitui,2017-04-01,93.0,54.0,,73.5,1,2,49.4,42.699999999999996,90.06666666666666,83.86666666666666,,,69.73333333333333,63.28333333333333
Kitui,2017-05-01,89.0,58.0,,73.5,1,2,52.73333333333333,46.53333333333333,91.06666666666666,85.78333333333335,,,71.89999999999999,66.15833333333333
Kitui,2017-06-01,91.0,58.0,,74.5,1,2,56.666666666666664,50.36666666666667,91.0,88.2,,,73.83333333333333,69.28333333333333
Kitui,2017-07-01,92.0,58.0,,75.0,1,2,58.0,53.699999999999996,90.66666666666667,90.36666666666667,,,74.33333333333333,72.03333333333333
Kitui,2017-08-01,,45.0,,45.0,1,1,53.666666666666664,53.199999999999996,91.5,91.24000000000001,,,64.83333333333333,68.36666666666666
Kitui,2017-09-01,80.0,41.0,,60.5,1,2,48.0,52.333333333333336,86.0,89.0,,,60.166666666666664,67.0
Kitui,2017-10-01,89.0,37.0,,63.0,1,2,41.0,49.5,84.5,88.2,,,56.166666666666664,65.25
Kitui,2017-11-01,83.0,37.0,,60.0,1,2,38.333333333333336,46.0,84.0,87.0,,,61.166666666666664,63.0
Kitui,2017-12-01,82.0,35.0,,58.5,1,2,36.333333333333336,42.166666666666664,84.66666666666667,85.2,,,60.5,60.333333333333336
Kitui,2018-01-01,79.1,36.9,,58.0,1,2,36.300000000000004,38.65,81.36666666666666,82.62,,,58.833333333333336,57.5
Kitui,2018-02-01,80.0,36.0,,58.0,1,2,35.96666666666667,37.15,80.36666666666666,82.18333333333334,,,58.166666666666664,59.666666666666664
Kitui,2018-03-01,82.0,34.0,,58.0,1,2,35.63333333333333,35.983333333333334,80.36666666666666,82.51666666666667,,,58.0,59.25
Kitui,2018-04-01,79.0,30.0,,54.5,1,2,33.333333333333336,34.81666666666667,80.33333333333333,80.85000000000001,,,56.833333333333336,57.833333333333336
Kitui,2018-05-01,73.0,30.0,,51.5,1,2,31.333333333333332,33.65,78.0,79.18333333333334,,,54.666666666666664,56.416666666666664
Kitui,2018-06-01,74.0,31.0,,52.5,1,2,30.333333333333332,32.983333333333334,75.33333333333333,77.85000000000001,,,52.833333333333336,55.416666666666664
Kitui,2018-07-01,73.4,29.6,,51.5,1,2,30.2,31.766666666666666,73.46666666666667,76.89999999999999,,,51.833333333333336,54.333333333333336
Kitui,2018-08-01,76.7,30.0,,53.35,1,2,30.2,30.766666666666666,74.7,76.35000000000001,,,52.449999999999996,53.55833333333334
Kitui,2018-09-01,76.9,27.0,,51.95,1,2,28.866666666666664,29.599999999999998,75.66666666666667,75.5,,,52.26666666666667,52.550000000000004
Kitui,2018-10-01,81.0,33.56,,57.28,1,2,30.186666666666667,30.19333333333333,78.2,75.83333333333333,,,54.193333333333335,53.01333333333334
Kitui,2018-11-01,71.0,26.9,,48.95,1,2,29.153333333333336,29.676666666666666,76.30000000000001,75.5,,,52.72666666666667,52.58833333333334
Kitui,2018-12-01,66.1,27.9,,47.0,1,2,29.453333333333333,29.159999999999997,72.69999999999999,74.18333333333334,,,51.07666666666666,51.671666666666674
Kitui,2019-01-01,71.0,29.0,,50.0,1,2,27.933333333333334,29.060000000000002,69.36666666666666,73.78333333333335,,,48.65,51.421666666666674
Kitui,2019-02-01,69.0,27.0,,48.0,1,2,27.96666666666667,28.560000000000002,68.69999999999999,72.5,,,48.333333333333336,50.53
Kitui,2019-03-01,70.0,29.0,,49.5,1,2,28.333333333333332,28.893333333333334,70.0,71.35000000000001,,,49.166666666666664,50.12166666666667
Kitui,2019-04-01,77.0,34.0,,55.5,1,2,30.0,28.96666666666667,72.0,70.68333333333334,,,51.0,49.824999999999996
Kitui,2019-05-01,80.0,42.0,,61.0,1,2,35.0,31.48333333333333,75.66666666666667,72.18333333333334,,,55.333333333333336,51.833333333333336
Kitui,2019-06-01,85.0,41.0,,63.0,1,2,39.0,33.666666666666664,80.66666666666667,75.33333333333333,,,59.833333333333336,54.5
Kitui,2019-07-01,87.6,43.5,,65.55,1,2,42.166666666666664,36.083333333333336,84.2,78.1,,,63.18333333333334,57.09166666666666
Kitui,2019-08-01,93.1,44.8,,68.94999999999999,1,2,43.1,39.050000000000004,88.56666666666666,82.11666666666667,,,65.83333333333333,60.583333333333336
Kitui,2019-09-01,89.8,43.3,,66.55,1,2,43.86666666666667,41.43333333333334,90.16666666666667,85.41666666666667,,,67.01666666666667,63.42499999999999
Kitui,2019-10-01,87.4,44.6,,66.0,1,2,44.23333333333333,43.199999999999996,90.09999999999998,87.14999999999999,,,67.16666666666667,65.175
Kitui,2019-11-01,92.3,43.6,,67.95,1,2,43.833333333333336,43.46666666666667,89.83333333333333,89.2,,,66.83333333333333,66.33333333333333
Kitui,2019-12-01,89.3,44.6,,66.95,1,2,44.26666666666667,44.06666666666667,89.66666666666667,89.91666666666667,,,66.96666666666665,66.99166666666666
Kitui,2020-01-01,79.0,38.0,,58.5,1,2,42.06666666666667,43.150000000000006,86.86666666666667,88.48333333333333,,,64.46666666666665,65.81666666666666
Kitui,2020-02-01,78.0,37.0,,57.5,1,2,39.86666666666667,41.85,82.1,85.96666666666665,,,60.98333333333333,63.90833333333334
Kitui,2020-03-01,78.0,30.0,,54.0,1,2,35.0,39.63333333333333,78.33333333333333,84.0,,,56.666666666666664,61.81666666666667
Kitui,2020-04-01,86.0,32.0,,59.0,1,2,33.0,37.53333333333333,80.66666666666667,83.76666666666667,,,56.833333333333336,60.650000000000006
Kitui,2020-05-01,92.0,34.0,,63.0,1,2,32.0,35.93333333333333,85.33333333333333,83.71666666666665,,,58.666666666666664,59.82500000000001
Kitui,2020-06-01,95.0,33.0,,64.0,1,2,33.0,34.0,91.0,84.66666666666667,,,62.0,59.333333333333336
Kitui,2020-07-01,98.0,34.0,,66.0,1,2,33.666666666666664,33.333333333333336,95.0,87.83333333333333,,,64.33333333333333,60.583333333333336
Kitui,2020-08-01,92.0,33.0,,62.5,1,2,33.333333333333336,32.666666666666664,95.0,90.16666666666667,,,64.16666666666667,61.416666666666664
Kitui,2020-09-01,94.0,34.0,,64.0,1,2,33.666666666666664,33.333333333333336,94.66666666666667,92.83333333333333,,,64.16666666666667,63.083333333333336
Kitui,2020-10-01,85.0,33.0,,59.0,1,2,33.333333333333336,33.5,90.33333333333333,92.66666666666667,,,61.833333333333336,63.083333333333336
Kitui,2020-11-01,94.0,35.0,,64.5,1,2,34.0,33.666666666666664,91.0,93.0,,,62.5,63.333333333333336
Kitui,2020-12-01,94.0,33.0,,63.5,1,2,33.666666666666664,33.666666666666664,91.0,92.83333333333333,,,62.333333333333336,63.25
Kitui,2021-01-01,80.15185185185184,,112.5,96.32592592592593,1,2,34.0,33.6,89.38395061728396,89.85864197530866,112.5,112.5,74.77530864197531,68.30432098765432
Kitui,2021-02-01,75.0,30.0,,52.5,1,2,31.5,33.0,83.05061728395061,87.02530864197531,112.5,112.5,70.77530864197531,66.63765432098765
Kitui,2021-06-01,97.5,30.0,,63.75,1,2,30.0,32.2,84.21728395061729,87.60864197530866,112.5,112.5,70.85864197530864,66.59598765432098
Kitui,2021-07-01,96.66666666666667,30.0,120.0,82.22222222222223,1,3,30.0,31.6,89.72222222222221,89.55308641975309,120.0,116.25,66.1574074074074,70.46635802469136
Kitui,2021-09-01,86.39999999999999,31.1,,58.75,1,2,30.366666666666664,30.820000000000004,93.52222222222223,88.28641975308642,120.0,116.25,68.24074074074075,69.50802469135802
Kitui,2021-10-01,96.37777777777778,33.05555555555556,,64.71666666666667,1,2,31.38518518518519,30.831111111111113,93.14814814814815,88.6827160493827,120.0,116.25,68.56296296296297,69.7108024691358
Kitui,2021-11-01,80.55,33.3,,56.925,1,2,32.48518518518518,31.242592592592597,87.77592592592593,88.74907407407407,,120.0,60.13055555555555,63.14398148148149
Kitui,2023-08-01,,57.8,,57.8,1,1,41.385185185185186,35.87592592592593,88.4638888888889,91.49888888888889,,120.0,59.81388888888889,64.02731481481482
Kitui,2023-10-01,,57.037,,57.037,1,1,49.379,40.38209259259259,80.55,89.9986111111111,,120.0,57.254,62.90848148148149
Makueni,2021-01-01,78.5,30.0,,54.25,1,2,30.0,30.0,78.5,78.5,,,54.25,54.25
Makueni,2021-02-01,81.46666666666667,,,81.46666666666667,1,1,30.0,30.0,79.98333333333333,79.98333333333333,,,67.85833333333333,67.85833333333333
Makueni,2021-03-01,80.0,30.0,,55.0,1,2,30.0,30.0,79.9888888888889,79.9888888888889,,,63.57222222222222,63.57222222222222
Makueni,2021-04-01,79.66666666666666,29.455555555555556,,54.5611111111111,1,2,29.727777777777778,29.818518518518516,80.37777777777778,79.90833333333333,,,63.675925925925924,61.31944444444444
Makueni,2021-05-01,82.01428571428572,28.6,,55.307142857142864,1,2,29.35185185185185,29.51388888888889,80.56031746031745,80.3295238095238,,,54.95608465608465,60.11698412698413
Makueni,2021-06-01,80.0,30.0,,55.0,1,2,29.35185185185185,29.611111111111107,80.56031746031745,80.27460317460317,,,54.95608465608465,59.26415343915344
Makueni,2021-10-01,100.0,28.0,,64.0,1,2,28.866666666666664,29.21111111111111,87.33809523809525,83.85793650793651,,,58.10238095238096,60.88915343915344
Makueni,2021-11-01,100.0,27.5,,63.75,1,2,28.5,28.925925925925924,93.33333333333333,86.94682539682539,,,60.916666666666664,57.936375661375656
Makueni,2022-01-01,,38.0,,38.0,1,1,31.166666666666668,30.259259259259256,100.0,88.33619047619047,,,55.25,55.10304232804233
Makueni,2022-02-01,,37.0,,37.0,1,1,34.166666666666664,31.51666666666667,100.0,90.50357142857143,,,46.25,52.17619047619048
Makueni,2022-03-01,,37.0,,37.0,1,1,37.333333333333336,32.916666666666664,,93.33333333333333,,,37.333333333333336,49.125
Makueni,2022-04-01,,42.0,,42.0,1,1,38.666666666666664,34.916666666666664,,100.0,,,38.666666666666664,46.958333333333336
Makueni,2022-05-01,,47.5,,47.5,1,1,42.166666666666664,38.166666666666664,,100.0,,,42.166666666666664,44.208333333333336
Makueni,2022-06-01,95.0,56.666666666666664,,75.83333333333333,1,2,48.72222222222222,43.02777777777777,95.0,95.0,,,55.11111111111111,46.22222222222222
Makueni,2022-07-01,,66.5,,66.5,1,1,56.888888888888886,47.77777777777777,95.0,95.0,,,63.27777777777777,50.97222222222222
Makueni,2022-08-01,,65.0,,65.0,1,1,62.72222222222222,52.444444444444436,95.0,95.0,,,69.1111111111111,55.638888888888886
Makueni,2022-09-01,,70.0,,70.0,1,1,67.16666666666667,57.944444444444436,,95.0,,,67.16666666666667,61.138888888888886
Makueni,2023-07-01,,68.05555555555556,,68.05555555555556,1,1,67.68518518518518,62.28703703703704,,95.0,,,67.68518518518519,65.48148148148148
Makueni,2023-12-01,,50.0,,50.0,1,1,62.68518518518518,62.7037037037037,,95.0,,,62.68518518518518,65.89814814814814
Makueni,2024-01-01,,51.0,,51.0,1,1,56.35185185185185,61.75925925925927,,,,,56.35185185185185,61.75925925925926
Makueni,2024-02-01,,30.0,,30.0,1,1,43.666666666666664,55.675925925925924,,,,,43.666666666666664,55.675925925925924
Makueni,2024-03-01,147.25,48.0,142.33333333333334,112.52777777777779,1,3,43.0,52.84259259259259,147.25,147.25,142.33333333333334,142.33333333333334,64.50925925925925,63.59722222222223
Makueni,2024-04-01,,30.0,,30.0,1,1,36.0,46.175925925925924,147.25,147.25,142.33333333333334,142.33333333333334,57.50925925925926,56.930555555555564
Makueni,2024-05-01,123.33333333333334,30.0,,76.66666666666667,1,2,36.0,39.833333333333336,135.29166666666669,135.29166666666669,142.33333333333334,142.33333333333334,73.06481481481482,58.36574074074074
Makueni,2024-06-01,123.33333333333334,30.0,,76.66666666666667,1,2,30.0,36.5,123.33333333333334,131.30555555555557,,142.33333333333334,61.111111111111114,62.81018518518519
Makueni,2024-07-01,50.0,35.0,,42.5,1,2,31.666666666666668,33.833333333333336,98.8888888888889,110.97916666666667,,142.33333333333334,65.27777777777779,61.393518518518526
Makueni,2024-08-01,50.0,35.0,,42.5,1,2,33.333333333333336,34.666666666666664,74.44444444444444,98.78333333333333,,142.33333333333334,53.88888888888889,63.476851851851855
Makueni,2024-09-01,,35.0,,35.0,1,1,35.0,32.5,50.0,86.66666666666667,,,40.0,50.555555555555564
Makueni,2024-10-01,,37.5,,37.5,1,1,35.833333333333336,33.75,50.0,86.66666666666667,,,38.333333333333336,51.805555555555564
Makueni,2024-11-01,,40.0,,40.0,1,1,37.5,35.416666666666664,,74.44444444444444,,,37.5,45.69444444444445
Makueni,2024-12-01,,40.0,,40.0,1,1,39.166666666666664,37.083333333333336,,50.0,,,39.166666666666664,39.583333333333336
Makueni,2025-01-01,,45.0,,45.0,1,1,41.666666666666664,38.75,,50.0,,,41.666666666666664,40.0
Makueni,2025-02-01,,47.5,,47.5,1,1,44.166666666666664,40.833333333333336,,,,,44.166666666666664,40.833333333333336
Makueni,2025-03-01,100.0,50.0,,75.0,1,2,47.5,43.333333333333336,100.0,100.0,,,55.833333333333336,47.5
Makueni,2025-05-01,,54.0,,54.0,1,1,50.5,46.083333333333336,100.0,100.0,,,58.833333333333336,50.25
Makueni,2025-06-01,,55.0,,55.0,1,1,53.0,48.583333333333336,100.0,100.0,,,61.333333333333336,52.75
Makueni,2025-09-01,,50.0,,50.0,1,1,53.0,50.25,,100.0,,,53.0,54.416666666666664
Makueni,2025-10-01,,50.0,,50.0,1,1,51.666666666666664,51.083333333333336,,100.0,,,51.666666666666664,55.25
Makueni,2026-04-01,112.5,50.0,,81.25,1,2,50.0,51.5,112.5,106.25,,,60.416666666666664,60.875
Mandera,2006-01-01,,30.0,,30.0,1,1,30.0,30.0,,,,,30.0,30.0
Mandera,2006-02-01,,29.0,,29.0,1,1,29.5,29.5,,,,,29.5,29.5
Mandera,2006-03-01,,27.0,,27.0,1,1,28.666666666666668,28.666666666666668,,,,,28.666666666666668,28.666666666666668
Mandera,2006-04-01,,28.0,,28.0,1,1,28.0,28.5,,,,,28.0,28.5
Mandera,2006-05-01,,25.0,,25.0,1,1,26.666666666666668,27.8,,,,,26.666666666666668,27.8
Mandera,2006-06-01,,22.0,,22.0,1,1,25.0,26.833333333333332,,,,,25.0,26.833333333333332
Mandera,2006-07-01,,23.0,,23.0,1,1,23.333333333333332,25.666666666666668,,,,,23.333333333333332,25.666666666666668
Mandera,2006-08-01,,23.0,,23.0,1,1,22.666666666666668,24.666666666666668,,,,,22.666666666666668,24.666666666666668
Mandera,2006-09-01,,22.0,,22.0,1,1,22.666666666666668,23.833333333333332,,,,,22.666666666666668,23.833333333333332
Mandera,2006-10-01,,23.0,,23.0,1,1,22.666666666666668,23.0,,,,,22.666666666666668,23.0
Mandera,2006-11-01,,31.0,,31.0,1,1,25.333333333333332,24.0,,,,,25.333333333333332,24.0
Mandera,2006-12-01,,28.0,,28.0,1,1,27.333333333333332,25.0,,,,,27.333333333333332,25.0
Mandera,2007-01-01,,20.0,,20.0,1,1,26.333333333333332,24.5,,,,,26.333333333333332,24.5
Mandera,2007-02-01,,23.0,,23.0,1,1,23.666666666666668,24.5,,,,,23.666666666666668,24.5
Mandera,2007-03-01,,22.0,,22.0,1,1,21.666666666666668,24.5,,,,,21.666666666666668,24.5
Mandera,2007-04-01,,26.0,,26.0,1,1,23.666666666666668,25.0,,,,,23.666666666666668,25.0
Mandera,2007-05-01,,33.0,,33.0,1,1,27.0,25.333333333333332,,,,,27.0,25.333333333333332
Mandera,2007-06-01,,29.0,,29.0,1,1,29.333333333333332,25.5,,,,,29.333333333333332,25.5
Mandera,2007-07-01,,25.0,,25.0,1,1,29.0,26.333333333333332,,,,,29.0,26.333333333333332
Mandera,2007-08-01,,30.0,,30.0,1,1,28.0,27.5,,,,,28.0,27.5
Mandera,2007-09-01,,29.0,,29.0,1,1,28.0,28.666666666666668,,,,,28.0,28.666666666666668
Mandera,2007-10-01,,31.0,,31.0,1,1,30.0,29.5,,,,,30.0,29.5
Mandera,2007-11-01,,26.0,,26.0,1,1,28.666666666666668,28.333333333333332,,,,,28.666666666666668,28.333333333333332
Mandera,2007-12-01,,31.0,,31.0,1,1,29.333333333333332,28.666666666666668,,,,,29.333333333333332,28.666666666666668
Mandera,2008-01-01,,31.0,,31.0,1,1,29.333333333333332,29.666666666666668,,,,,29.333333333333332,29.666666666666668
Mandera,2008-02-01,,29.0,,29.0,1,1,30.333333333333332,29.5,,,,,30.333333333333332,29.5
Mandera,2008-03-01,,33.0,,33.0,1,1,31.0,30.166666666666668,,,,,31.0,30.166666666666668
Mandera,2008-04-01,,31.0,,31.0,1,1,31.0,30.166666666666668,,,,,31.0,30.166666666666668
Mandera,2008-05-01,,34.0,,34.0,1,1,32.666666666666664,31.5,,,,,32.666666666666664,31.5
Mandera,2008-06-01,,31.0,,31.0,1,1,32.0,31.5,,,,,32.0,31.5
Mandera,2008-07-01,,32.0,,32.0,1,1,32.333333333333336,31.666666666666668,,,,,32.333333333333336,31.666666666666668
Mandera,2008-08-01,,34.0,,34.0,1,1,32.333333333333336,32.5,,,,,32.333333333333336,32.5
Mandera,2008-09-01,,34.0,,34.0,1,1,33.333333333333336,32.666666666666664,,,,,33.333333333333336,32.666666666666664
Mandera,2008-10-01,,35.0,,35.0,1,1,34.333333333333336,33.333333333333336,,,,,34.333333333333336,33.333333333333336
Mandera,2008-11-01,,36.0,,36.0,1,1,35.0,33.666666666666664,,,,,35.0,33.666666666666664
Mandera,2008-12-01,,37.0,,37.0,1,1,36.0,34.666666666666664,,,,,36.0,34.666666666666664
Mandera,2009-01-01,,37.0,,37.0,1,1,36.666666666666664,35.5,,,,,36.666666666666664,35.5
Mandera,2009-02-01,,35.0,,35.0,1,1,36.333333333333336,35.666666666666664,,,,,36.333333333333336,35.666666666666664
Mandera,2009-03-01,,37.0,,37.0,1,1,36.333333333333336,36.166666666666664,,,,,36.333333333333336,36.166666666666664
Mandera,2009-04-01,,39.0,,39.0,1,1,37.0,36.833333333333336,,,,,37.0,36.833333333333336
Mandera,2009-05-01,,40.0,,40.0,1,1,38.666666666666664,37.5,,,,,38.666666666666664,37.5
Mandera,2009-06-01,,43.0,,43.0,1,1,40.666666666666664,38.5,,,,,40.666666666666664,38.5
Mandera,2009-07-01,,44.0,,44.0,1,1,42.333333333333336,39.666666666666664,,,,,42.333333333333336,39.666666666666664
Mandera,2009-08-01,,44.0,,44.0,1,1,43.666666666666664,41.166666666666664,,,,,43.666666666666664,41.166666666666664
Mandera,2009-09-01,,40.0,,40.0,1,1,42.666666666666664,41.666666666666664,,,,,42.666666666666664,41.666666666666664
Mandera,2009-10-01,,41.0,,41.0,1,1,41.666666666666664,42.0,,,,,41.666666666666664,42.0
Mandera,2009-11-01,,39.0,,39.0,1,1,40.0,41.833333333333336,,,,,40.0,41.833333333333336
Mandera,2009-12-01,,36.0,,36.0,1,1,38.666666666666664,40.666666666666664,,,,,38.666666666666664,40.666666666666664
Mandera,2010-01-01,,36.0,,36.0,1,1,37.0,39.333333333333336,,,,,37.0,39.333333333333336
Mandera,2010-02-01,,39.0,,39.0,1,1,37.0,38.5,,,,,37.0,38.5
Mandera,2010-03-01,,34.0,,34.0,1,1,36.333333333333336,37.5,,,,,36.333333333333336,37.5
Mandera,2010-04-01,,33.0,,33.0,1,1,35.333333333333336,36.166666666666664,,,,,35.333333333333336,36.166666666666664
Mandera,2010-05-01,,36.0,,36.0,1,1,34.333333333333336,35.666666666666664,,,,,34.333333333333336,35.666666666666664
Mandera,2010-06-01,,39.0,,39.0,1,1,36.0,36.166666666666664,,,,,36.0,36.166666666666664
Mandera,2010-07-01,,41.0,,41.0,1,1,38.666666666666664,37.0,,,,,38.666666666666664,37.0
Mandera,2010-08-01,,44.0,,44.0,1,1,41.333333333333336,37.833333333333336,,,,,41.333333333333336,37.833333333333336
Mandera,2010-09-01,,45.0,,45.0,1,1,43.333333333333336,39.666666666666664,,,,,43.333333333333336,39.666666666666664
Mandera,2010-10-01,,45.0,,45.0,1,1,44.666666666666664,41.666666666666664,,,,,44.666666666666664,41.666666666666664
Mandera,2010-11-01,,47.0,,47.0,1,1,45.666666666666664,43.5,,,,,45.666666666666664,43.5
Mandera,2010-12-01,,49.0,,49.0,1,1,47.0,45.166666666666664,,,,,47.0,45.166666666666664
Mandera,2011-01-01,,50.0,,50.0,1,1,48.666666666666664,46.666666666666664,,,,,48.666666666666664,46.666666666666664
Mandera,2011-02-01,,51.0,,51.0,1,1,50.0,47.833333333333336,,,,,50.0,47.833333333333336
Mandera,2011-03-01,,52.0,,52.0,1,1,51.0,49.0,,,,,51.0,49.0
Mandera,2011-04-01,,54.0,,54.0,1,1,52.333333333333336,50.5,,,,,52.333333333333336,50.5
Mandera,2011-05-01,,57.0,,57.0,1,1,54.333333333333336,52.166666666666664,,,,,54.333333333333336,52.166666666666664
Mandera,2011-06-01,,59.0,,59.0,1,1,56.666666666666664,53.833333333333336,,,,,56.666666666666664,53.833333333333336
Mandera,2011-07-01,,63.0,,63.0,1,1,59.666666666666664,56.0,,,,,59.666666666666664,56.0
Mandera,2011-08-01,,63.0,,63.0,1,1,61.666666666666664,58.0,,,,,61.666666666666664,58.0
Mandera,2011-09-01,,65.0,,65.0,1,1,63.666666666666664,60.166666666666664,,,,,63.666666666666664,60.166666666666664
Mandera,2011-10-01,,67.0,,67.0,1,1,65.0,62.333333333333336,,,,,65.0,62.333333333333336
Mandera,2011-11-01,,65.0,,65.0,1,1,65.66666666666667,63.666666666666664,,,,,65.66666666666667,63.666666666666664
Mandera,2011-12-01,,60.0,,60.0,1,1,64.0,63.833333333333336,,,,,64.0,63.833333333333336
Mandera,2012-01-01,,76.0,,76.0,1,1,67.0,66.0,,,,,67.0,66.0
Mandera,2012-02-01,,76.0,,76.0,1,1,70.66666666666667,68.16666666666667,,,,,70.66666666666667,68.16666666666667
Mandera,2012-03-01,,78.0,,78.0,1,1,76.66666666666667,70.33333333333333,,,,,76.66666666666667,70.33333333333333
Mandera,2012-04-01,,78.24,,78.24,1,1,77.41333333333334,72.20666666666666,,,,,77.41333333333334,72.20666666666666
Mandera,2012-05-01,,78.67,,78.67,1,1,78.30333333333333,74.485,,,,,78.30333333333333,74.485
Mandera,2012-06-01,,79.0,,79.0,1,1,78.63666666666667,77.65166666666666,,,,,78.63666666666667,77.65166666666666
Mandera,2012-07-01,,80.0,,80.0,1,1,79.22333333333334,78.31833333333333,,,,,79.22333333333334,78.31833333333333
Mandera,2012-08-01,,80.0,,80.0,1,1,79.66666666666667,78.985,,,,,79.66666666666667,78.985
Mandera,2012-09-01,,80.0,,80.0,1,1,80.0,79.31833333333333,,,,,80.0,79.31833333333333
Mandera,2012-10-01,,79.0,,79.0,1,1,79.66666666666667,79.445,,,,,79.66666666666667,79.445
Mandera,2012-11-01,,79.0,,79.0,1,1,79.33333333333333,79.5,,,,,79.33333333333333,79.5
Mandera,2012-12-01,,80.0,,80.0,1,1,79.33333333333333,79.66666666666667,,,,,79.33333333333333,79.66666666666667
Mandera,2013-01-01,,78.0,,78.0,1,1,79.0,79.33333333333333,,,,,79.0,79.33333333333333
Mandera,2013-02-01,,78.0,,78.0,1,1,78.66666666666667,79.0,,,,,78.66666666666667,79.0
Mandera,2013-03-01,,79.0,,79.0,1,1,78.33333333333333,78.83333333333333,,,,,78.33333333333333,78.83333333333333
Mandera,2013-04-01,,80.0,,80.0,1,1,79.0,79.0,,,,,79.0,79.0
Mandera,2013-05-01,,80.0,,80.0,1,1,79.66666666666667,79.16666666666667,,,,,79.66666666666667,79.16666666666667
Mandera,2013-06-01,,78.0,,78.0,1,1,79.33333333333333,78.83333333333333,,,,,79.33333333333333,78.83333333333333
Mandera,2013-07-01,,83.0,,83.0,1,1,80.33333333333333,79.66666666666667,,,,,80.33333333333333,79.66666666666667
Mandera,2013-08-01,,76.0,,76.0,1,1,79.0,79.33333333333333,,,,,79.0,79.33333333333333
Mandera,2013-09-01,,67.0,,67.0,1,1,75.33333333333333,77.33333333333333,,,,,75.33333333333333,77.33333333333333
Mandera,2013-10-01,,69.0,,69.0,1,1,70.66666666666667,75.5,,,,,70.66666666666667,75.5
Mandera,2013-11-01,,67.0,,67.0,1,1,67.66666666666667,73.33333333333333,,,,,67.66666666666667,73.33333333333333
Mandera,2013-12-01,,64.0,,64.0,1,1,66.66666666666667,71.0,,,,,66.66666666666667,71.0
Mandera,2014-01-01,,60.0,,60.0,1,1,63.666666666666664,67.16666666666667,,,,,63.666666666666664,67.16666666666667
Mandera,2014-02-01,,57.0,,57.0,1,1,60.333333333333336,64.0,,,,,60.333333333333336,64.0
Mandera,2014-03-01,,57.0,,57.0,1,1,58.0,62.333333333333336,,,,,58.0,62.333333333333336
Mandera,2014-04-01,,56.0,,56.0,1,1,56.666666666666664,60.166666666666664,,,,,56.666666666666664,60.166666666666664
Mandera,2014-05-01,,56.0,,56.0,1,1,56.333333333333336,58.333333333333336,,,,,56.333333333333336,58.333333333333336
Mandera,2014-06-01,,57.0,,57.0,1,1,56.333333333333336,57.166666666666664,,,,,56.333333333333336,57.166666666666664
Mandera,2014-07-01,,59.0,,59.0,1,1,57.333333333333336,57.0,,,,,57.333333333333336,57.0
Mandera,2014-08-01,,61.0,,61.0,1,1,59.0,57.666666666666664,,,,,59.0,57.666666666666664
Mandera,2014-09-01,,63.0,,63.0,1,1,61.0,58.666666666666664,,,,,61.0,58.666666666666664
Mandera,2014-10-01,,66.0,,66.0,1,1,63.333333333333336,60.333333333333336,,,,,63.333333333333336,60.333333333333336
Mandera,2014-11-01,,64.0,,64.0,1,1,64.33333333333333,61.666666666666664,,,,,64.33333333333333,61.666666666666664
Mandera,2014-12-01,,60.0,,60.0,1,1,63.333333333333336,62.166666666666664,,,,,63.333333333333336,62.166666666666664
Mandera,2015-01-01,,66.0,,66.0,1,1,63.333333333333336,63.333333333333336,,,,,63.333333333333336,63.333333333333336
Mandera,2015-02-01,,66.0,,66.0,1,1,64.0,64.16666666666667,,,,,64.0,64.16666666666667
Mandera,2015-03-01,,68.0,,68.0,1,1,66.66666666666667,65.0,,,,,66.66666666666667,65.0
Mandera,2015-04-01,,68.0,,68.0,1,1,67.33333333333333,65.33333333333333,,,,,67.33333333333333,65.33333333333333
Mandera,2015-05-01,,65.0,,65.0,1,1,67.0,65.5,,,,,67.0,65.5
Mandera,2015-06-01,,65.0,,65.0,1,1,66.0,66.33333333333333,,,,,66.0,66.33333333333333
Mandera,2015-07-01,,67.0,,67.0,1,1,65.66666666666667,66.5,,,,,65.66666666666667,66.5
Mandera,2015-08-01,,68.0,,68.0,1,1,66.66666666666667,66.83333333333333,,,,,66.66666666666667,66.83333333333333
Mandera,2015-09-01,,65.0,,65.0,1,1,66.66666666666667,66.33333333333333,,,,,66.66666666666667,66.33333333333333
Mandera,2015-10-01,,65.0,,65.0,1,1,66.0,65.83333333333333,,,,,66.0,65.83333333333333
Mandera,2015-11-01,,66.0,,66.0,1,1,65.33333333333333,66.0,,,,,65.33333333333333,66.0
Mandera,2015-12-01,,65.0,,65.0,1,1,65.33333333333333,66.0,,,,,65.33333333333333,66.0
Mandera,2016-01-01,,60.0,,60.0,1,1,63.666666666666664,64.83333333333333,,,,,63.666666666666664,64.83333333333333
Mandera,2016-02-01,,61.0,,61.0,1,1,62.0,63.666666666666664,,,,,62.0,63.666666666666664
Mandera,2016-03-01,,62.0,,62.0,1,1,61.0,63.166666666666664,,,,,61.0,63.166666666666664
Mandera,2016-05-01,,65.0,,65.0,1,1,62.666666666666664,63.166666666666664,,,,,62.666666666666664,63.166666666666664
Mandera,2016-06-01,,66.0,,66.0,1,1,64.33333333333333,63.166666666666664,,,,,64.33333333333333,63.166666666666664
Mandera,2016-07-01,,66.0,,66.0,1,1,65.66666666666667,63.333333333333336,,,,,65.66666666666667,63.333333333333336
Mandera,2016-08-01,,64.0,,64.0,1,1,65.33333333333333,64.0,,,,,65.33333333333333,64.0
Mandera,2016-09-01,,46.6,,46.6,1,1,58.86666666666667,61.6,,,,,58.86666666666667,61.6
Mandera,2016-10-01,,63.0,,63.0,1,1,57.86666666666667,61.76666666666667,,,,,57.86666666666667,61.76666666666667
Mandera,2016-11-01,,65.0,,65.0,1,1,58.199999999999996,61.76666666666667,,,,,58.199999999999996,61.76666666666667
Mandera,2016-12-01,,66.0,,66.0,1,1,64.66666666666667,61.76666666666667,,,,,64.66666666666667,61.76666666666667
Mandera,2017-01-01,,66.0,,66.0,1,1,65.66666666666667,61.76666666666667,,,,,65.66666666666667,61.76666666666667
Mandera,2017-02-01,,64.0,,64.0,1,1,65.33333333333333,61.76666666666667,,,,,65.33333333333333,61.76666666666667
Mandera,2017-03-01,,68.6,,68.6,1,1,66.2,65.43333333333334,,,,,66.2,65.43333333333334
Mandera,2017-04-01,,65.0,,65.0,1,1,65.86666666666666,65.76666666666667,,,,,65.86666666666666,65.76666666666667
Mandera,2017-05-01,,64.0,,64.0,1,1,65.86666666666666,65.60000000000001,,,,,65.86666666666666,65.60000000000001
Mandera,2017-06-01,,66.0,,66.0,1,1,65.0,65.60000000000001,,,,,65.0,65.60000000000001
Mandera,2017-07-01,,66.0,,66.0,1,1,65.33333333333333,65.60000000000001,,,,,65.33333333333333,65.60000000000001
Mandera,2017-08-01,,67.0,,67.0,1,1,66.33333333333333,66.10000000000001,,,,,66.33333333333333,66.10000000000001
Mandera,2017-09-01,,70.0,,70.0,1,1,67.66666666666667,66.33333333333333,,,,,67.66666666666667,66.33333333333333
Mandera,2017-10-01,,70.0,,70.0,1,1,69.0,67.16666666666667,,,,,69.0,67.16666666666667
Mandera,2017-11-01,,65.0,,65.0,1,1,68.33333333333333,67.33333333333333,,,,,68.33333333333333,67.33333333333333
Mandera,2017-12-01,,67.0,,67.0,1,1,67.33333333333333,67.5,,,,,67.33333333333333,67.5
Mandera,2018-01-01,,67.5,,67.5,1,1,66.5,67.75,,,,,66.5,67.75
Mandera,2018-02-01,,67.0,,67.0,1,1,67.16666666666667,67.75,,,,,67.16666666666667,67.75
Mandera,2018-03-01,,65.0,,65.0,1,1,66.5,66.91666666666667,,,,,66.5,66.91666666666667
Mandera,2018-04-01,,63.0,,63.0,1,1,65.0,65.75,,,,,65.0,65.75
Mandera,2018-05-01,,66.0,,66.0,1,1,64.66666666666667,65.91666666666667,,,,,64.66666666666667,65.91666666666667
Mandera,2018-06-01,,64.0,,64.0,1,1,64.33333333333333,65.41666666666667,,,,,64.33333333333333,65.41666666666667
Mandera,2018-07-01,,63.0,,63.0,1,1,64.33333333333333,64.66666666666667,,,,,64.33333333333333,64.66666666666667
Mandera,2018-08-01,,64.0,,64.0,1,1,63.666666666666664,64.16666666666667,,,,,63.666666666666664,64.16666666666667
Mandera,2018-09-01,,67.0,,67.0,1,1,64.66666666666667,64.5,,,,,64.66666666666667,64.5
Mandera,2018-10-01,,67.0,,67.0,1,1,66.0,65.16666666666667,,,,,66.0,65.16666666666667
Mandera,2018-11-01,,65.0,,65.0,1,1,66.33333333333333,65.0,,,,,66.33333333333333,65.0
Mandera,2018-12-01,,68.0,,68.0,1,1,66.66666666666667,65.66666666666667,,,,,66.66666666666667,65.66666666666667
Mandera,2019-01-01,,68.0,,68.0,1,1,67.0,66.5,,,,,67.0,66.5
Mandera,2019-02-01,,70.0,,70.0,1,1,68.66666666666667,67.5,,,,,68.66666666666667,67.5
Mandera,2019-03-01,,75.0,,75.0,1,1,71.0,68.83333333333333,,,,,71.0,68.83333333333333
Mandera,2019-04-01,,74.0,,74.0,1,1,73.0,70.0,,,,,73.0,70.0
Mandera,2019-05-01,,75.0,,75.0,1,1,74.66666666666667,71.66666666666667,,,,,74.66666666666667,71.66666666666667
Mandera,2019-06-01,,75.0,,75.0,1,1,74.66666666666667,72.83333333333333,,,,,74.66666666666667,72.83333333333333
Mandera,2019-07-01,,76.9,,76.9,1,1,75.63333333333334,74.31666666666666,,,,,75.63333333333334,74.31666666666666
Mandera,2019-08-01,,80.0,,80.0,1,1,77.3,75.98333333333333,,,,,77.3,75.98333333333333
Mandera,2019-09-01,,81.8,,81.8,1,1,79.56666666666666,77.11666666666666,,,,,79.56666666666666,77.11666666666666
Mandera,2019-10-01,,80.0,,80.0,1,1,80.60000000000001,78.11666666666667,,,,,80.60000000000001,78.11666666666667
Mandera,2019-11-01,,85.0,,85.0,1,1,82.26666666666667,79.78333333333335,,,,,82.26666666666667,79.78333333333335
Mandera,2019-12-01,,80.0,,80.0,1,1,81.66666666666667,80.61666666666667,,,,,81.66666666666667,80.61666666666667
Mandera,2020-01-01,,80.0,,80.0,1,1,81.66666666666667,81.13333333333334,,,,,81.66666666666667,81.13333333333334
Mandera,2020-02-01,,79.0,,79.0,1,1,79.66666666666667,80.96666666666667,,,,,79.66666666666667,80.96666666666667
Mandera,2020-03-01,,77.0,,77.0,1,1,78.66666666666667,80.16666666666667,,,,,78.66666666666667,80.16666666666667
Mandera,2020-04-01,,81.0,,81.0,1,1,79.0,80.33333333333333,,,,,79.0,80.33333333333333
Mandera,2020-05-01,,82.0,,82.0,1,1,80.0,79.83333333333333,,,,,80.0,79.83333333333333
Mandera,2020-06-01,,82.0,,82.0,1,1,81.66666666666667,80.16666666666667,,,,,81.66666666666667,80.16666666666667
Mandera,2020-07-01,,81.0,,81.0,1,1,81.66666666666667,80.33333333333333,,,,,81.66666666666667,80.33333333333333
Mandera,2020-08-01,,82.0,,82.0,1,1,81.66666666666667,80.83333333333333,,,,,81.66666666666667,80.83333333333333
Mandera,2020-09-01,,84.0,,84.0,1,1,82.33333333333333,82.0,,,,,82.33333333333333,82.0
Mandera,2020-10-01,,82.0,,82.0,1,1,82.66666666666667,82.16666666666667,,,,,82.66666666666667,82.16666666666667
Mandera,2020-11-01,,83.0,,83.0,1,1,83.0,82.33333333333333,,,,,83.0,82.33333333333333
Mandera,2020-12-01,,82.0,,82.0,1,1,82.33333333333333,82.33333333333333,,,,,82.33333333333333,82.33333333333333
Mandera,2021-01-01,99.66666666666667,32.0,104.0,78.55555555555556,1,3,65.66666666666667,74.16666666666667,99.66666666666667,99.66666666666667,104.0,104.0,81.18518518518518,81.92592592592592
Mandera,2021-02-01,103.0,32.0,80.0,71.66666666666667,1,3,48.666666666666664,65.83333333333333,101.33333333333334,101.33333333333334,92.0,92.0,77.4074074074074,80.20370370370371
Mandera,2021-03-01,111.11111111111111,35.5,80.0,75.53703703703704,1,3,33.166666666666664,57.75,104.5925925925926,104.5925925925926,88.0,88.0,75.25308641975307,78.7932098765432
Mandera,2021-04-01,100.83333333333334,38.0,87.0,75.27777777777779,1,3,35.166666666666664,50.416666666666664,104.98148148148148,103.65277777777779,82.33333333333333,87.75,74.1604938271605,77.67283950617285
Mandera,2021-05-01,103.0,,,103.0,1,1,36.75,43.9,104.98148148148148,103.52222222222221,83.5,87.75,84.60493827160495,81.00617283950618
Mandera,2021-06-01,103.0,32.0,80.0,71.66666666666667,1,3,35.0,33.9,102.27777777777779,103.43518518518518,83.5,86.2,83.31481481481482,79.28395061728395
Mandera,2021-07-01,103.0,,,103.0,1,1,32.0,34.375,103.0,103.99074074074075,80.0,81.75,92.55555555555556,83.35802469135803
Mandera,2021-10-01,90.0,44.0,,67.0,1,2,38.0,37.375,98.66666666666667,101.82407407407408,80.0,82.33333333333333,80.55555555555556,82.58024691358024
Mandera,2021-12-01,90.1888888888889,40.0,118.44,82.8762962962963,1,3,42.0,38.5,94.39629629629628,98.33703703703704,118.44,95.14666666666666,84.2920987654321,83.80345679012346
Mandera,2022-01-01,91.37777777777778,44.0,124.66,86.67925925925927,1,3,42.666666666666664,40.0,90.52222222222223,96.7611111111111,121.55,107.7,78.85185185185185,85.7037037037037
Mandera,2022-02-01,92.08333333333334,44.5,130.0,88.86111111111113,1,3,42.833333333333336,40.9,91.21666666666665,94.94166666666666,124.36666666666667,113.275,86.1388888888889,83.34722222222223
Mandera,2022-03-01,89.875,46.0,128.0,87.95833333333333,1,3,44.833333333333336,43.7,91.11203703703704,92.75416666666666,127.55333333333333,125.275,87.8329012345679,86.0625
Mandera,2022-04-01,100.0,49.333333333333336,,74.66666666666667,1,2,46.611111111111114,44.638888888888886,93.98611111111113,92.25416666666666,129.0,125.275,83.82870370370371,81.34027777777779
Mandera,2022-05-01,120.83333333333333,56.0,128.0,101.6111111111111,1,3,50.44444444444445,46.638888888888886,103.56944444444444,97.39305555555556,128.0,125.82000000000001,88.0787037037037,87.1087962962963
Mandera,2022-06-01,126.0,,122.66,124.33,1,2,52.66666666666667,47.96666666666666,115.6111111111111,103.36157407407408,125.33,126.66399999999999,100.20259259259258,94.01774691358025
Mandera,2022-07-01,126.0,62.666666666666664,128.0,105.55555555555554,1,3,59.33333333333333,51.7,124.27777777777777,109.13194444444446,126.21999999999998,127.33200000000002,110.49888888888889,97.1637962962963
Mandera,2022-08-01,126.0,64.0,128.0,106.0,1,3,63.33333333333333,55.6,126.0,114.78472222222223,126.21999999999998,126.93200000000002,111.96185185185186,100.02027777777778
Mandera,2022-09-01,126.0,66.0,128.0,106.66666666666667,1,3,64.22222222222221,59.6,126.0,120.80555555555556,128.0,126.93200000000002,106.07407407407408,103.13833333333332
Mandera,2022-10-01,138.8,70.0,132.2666,113.68886666666667,1,3,66.66666666666667,63.73333333333333,130.26666666666668,127.27222222222224,129.4222,127.8211,108.78517777777779,109.64203333333334
Mandera,2022-11-01,182.0,69.0,132.0,127.66666666666667,1,3,68.33333333333333,66.33333333333333,148.93333333333334,137.46666666666667,130.75553333333335,128.48776666666666,116.0074,113.98462592592593
Mandera,2023-02-01,158.73333333333335,67.33333333333333,147.2066,124.42442222222223,1,3,68.77777777777777,66.5,159.84444444444446,142.92222222222222,137.15773333333334,132.57886666666664,121.92665185185184,114.00036296296297
Mandera,2023-03-01,156.66666666666669,72.0,160.0,129.55555555555557,1,3,69.44444444444444,68.05555555555556,165.8,148.03333333333333,146.4022,137.91219999999998,127.21554814814817,118.00036296296298
Mandera,2023-04-01,156.2,64.975,161.75,127.64166666666665,1,3,68.10277777777777,68.21805555555555,157.20000000000002,153.0666666666667,156.31886666666665,143.53719999999998,127.2072148148148,121.60730740740742
Mandera,2023-06-01,175.0,68.0,171.6,138.20000000000002,1,3,68.325,68.55138888888888,162.62222222222223,161.23333333333335,164.45000000000002,150.80386666666666,131.79907407407407,126.86286296296298
Mandera,2023-12-01,233.0,128.0,179.66666666666666,180.2222222222222,1,3,86.99166666666667,78.21805555555555,188.0666666666667,176.93333333333337,171.00555555555556,158.70387777777776,148.68796296296296,137.95175555555556
Mandera,2024-03-01,210.4,110.0,159.0,159.79999999999998,1,3,102.0,85.05138888888888,206.13333333333333,181.66666666666666,170.08888888888887,163.20387777777776,159.40740740740742,143.30731111111112
Mandera,2024-06-01,157.0,,140.0,148.5,1,2,119.0,88.595,200.13333333333333,181.37777777777777,159.55555555555554,162.00277777777777,162.84074074074076,147.3199074074074
Mandera,2024-09-01,120.0,100.0,245.0,155.0,1,3,105.0,94.195,162.46666666666667,175.26666666666665,181.33333333333334,176.16944444444445,154.43333333333334,151.56064814814815
Mandera,2024-12-01,,,120.0,120.0,1,1,100.0,101.5,138.5,179.07999999999998,168.33333333333334,169.2111111111111,141.16666666666666,150.28703703703704
Mandera,2025-03-01,187.0,150.0,127.0,154.66666666666666,1,3,125.0,122.0,153.5,181.48,164.0,161.7777777777778,143.2222222222222,153.03148148148148
Mandera,2025-06-01,220.0,117.66666666666667,142.66666666666666,160.11111111111111,1,3,133.83333333333334,119.41666666666667,203.5,178.88000000000002,129.88888888888889,155.61111111111111,144.92592592592592,149.67962962962963
Mandera,2025-09-01,144.0,108.5,141.66666666666666,131.38888888888889,1,3,125.3888888888889,119.04166666666667,183.66666666666666,165.6,137.11111111111111,152.72222222222223,148.72222222222226,144.94444444444443
Mandera,2025-12-01,200.0,93.75,133.2,142.31666666666666,1,3,106.6388888888889,113.98333333333332,188.0,174.2,139.17777777777778,151.58888888888887,144.60555555555558,143.9138888888889
Marsabit,2006-01-01,,21.0,,21.0,1,1,21.0,21.0,,,,,21.0,21.0
Marsabit,2006-02-01,,22.0,,22.0,1,1,21.5,21.5,,,,,21.5,21.5
Marsabit,2006-03-01,,22.0,,22.0,1,1,21.666666666666668,21.666666666666668,,,,,21.666666666666668,21.666666666666668
Marsabit,2006-04-01,,24.0,,24.0,1,1,22.666666666666668,22.25,,,,,22.666666666666668,22.25
Marsabit,2006-05-01,,22.0,,22.0,1,1,22.666666666666668,22.2,,,,,22.666666666666668,22.2
Marsabit,2006-06-01,,20.0,,20.0,1,1,22.0,21.833333333333332,,,,,22.0,21.833333333333332
Marsabit,2006-07-01,,21.0,,21.0,1,1,21.0,21.833333333333332,,,,,21.0,21.833333333333332
Marsabit,2006-08-01,,22.0,,22.0,1,1,21.0,21.833333333333332,,,,,21.0,21.833333333333332
Marsabit,2006-09-01,,20.0,,20.0,1,1,21.0,21.5,,,,,21.0,21.5
Marsabit,2006-10-01,,21.0,,21.0,1,1,21.0,21.0,,,,,21.0,21.0
Marsabit,2006-11-01,,20.0,,20.0,1,1,20.333333333333332,20.666666666666668,,,,,20.333333333333332,20.666666666666668
Marsabit,2006-12-01,,20.0,,20.0,1,1,20.333333333333332,20.666666666666668,,,,,20.333333333333332,20.666666666666668
Marsabit,2007-01-01,,16.0,,16.0,1,1,18.666666666666668,19.833333333333332,,,,,18.666666666666668,19.833333333333332
Marsabit,2007-02-01,,16.0,,16.0,1,1,17.333333333333332,18.833333333333332,,,,,17.333333333333332,18.833333333333332
Marsabit,2007-03-01,,14.0,,14.0,1,1,15.333333333333334,17.833333333333332,,,,,15.333333333333334,17.833333333333332
Marsabit,2007-04-01,,12.0,,12.0,1,1,14.0,16.333333333333332,,,,,14.0,16.333333333333332
Marsabit,2007-05-01,,15.0,,15.0,1,1,13.666666666666666,15.5,,,,,13.666666666666666,15.5
Marsabit,2007-06-01,,15.0,,15.0,1,1,14.0,14.666666666666666,,,,,14.0,14.666666666666666
Marsabit,2007-07-01,,15.0,,15.0,1,1,15.0,14.5,,,,,15.0,14.5
Marsabit,2007-08-01,,15.0,,15.0,1,1,15.0,14.333333333333334,,,,,15.0,14.333333333333334
Marsabit,2007-09-01,,18.0,,18.0,1,1,16.0,15.0,,,,,16.0,15.0
Marsabit,2007-10-01,,15.0,,15.0,1,1,16.0,15.5,,,,,16.0,15.5
Marsabit,2007-11-01,,18.0,,18.0,1,1,17.0,16.0,,,,,17.0,16.0
Marsabit,2007-12-01,,23.0,,23.0,1,1,18.666666666666668,17.333333333333332,,,,,18.666666666666668,17.333333333333332
Marsabit,2008-01-01,,22.0,,22.0,1,1,21.0,18.5,,,,,21.0,18.5
Marsabit,2008-02-01,,23.0,,23.0,1,1,22.666666666666668,19.833333333333332,,,,,22.666666666666668,19.833333333333332
Marsabit,2008-03-01,,24.0,,24.0,1,1,23.0,20.833333333333332,,,,,23.0,20.833333333333332
Marsabit,2008-04-01,,26.0,,26.0,1,1,24.333333333333332,22.666666666666668,,,,,24.333333333333332,22.666666666666668
Marsabit,2008-05-01,,27.0,,27.0,1,1,25.666666666666668,24.166666666666668,,,,,25.666666666666668,24.166666666666668
Marsabit,2008-06-01,,27.0,,27.0,1,1,26.666666666666668,24.833333333333332,,,,,26.666666666666668,24.833333333333332
Marsabit,2008-07-01,,29.0,,29.0,1,1,27.666666666666668,26.0,,,,,27.666666666666668,26.0
Marsabit,2008-08-01,,30.0,,30.0,1,1,28.666666666666668,27.166666666666668,,,,,28.666666666666668,27.166666666666668
Marsabit,2008-09-01,,31.0,,31.0,1,1,30.0,28.333333333333332,,,,,30.0,28.333333333333332
Marsabit,2008-10-01,,32.0,,32.0,1,1,31.0,29.333333333333332,,,,,31.0,29.333333333333332
Marsabit,2008-11-01,,42.0,,42.0,1,1,35.0,31.833333333333332,,,,,35.0,31.833333333333332
Marsabit,2008-12-01,,42.0,,42.0,1,1,38.666666666666664,34.333333333333336,,,,,38.666666666666664,34.333333333333336
Marsabit,2009-01-01,,44.0,,44.0,1,1,42.666666666666664,36.833333333333336,,,,,42.666666666666664,36.833333333333336
Marsabit,2009-02-01,,42.0,,42.0,1,1,42.666666666666664,38.833333333333336,,,,,42.666666666666664,38.833333333333336
Marsabit,2009-03-01,,42.0,,42.0,1,1,42.666666666666664,40.666666666666664,,,,,42.666666666666664,40.666666666666664
Marsabit,2009-04-01,,44.0,,44.0,1,1,42.666666666666664,42.666666666666664,,,,,42.666666666666664,42.666666666666664
Marsabit,2009-05-01,,46.0,,46.0,1,1,44.0,43.333333333333336,,,,,44.0,43.333333333333336
Marsabit,2009-06-01,,45.0,,45.0,1,1,45.0,43.833333333333336,,,,,45.0,43.833333333333336
Marsabit,2009-07-01,,47.5,,47.5,1,1,46.166666666666664,44.416666666666664,,,,,46.166666666666664,44.416666666666664
Marsabit,2009-08-01,,42.5,,42.5,1,1,45.0,44.5,,,,,45.0,44.5
Marsabit,2009-09-01,,43.0,,43.0,1,1,44.333333333333336,44.666666666666664,,,,,44.333333333333336,44.666666666666664
Marsabit,2009-10-01,,43.0,,43.0,1,1,42.833333333333336,44.5,,,,,42.833333333333336,44.5
Marsabit,2009-11-01,,43.0,,43.0,1,1,43.0,44.0,,,,,43.0,44.0
Marsabit,2009-12-01,,43.0,,43.0,1,1,43.0,43.666666666666664,,,,,43.0,43.666666666666664
Marsabit,2010-01-01,,42.5,,42.5,1,1,42.833333333333336,42.833333333333336,,,,,42.833333333333336,42.833333333333336
Marsabit,2010-02-01,,42.5,,42.5,1,1,42.666666666666664,42.833333333333336,,,,,42.666666666666664,42.833333333333336
Marsabit,2010-03-01,,38.0,,38.0,1,1,41.0,42.0,,,,,41.0,42.0
Marsabit,2010-04-01,,33.0,,33.0,1,1,37.833333333333336,40.333333333333336,,,,,37.833333333333336,40.333333333333336
Marsabit,2010-05-01,,32.5,,32.5,1,1,34.5,38.583333333333336,,,,,34.5,38.583333333333336
Marsabit,2010-06-01,,33.0,,33.0,1,1,32.833333333333336,36.916666666666664,,,,,32.833333333333336,36.916666666666664
Marsabit,2010-07-01,,32.5,,32.5,1,1,32.666666666666664,35.25,,,,,32.666666666666664,35.25
Marsabit,2010-08-01,,32.0,,32.0,1,1,32.5,33.5,,,,,32.5,33.5
Marsabit,2010-09-01,,32.0,,32.0,1,1,32.166666666666664,32.5,,,,,32.166666666666664,32.5
Marsabit,2010-10-01,,30.0,,30.0,1,1,31.333333333333332,32.0,,,,,31.333333333333332,32.0
Marsabit,2010-11-01,,32.0,,32.0,1,1,31.333333333333332,31.916666666666668,,,,,31.333333333333332,31.916666666666668
Marsabit,2010-12-01,,32.0,,32.0,1,1,31.333333333333332,31.75,,,,,31.333333333333332,31.75
Marsabit,2011-01-01,,38.0,,38.0,1,1,34.0,32.666666666666664,,,,,34.0,32.666666666666664
Marsabit,2011-02-01,,36.0,,36.0,1,1,35.333333333333336,33.333333333333336,,,,,35.333333333333336,33.333333333333336
Marsabit,2011-03-01,,36.0,,36.0,1,1,36.666666666666664,34.0,,,,,36.666666666666664,34.0
Marsabit,2011-04-01,,44.0,,44.0,1,1,38.666666666666664,36.333333333333336,,,,,38.666666666666664,36.333333333333336
Marsabit,2011-05-01,,44.6,,44.6,1,1,41.53333333333333,38.43333333333333,,,,,41.53333333333333,38.43333333333333
Marsabit,2011-06-01,,45.6,,45.6,1,1,44.73333333333333,40.699999999999996,,,,,44.73333333333333,40.699999999999996
Marsabit,2011-07-01,,53.0,,53.0,1,1,47.73333333333333,43.199999999999996,,,,,47.73333333333333,43.199999999999996
Marsabit,2011-08-01,,59.16,,59.16,1,1,52.586666666666666,47.06,,,,,52.586666666666666,47.06
Marsabit,2011-09-01,,62.22,,62.22,1,1,58.126666666666665,51.43,,,,,58.126666666666665,51.43
Marsabit,2012-01-01,,50.9,,50.9,1,1,57.42666666666667,52.580000000000005,,,,,57.42666666666667,52.580000000000005
Marsabit,2012-02-01,,44.1,,44.1,1,1,52.406666666666666,52.49666666666666,,,,,52.406666666666666,52.49666666666666
Marsabit,2012-03-01,,49.12,,49.12,1,1,48.04,53.083333333333336,,,,,48.04,53.083333333333336
Marsabit,2012-04-01,,50.54,,50.54,1,1,47.919999999999995,52.67333333333334,,,,,47.919999999999995,52.67333333333334
Marsabit,2012-05-01,,44.5,,44.5,1,1,48.053333333333335,50.23,,,,,48.053333333333335,50.23
Marsabit,2012-06-01,,52.94,,52.94,1,1,49.32666666666666,48.68333333333334,,,,,49.32666666666666,48.68333333333334
Marsabit,2012-07-01,,50.12,,50.12,1,1,49.18666666666667,48.553333333333335,,,,,49.18666666666667,48.553333333333335
Marsabit,2012-08-01,,51.6,,51.6,1,1,51.553333333333335,49.803333333333335,,,,,51.553333333333335,49.803333333333335
Marsabit,2012-09-01,,51.2,,51.2,1,1,50.973333333333336,50.15,,,,,50.973333333333336,50.15
Marsabit,2012-10-01,,51.7,,51.7,1,1,51.5,50.343333333333334,,,,,51.5,50.343333333333334
Marsabit,2012-11-01,,51.8,,51.8,1,1,51.56666666666666,51.56,,,,,51.56666666666666,51.56
Marsabit,2012-12-01,,50.4,,50.4,1,1,51.300000000000004,51.13666666666666,,,,,51.300000000000004,51.13666666666666
Marsabit,2013-01-01,,53.4,,53.4,1,1,51.86666666666667,51.68333333333333,,,,,51.86666666666667,51.68333333333333
Marsabit,2013-02-01,,47.5,,47.5,1,1,50.43333333333334,51.0,,,,,50.43333333333334,51.0
Marsabit,2013-04-01,,47.6,,47.6,1,1,49.5,50.4,,,,,49.5,50.4
Marsabit,2013-05-01,,50.3,,50.3,1,1,48.46666666666667,50.166666666666664,,,,,48.46666666666667,50.166666666666664
Marsabit,2013-06-01,,45.0,,45.0,1,1,47.63333333333333,49.03333333333333,,,,,47.63333333333333,49.03333333333333
Marsabit,2013-07-01,,50.5,,50.5,1,1,48.6,49.050000000000004,,,,,48.6,49.050000000000004
Marsabit,2013-08-01,,50.4,,50.4,1,1,48.633333333333326,48.550000000000004,,,,,48.633333333333326,48.550000000000004
Marsabit,2013-09-01,,43.75,,43.75,1,1,48.21666666666666,47.925000000000004,,,,,48.21666666666666,47.925000000000004
Marsabit,2013-10-01,,52.38,,52.38,1,1,48.843333333333334,48.721666666666664,,,,,48.843333333333334,48.721666666666664
Marsabit,2013-11-01,,55.34,,55.34,1,1,50.49,49.56166666666667,,,,,50.49,49.56166666666667
Marsabit,2013-12-01,,56.77,,56.77,1,1,54.830000000000005,51.52333333333333,,,,,54.830000000000005,51.52333333333333
Marsabit,2014-01-01,,53.36,,53.36,1,1,55.15666666666667,52.0,,,,,55.15666666666667,52.0
Marsabit,2014-02-01,,50.96,,50.96,1,1,53.696666666666665,52.09333333333334,,,,,53.696666666666665,52.09333333333334
Marsabit,2014-03-01,,48.16,,48.16,1,1,50.82666666666666,52.82833333333334,,,,,50.82666666666666,52.82833333333334
Marsabit,2014-04-01,,44.7,,44.7,1,1,47.94,51.548333333333325,,,,,47.94,51.548333333333325
Marsabit,2014-05-01,,46.67,,46.67,1,1,46.51,50.10333333333333,,,,,46.51,50.10333333333333
Marsabit,2014-06-01,,51.5,,51.5,1,1,47.623333333333335,49.225,,,,,47.623333333333335,49.225
Marsabit,2014-07-01,,49.6,,49.6,1,1,49.25666666666667,48.59833333333333,,,,,49.25666666666667,48.59833333333333
Marsabit,2014-08-01,,53.6,,53.6,1,1,51.56666666666666,49.038333333333334,,,,,51.56666666666666,49.038333333333334
Marsabit,2014-09-01,,49.1,,49.1,1,1,50.76666666666667,49.195,,,,,50.76666666666667,49.195
Marsabit,2014-10-01,,51.2,,51.2,1,1,51.300000000000004,50.278333333333336,,,,,51.300000000000004,50.278333333333336
Marsabit,2014-11-01,,50.7,,50.7,1,1,50.333333333333336,50.95000000000001,,,,,50.333333333333336,50.95000000000001
Marsabit,2014-12-01,,48.8,,48.8,1,1,50.23333333333333,50.5,,,,,50.23333333333333,50.5
Marsabit,2015-01-01,,48.9,,48.9,1,1,49.46666666666667,50.38333333333333,,,,,49.46666666666667,50.38333333333333
Marsabit,2015-02-01,,52.1,,52.1,1,1,49.93333333333334,50.13333333333333,,,,,49.93333333333334,50.13333333333333
Marsabit,2015-03-01,,49.4,,49.4,1,1,50.13333333333333,50.18333333333334,,,,,50.13333333333333,50.18333333333334
Marsabit,2015-04-01,,48.4,,48.4,1,1,49.96666666666666,49.71666666666667,,,,,49.96666666666666,49.71666666666667
Marsabit,2015-05-01,,48.8,,48.8,1,1,48.86666666666667,49.4,,,,,48.86666666666667,49.4
Marsabit,2015-06-01,,49.2,,49.2,1,1,48.79999999999999,49.46666666666666,,,,,48.79999999999999,49.46666666666666
Marsabit,2015-07-01,,51.3,,51.3,1,1,49.76666666666667,49.86666666666667,,,,,49.76666666666667,49.86666666666667
Marsabit,2015-08-01,,50.3,,50.3,1,1,50.26666666666667,49.56666666666666,,,,,50.26666666666667,49.56666666666666
Marsabit,2015-09-01,,51.4,,51.4,1,1,51.0,49.9,,,,,51.0,49.9
Marsabit,2015-10-01,,51.6,,51.6,1,1,51.1,50.43333333333334,,,,,51.1,50.43333333333334
Marsabit,2015-12-01,,51.2,,51.2,1,1,51.4,50.833333333333336,,,,,51.4,50.833333333333336
Marsabit,2016-01-01,,48.0,,48.0,1,1,50.26666666666667,50.63333333333333,,,,,50.26666666666667,50.63333333333333
Marsabit,2016-02-01,,47.3,,47.3,1,1,48.833333333333336,49.96666666666666,,,,,48.833333333333336,49.96666666666666
Marsabit,2016-03-01,,47.7,,47.7,1,1,47.666666666666664,49.53333333333333,,,,,47.666666666666664,49.53333333333333
Marsabit,2016-05-01,,43.0,,43.0,1,1,46.0,48.13333333333333,,,,,46.0,48.13333333333333
Marsabit,2016-06-01,,43.9,,43.9,1,1,44.86666666666667,46.85,,,,,44.86666666666667,46.85
Marsabit,2016-07-01,,42.4,,42.4,1,1,43.1,45.38333333333333,,,,,43.1,45.38333333333333
Marsabit,2016-08-01,,42.7,,42.7,1,1,43.0,44.5,,,,,43.0,44.5
Marsabit,2016-09-01,,43.3,,43.3,1,1,42.79999999999999,43.833333333333336,,,,,42.79999999999999,43.833333333333336
Marsabit,2016-10-01,,46.5,,46.5,1,1,44.166666666666664,43.63333333333333,,,,,44.166666666666664,43.63333333333333
Marsabit,2016-11-01,,45.8,,45.8,1,1,45.199999999999996,44.1,,,,,45.199999999999996,44.1
Marsabit,2016-12-01,,45.5,,45.5,1,1,45.93333333333334,44.36666666666667,,,,,45.93333333333334,44.36666666666667
Marsabit,2017-01-01,,46.7,,46.7,1,1,46.0,45.083333333333336,,,,,46.0,45.083333333333336
Marsabit,2017-02-01,,47.0,,47.0,1,1,46.4,45.800000000000004,,,,,46.4,45.800000000000004
Marsabit,2017-03-01,,46.6,,46.6,1,1,46.76666666666667,46.35,,,,,46.76666666666667,46.35
Marsabit,2017-04-01,,52.9,,52.9,1,1,48.833333333333336,47.416666666666664,,,,,48.833333333333336,47.416666666666664
Marsabit,2017-05-01,,47.0,,47.0,1,1,48.833333333333336,47.61666666666667,,,,,48.833333333333336,47.61666666666667
Marsabit,2017-06-01,,49.0,,49.0,1,1,49.63333333333333,48.199999999999996,,,,,49.63333333333333,48.199999999999996
Marsabit,2017-07-01,,51.0,,51.0,1,1,49.0,48.916666666666664,,,,,49.0,48.916666666666664
Marsabit,2017-08-01,,52.0,,52.0,1,1,50.666666666666664,49.75,,,,,50.666666666666664,49.75
Marsabit,2017-09-01,,53.0,,53.0,1,1,52.0,50.81666666666666,,,,,52.0,50.81666666666666
Marsabit,2017-10-01,,49.0,,49.0,1,1,51.333333333333336,50.166666666666664,,,,,51.333333333333336,50.166666666666664
Marsabit,2017-11-01,,48.0,,48.0,1,1,50.0,50.333333333333336,,,,,50.0,50.333333333333336
Marsabit,2017-12-01,,50.0,,50.0,1,1,49.0,50.5,,,,,49.0,50.5
Marsabit,2018-01-01,,52.0,,52.0,1,1,50.0,50.666666666666664,,,,,50.0,50.666666666666664
Marsabit,2018-02-01,,53.0,,53.0,1,1,51.666666666666664,50.833333333333336,,,,,51.666666666666664,50.833333333333336
Marsabit,2018-03-01,,52.0,,52.0,1,1,52.333333333333336,50.666666666666664,,,,,52.333333333333336,50.666666666666664
Marsabit,2018-04-01,,53.0,,53.0,1,1,52.666666666666664,51.333333333333336,,,,,52.666666666666664,51.333333333333336
Marsabit,2018-05-01,,48.0,,48.0,1,1,51.0,51.333333333333336,,,,,51.0,51.333333333333336
Marsabit,2018-06-01,,45.0,,45.0,1,1,48.666666666666664,50.5,,,,,48.666666666666664,50.5
Marsabit,2018-07-01,,41.0,,41.0,1,1,44.666666666666664,48.666666666666664,,,,,44.666666666666664,48.666666666666664
Marsabit,2018-08-01,,39.0,,39.0,1,1,41.666666666666664,46.333333333333336,,,,,41.666666666666664,46.333333333333336
Marsabit,2018-09-01,,41.0,,41.0,1,1,40.333333333333336,44.5,,,,,40.333333333333336,44.5
Marsabit,2018-10-01,,42.0,,42.0,1,1,40.666666666666664,42.666666666666664,,,,,40.666666666666664,42.666666666666664
Marsabit,2018-11-01,,44.0,,44.0,1,1,42.333333333333336,42.0,,,,,42.333333333333336,42.0
Marsabit,2018-12-01,,43.0,,43.0,1,1,43.0,41.666666666666664,,,,,43.0,41.666666666666664
Marsabit,2019-01-01,,41.0,,41.0,1,1,42.666666666666664,41.666666666666664,,,,,42.666666666666664,41.666666666666664
Marsabit,2019-02-01,,44.0,,44.0,1,1,42.666666666666664,42.5,,,,,42.666666666666664,42.5
Marsabit,2019-03-01,,47.0,,47.0,1,1,44.0,43.5,,,,,44.0,43.5
Marsabit,2019-04-01,,49.0,,49.0,1,1,46.666666666666664,44.666666666666664,,,,,46.666666666666664,44.666666666666664
Marsabit,2019-05-01,,50.0,,50.0,1,1,48.666666666666664,45.666666666666664,,,,,48.666666666666664,45.666666666666664
Marsabit,2019-06-01,,47.0,,47.0,1,1,48.666666666666664,46.333333333333336,,,,,48.666666666666664,46.333333333333336
Marsabit,2019-07-01,,46.0,,46.0,1,1,47.666666666666664,47.166666666666664,,,,,47.666666666666664,47.166666666666664
Marsabit,2019-08-01,,46.8,,46.8,1,1,46.6,47.63333333333333,,,,,46.6,47.63333333333333
Marsabit,2019-09-01,,46.5,,46.5,1,1,46.43333333333334,47.550000000000004,,,,,46.43333333333334,47.550000000000004
Marsabit,2019-10-01,,50.0,,50.0,1,1,47.76666666666667,47.71666666666667,,,,,47.76666666666667,47.71666666666667
Marsabit,2019-11-01,,49.0,,49.0,1,1,48.5,47.550000000000004,,,,,48.5,47.550000000000004
Marsabit,2019-12-01,,45.0,,45.0,1,1,48.0,47.21666666666667,,,,,48.0,47.21666666666667
Marsabit,2020-03-01,,43.0,,43.0,1,1,45.666666666666664,46.71666666666667,,,,,45.666666666666664,46.71666666666667
Marsabit,2020-05-01,,48.0,,48.0,1,1,45.333333333333336,46.916666666666664,,,,,45.333333333333336,46.916666666666664
Marsabit,2020-06-01,,46.0,,46.0,1,1,45.666666666666664,46.833333333333336,,,,,45.666666666666664,46.833333333333336
Marsabit,2020-07-01,,47.0,,47.0,1,1,47.0,46.333333333333336,,,,,47.0,46.333333333333336
Marsabit,2020-08-01,,45.0,,45.0,1,1,46.0,45.666666666666664,,,,,46.0,45.666666666666664
Marsabit,2020-09-01,,45.0,,45.0,1,1,45.666666666666664,45.666666666666664,,,,,45.666666666666664,45.666666666666664
Marsabit,2020-10-01,,44.0,,44.0,1,1,44.666666666666664,45.833333333333336,,,,,44.666666666666664,45.833333333333336
Marsabit,2020-11-01,,44.0,,44.0,1,1,44.333333333333336,45.166666666666664,,,,,44.333333333333336,45.166666666666664
Marsabit,2020-12-01,,47.0,,47.0,1,1,45.0,45.333333333333336,,,,,45.0,45.333333333333336
Marsabit,2021-06-01,100.0,40.0,100.0,80.0,1,3,43.666666666666664,44.166666666666664,100.0,100.0,100.0,100.0,57.0,50.833333333333336
Marsabit,2021-07-01,100.0,40.0,100.0,80.0,1,3,42.333333333333336,43.333333333333336,100.0,100.0,100.0,100.0,69.0,56.666666666666664
Marsabit,2021-11-01,200.0,,190.0,195.0,1,2,40.0,43.0,133.33333333333334,133.33333333333334,130.0,130.0,118.33333333333333,81.66666666666667
Marsabit,2022-01-01,125.0,,123.33,124.16499999999999,1,2,40.0,42.75,141.66666666666666,131.25,137.77666666666667,128.3325,133.05499999999998,95.02749999999999
Marsabit,2022-02-01,125.0,,123.57,124.285,1,2,,42.333333333333336,150.0,130.0,145.63333333333333,127.38,147.81666666666666,108.40833333333335
Marsabit,2022-03-01,125.0,,125.0,125.0,1,2,,40.0,125.0,129.16666666666666,123.96666666666665,126.98333333333333,124.48333333333333,121.40833333333335
Marsabit,2023-12-01,167.33333333333334,86.11111111111111,136.11111111111111,129.85185185185185,1,3,86.11111111111111,63.05555555555556,139.11111111111111,140.38888888888889,128.22703703703704,133.00185185185185,126.37895061728393,129.71697530864196
Marsabit,2024-03-01,143.875,76.77777777777777,145.88888888888889,122.18055555555554,1,3,81.44444444444444,81.44444444444444,145.4027777777778,147.70138888888889,135.66666666666666,140.65,125.67746913580247,136.74706790123457
Marsabit,2024-06-01,130.92857142857142,76.66666666666667,136.77777777777777,114.79100529100528,1,3,79.85185185185185,79.85185185185185,147.37896825396825,136.18948412698413,139.5925925925926,131.77962962962962,122.27447089947088,123.37890211640212
Marsabit,2024-09-01,133.83333333333334,68.0,131.625,111.15277777777779,1,3,73.81481481481482,76.88888888888889,136.2123015873016,137.66170634920636,138.0972222222222,133.16212962962962,116.04144620811287,121.2101984126984
Marsabit,2024-12-01,,,133.4,133.4,1,1,72.33333333333334,76.88888888888889,132.3809523809524,140.1940476190476,133.93425925925925,134.80046296296297,119.7812610229277,122.72936507936508
Marsabit,2025-03-01,125.0,60.0,147.5,110.83333333333333,1,3,64.0,73.5111111111111,129.41666666666669,140.1940476190476,137.50833333333333,138.55046296296297,118.46203703703704,120.36825396825395
Marsabit,2025-12-01,107.0,98.5,123.0,109.5,1,3,79.25,75.9888888888889,116.0,128.12738095238095,134.63333333333333,136.36527777777778,117.91111111111111,116.97627865961199
Nyeri,2021-01-01,81.46666666666667,,,81.46666666666667,1,1,,,81.46666666666667,81.46666666666667,,,81.46666666666667,81.46666666666667
Nyeri,2021-02-01,83.35,,,83.35,1,1,,,82.40833333333333,82.40833333333333,,,82.40833333333333,82.40833333333333
Nyeri,2021-03-01,87.1,28.9,,58.0,1,2,28.9,28.9,83.97222222222221,83.97222222222221,,,74.27222222222223,74.27222222222223
Nyeri,2021-05-01,80.55000000000001,33.3,,56.925000000000004,1,2,31.099999999999998,31.099999999999998,83.66666666666667,83.11666666666667,,,66.09166666666667,69.93541666666667
Nyeri,2021-06-01,92.60000000000001,31.1,,61.85000000000001,1,2,31.099999999999998,31.099999999999998,86.75,85.01333333333334,,,58.925000000000004,68.31833333333334
Nyeri,2021-07-01,83.35,31.1,,57.224999999999994,1,2,31.833333333333332,31.1,85.5,84.73611111111111,,,58.666666666666664,66.46944444444445
Nyeri,2021-09-01,97.03333333333335,31.1,,64.06666666666668,1,2,31.1,31.1,90.99444444444445,87.33055555555556,,,61.047222222222224,63.56944444444446
Nyeri,2021-11-01,,35.6,,35.6,1,1,32.6,31.849999999999998,90.19166666666666,88.12666666666667,,,52.297222222222224,55.611111111111114
Nyeri,2021-12-01,,36.7,,36.7,1,1,34.46666666666667,33.15,97.03333333333335,88.38333333333333,,,45.45555555555557,52.06111111111111
Nyeri,2022-01-01,78.89999999999999,38.9,,58.89999999999999,1,2,37.06666666666667,34.083333333333336,78.89999999999999,87.97083333333335,,,43.73333333333333,52.39027777777778
Nyeri,2022-02-01,77.8,37.25,130.0,81.68333333333334,1,3,37.61666666666667,35.10833333333333,78.35,84.27083333333334,130.0,130.0,59.09444444444444,55.69583333333333
Nyeri,2022-03-01,,33.3,,33.3,1,1,36.483333333333334,35.475,78.35,84.57777777777778,130.0,130.0,57.96111111111111,51.708333333333336
Nyeri,2022-04-01,,33.3,,33.3,1,1,34.61666666666667,35.84166666666667,77.8,78.35000000000001,130.0,130.0,49.42777777777778,46.580555555555556
Nyeri,2022-05-01,,48.9,160.0,104.45,1,2,38.5,38.05833333333333,,78.35000000000001,160.0,145.0,57.01666666666667,58.05555555555555
Nyeri,2022-06-01,112.96666666666665,68.9,160.0,113.95555555555556,1,3,50.366666666666674,43.42499999999999,112.96666666666665,89.88888888888887,160.0,150.0,83.90185185185184,70.93148148148148
Nyeri,2022-09-01,144.45,68.9,,106.675,1,2,62.23333333333334,48.425000000000004,128.70833333333331,111.73888888888888,160.0,150.0,108.36018518518519,78.89398148148148
Nyeri,2022-11-01,141.65,,,141.65,1,1,68.9,50.660000000000004,133.0222222222222,133.0222222222222,160.0,160.0,120.7601851851852,88.88842592592592
Nyeri,2023-01-01,161.1,59.3,180.0,133.46666666666667,1,3,64.1,55.86,149.06666666666666,140.04166666666666,180.0,166.66666666666666,127.26388888888887,105.58287037037037
Nyeri,2023-02-01,122.2,66.65,180.0,122.95,1,3,62.975,62.529999999999994,141.65,136.47333333333333,180.0,170.0,132.6888888888889,120.52453703703704
Nyeri,2023-04-01,166.7,68.9,,117.8,1,2,64.95,66.53,149.99999999999997,141.5111111111111,180.0,173.33333333333334,124.7388888888889,122.74953703703704
Nyeri,2023-06-01,172.2,72.2,,122.19999999999999,1,2,69.25,67.19,153.7,151.38333333333333,180.0,180.0,120.98333333333333,124.12361111111112
Nyeri,2023-07-01,,77.8,,77.8,1,1,72.96666666666668,68.97,169.45,152.77,,180.0,105.93333333333334,119.31111111111112
Nyeri,2024-02-01,,35.56,,35.56,1,1,61.85333333333333,63.40166666666667,172.2,155.55,,180.0,78.52,101.62944444444445
Nyeri,2024-03-01,,31.11,,31.11,1,1,48.156666666666666,58.70333333333334,,153.70000000000002,,180.0,48.156666666666666,84.57
Nyeri,2024-04-01,,30.0,,30.0,1,1,32.223333333333336,52.595000000000006,,169.45000000000002,,,32.223333333333336,69.07833333333333
Nyeri,2024-05-01,91.66666666666666,44.44444444444444,145.0,93.7037037037037,1,3,35.184814814814814,48.51907407407407,91.66666666666666,131.93333333333334,145.0,145.0,51.60456790123457,65.06228395061727
Nyeri,2024-06-01,91.66666666666666,44.44444444444444,145.0,93.7037037037037,1,3,39.629629629629626,43.89314814814815,91.66666666666666,91.66666666666666,145.0,145.0,72.46913580246913,60.3129012345679
Samburu,2023-12-01,162.0,72.83333333333333,134.83333333333334,123.22222222222221,1,3,72.83333333333333,72.83333333333333,162.0,162.0,134.83333333333334,134.83333333333334,123.22222222222221,123.22222222222221
Samburu,2024-03-01,162.16666666666666,72.33333333333333,142.6,125.7,1,3,72.58333333333333,72.58333333333333,162.08333333333331,162.08333333333331,138.71666666666667,138.71666666666667,124.46111111111111,124.46111111111111
Samburu,2024-06-01,137.625,66.5,131.58333333333334,111.90277777777779,1,3,70.55555555555556,70.55555555555556,153.93055555555554,153.93055555555554,136.33888888888887,136.33888888888887,120.27499999999999,120.27499999999999
Samburu,2024-09-01,113.5,59.6,124.2,99.10000000000001,1,3,66.14444444444443,67.81666666666666,137.76388888888889,143.82291666666666,132.79444444444445,133.30416666666667,112.23425925925926,114.98125
Samburu,2024-12-01,,,133.4,133.4,1,1,63.05,67.81666666666666,125.56249999999999,143.82291666666666,129.7277777777778,133.32333333333332,114.80092592592594,118.665
Samburu,2025-09-01,150.0,,130.0,140.0,1,2,59.6,67.81666666666666,131.75,145.05833333333334,129.20000000000002,132.76944444444445,124.16666666666667,122.22083333333335
Tana River,2015-01-01,,35.0,,35.0,1,1,35.0,35.0,,,,,35.0,35.0
Tana River,2015-02-01,,35.0,,35.0,1,1,35.0,35.0,,,,,35.0,35.0
Tana River,2015-03-01,,31.0,,31.0,1,1,33.666666666666664,33.666666666666664,,,,,33.666666666666664,33.666666666666664
Tana River,2015-04-01,,31.0,,31.0,1,1,32.333333333333336,33.0,,,,,32.333333333333336,33.0
Tana River,2015-05-01,,38.0,,38.0,1,1,33.333333333333336,34.0,,,,,33.333333333333336,34.0
Tana River,2015-06-01,,36.0,,36.0,1,1,35.0,34.333333333333336,,,,,35.0,34.333333333333336
Tana River,2015-07-01,,42.0,,42.0,1,1,38.666666666666664,35.5,,,,,38.666666666666664,35.5
Tana River,2015-08-01,,41.0,,41.0,1,1,39.666666666666664,36.5,,,,,39.666666666666664,36.5
Tana River,2015-09-01,,39.25,,39.25,1,1,40.75,37.875,,,,,40.75,37.875
Tana River,2015-10-01,,31.25,,31.25,1,1,37.166666666666664,37.916666666666664,,,,,37.166666666666664,37.916666666666664
Tana River,2015-11-01,,44.47,,44.47,1,1,38.32333333333333,38.995,,,,,38.32333333333333,38.995
Tana River,2015-12-01,,42.5,,42.5,1,1,39.406666666666666,40.07833333333333,,,,,39.406666666666666,40.07833333333333
Tana River,2016-01-01,,39.17,,39.17,1,1,42.04666666666667,39.60666666666666,,,,,42.04666666666667,39.60666666666666
Tana River,2016-02-01,,39.38,,39.38,1,1,40.35,39.336666666666666,,,,,40.35,39.336666666666666
Tana River,2016-03-01,,38.35,,38.35,1,1,38.96666666666667,39.18666666666667,,,,,38.96666666666667,39.18666666666667
Tana River,2016-05-01,,41.67,,41.67,1,1,39.800000000000004,40.92333333333334,,,,,39.800000000000004,40.92333333333334
Tana River,2016-06-01,,41.7,,41.7,1,1,40.57333333333334,40.461666666666666,,,,,40.57333333333334,40.461666666666666
Tana River,2016-07-01,,49.54,,49.54,1,1,44.303333333333335,41.635,,,,,44.303333333333335,41.635
Tana River,2016-08-01,,53.45,,53.45,1,1,48.23,44.01499999999999,,,,,48.23,44.01499999999999
Tana River,2016-09-01,,54.0,,54.0,1,1,52.330000000000005,46.45166666666666,,,,,52.330000000000005,46.45166666666666
Tana River,2016-10-01,,58.0,,58.0,1,1,55.150000000000006,49.72666666666667,,,,,55.150000000000006,49.72666666666667
Tana River,2016-11-01,,50.0,,50.0,1,1,54.0,51.115,,,,,54.0,51.115
Tana River,2016-12-01,,50.0,,50.0,1,1,52.666666666666664,52.498333333333335,,,,,52.666666666666664,52.498333333333335
Tana River,2017-01-01,,53.2,,53.2,1,1,51.06666666666666,53.10833333333333,,,,,51.06666666666666,53.10833333333333
Tana River,2017-02-01,,54.5,,54.5,1,1,52.56666666666666,53.28333333333333,,,,,52.56666666666666,53.28333333333333
Tana River,2017-03-01,,57.3,,57.3,1,1,55.0,53.833333333333336,,,,,55.0,53.833333333333336
Tana River,2017-04-01,,56.1,,56.1,1,1,55.96666666666667,53.51666666666667,,,,,55.96666666666667,53.51666666666667
Tana River,2017-05-01,,60.0,,60.0,1,1,57.800000000000004,55.18333333333334,,,,,57.800000000000004,55.18333333333334
Tana River,2017-06-01,,80.0,,80.0,1,1,65.36666666666666,60.18333333333334,,,,,65.36666666666666,60.18333333333334
Tana River,2017-07-01,,65.0,,65.0,1,1,68.33333333333333,62.15,,,,,68.33333333333333,62.15
Tana River,2017-08-01,,55.9,,55.9,1,1,66.96666666666667,62.38333333333333,,,,,66.96666666666667,62.38333333333333
Tana River,2017-09-01,,64.0,,64.0,1,1,61.63333333333333,63.5,,,,,61.63333333333333,63.5
Tana River,2017-10-01,,60.0,,60.0,1,1,59.96666666666667,64.14999999999999,,,,,59.96666666666667,64.14999999999999
Tana River,2017-11-01,,50.83,,50.83,1,1,58.276666666666664,62.62166666666666,,,,,58.276666666666664,62.62166666666666
Tana River,2017-12-01,,45.0,,45.0,1,1,51.94333333333333,56.788333333333334,,,,,51.94333333333333,56.788333333333334
Tana River,2018-01-01,,55.0,,55.0,1,1,50.276666666666664,55.12166666666667,,,,,50.276666666666664,55.12166666666667
Tana River,2018-02-01,,55.0,,55.0,1,1,51.666666666666664,54.971666666666664,,,,,51.666666666666664,54.971666666666664
Tana River,2018-03-01,,58.0,,58.0,1,1,56.0,53.971666666666664,,,,,56.0,53.971666666666664
Tana River,2018-04-01,,50.0,,50.0,1,1,54.333333333333336,52.305,,,,,54.333333333333336,52.305
Tana River,2018-05-01,,50.0,,50.0,1,1,52.666666666666664,52.166666666666664,,,,,52.666666666666664,52.166666666666664
Tana River,2018-06-01,,57.0,,57.0,1,1,52.333333333333336,54.166666666666664,,,,,52.333333333333336,54.166666666666664
Tana River,2018-07-01,,55.0,,55.0,1,1,54.0,54.166666666666664,,,,,54.0,54.166666666666664
Tana River,2018-08-01,,48.0,,48.0,1,1,53.333333333333336,53.0,,,,,53.333333333333336,53.0
Tana River,2018-09-01,,42.0,,42.0,1,1,48.333333333333336,50.333333333333336,,,,,48.333333333333336,50.333333333333336
Tana River,2018-10-01,,55.3,,55.3,1,1,48.43333333333334,51.21666666666667,,,,,48.43333333333334,51.21666666666667
Tana River,2018-11-01,,39.2,,39.2,1,1,45.5,49.416666666666664,,,,,45.5,49.416666666666664
Tana River,2018-12-01,,42.0,,42.0,1,1,45.5,46.916666666666664,,,,,45.5,46.916666666666664
Tana River,2019-01-01,,63.0,,63.0,1,1,48.06666666666666,48.25,,,,,48.06666666666666,48.25
Tana River,2019-02-01,,64.0,,64.0,1,1,56.333333333333336,50.916666666666664,,,,,56.333333333333336,50.916666666666664
Tana River,2019-03-01,,54.0,,54.0,1,1,60.333333333333336,52.916666666666664,,,,,60.333333333333336,52.916666666666664
Tana River,2019-04-01,,51.0,,51.0,1,1,56.333333333333336,52.199999999999996,,,,,56.333333333333336,52.199999999999996
Tana River,2019-05-01,,50.0,,50.0,1,1,51.666666666666664,54.0,,,,,51.666666666666664,54.0
Tana River,2019-06-01,,58.0,,58.0,1,1,53.0,56.666666666666664,,,,,53.0,56.666666666666664
Tana River,2019-07-01,,59.3,,59.3,1,1,55.76666666666667,56.050000000000004,,,,,55.76666666666667,56.050000000000004
Tana River,2019-08-01,,56.8,,56.8,1,1,58.03333333333333,54.85,,,,,58.03333333333333,54.85
Tana River,2019-09-01,,52.2,,52.2,1,1,56.1,54.550000000000004,,,,,56.1,54.550000000000004
Tana River,2019-10-01,,40.0,,40.0,1,1,49.666666666666664,52.71666666666667,,,,,49.666666666666664,52.71666666666667
Tana River,2019-11-01,,58.0,,58.0,1,1,50.06666666666666,54.050000000000004,,,,,50.06666666666666,54.050000000000004
Tana River,2019-12-01,,66.0,,66.0,1,1,54.666666666666664,55.38333333333333,,,,,54.666666666666664,55.38333333333333
Tana River,2020-04-01,,68.0,,68.0,1,1,64.0,56.833333333333336,,,,,64.0,56.833333333333336
Tana River,2020-05-01,,66.0,,66.0,1,1,66.66666666666667,58.366666666666674,,,,,66.66666666666667,58.366666666666674
Tana River,2020-06-01,,57.0,,57.0,1,1,63.666666666666664,59.166666666666664,,,,,63.666666666666664,59.166666666666664
Tana River,2020-07-01,,57.0,,57.0,1,1,60.0,62.0,,,,,60.0,62.0
Tana River,2020-08-01,,66.0,,66.0,1,1,60.0,63.333333333333336,,,,,60.0,63.333333333333336
Tana River,2020-09-01,,55.0,,55.0,1,1,59.333333333333336,61.5,,,,,59.333333333333336,61.5
Tana River,2020-10-01,,53.0,,53.0,1,1,58.0,59.0,,,,,58.0,59.0
Tana River,2020-11-01,,45.9,,45.9,1,1,51.300000000000004,55.65,,,,,51.300000000000004,55.65
Tana River,2020-12-01,,45.0,,45.0,1,1,47.96666666666667,53.65,,,,,47.96666666666667,53.65
Tana River,2023-12-01,184.0,79.75,142.33333333333334,135.36111111111111,1,3,56.88333333333333,57.44166666666666,184.0,184.0,142.33333333333334,142.33333333333334,75.42037037037038,66.71018518518518
Tana River,2024-03-01,162.71428571428572,68.66666666666667,132.14285714285714,121.17460317460318,1,3,64.47222222222223,57.88611111111111,173.35714285714286,173.35714285714286,137.23809523809524,137.23809523809524,100.51190476190476,75.90595238095237
Tana River,2024-06-01,160.57142857142858,62.333333333333336,127.66666666666667,116.85714285714288,1,3,70.25,59.10833333333333,169.0952380952381,169.0952380952381,134.04761904761907,134.04761904761907,124.46428571428572,86.2154761904762
Tana River,2024-09-01,149.35714285714286,76.58333333333333,122.85714285714286,116.26587301587301,1,3,69.19444444444444,63.03888888888889,157.54761904761907,164.16071428571428,127.55555555555556,131.25,118.09920634920634,96.75978835978837
Tana River,2024-12-01,,,124.92857142857143,124.92857142857143,1,1,69.45833333333334,66.46666666666667,154.96428571428572,164.16071428571428,125.15079365079366,129.9857142857143,119.3505291005291,109.93121693121692
Tana River,2025-03-01,155.41666666666666,74.8,124.42857142857143,118.21507936507936,1,3,75.69166666666666,72.42666666666666,152.38690476190476,162.41190476190476,124.07142857142857,129.05952380952382,119.80317460317461,122.13373015873016
Tana River,2025-09-01,180.0,95.0,130.0,135.0,1,3,84.9,75.47666666666666,167.70833333333331,161.61190476190478,126.45238095238096,127.00396825396825,126.0478835978836,122.07354497354498
Tharaka Nithi,2021-03-01,,20.0,,20.0,1,1,20.0,20.0,,,,,20.0,20.0
Tharaka Nithi,2021-04-01,80.7,24.455555555555556,,52.57777777777778,1,2,22.227777777777778,22.227777777777778,80.7,80.7,,,36.28888888888889,36.28888888888889
Tharaka Nithi,2021-05-01,100.0,22.5,78.0,66.83333333333333,1,3,22.318518518518516,22.318518518518516,90.35,90.35,78.0,78.0,46.47037037037037,46.47037037037037
Tharaka Nithi,2021-06-01,,28.9,,28.9,1,1,25.285185185185185,23.96388888888889,90.35,90.35,78.0,78.0,49.43703703703704,42.077777777777776
Tharaka Nithi,2021-07-01,91.46666666666665,28.533333333333335,,59.99999999999999,1,2,26.644444444444446,24.877777777777776,95.73333333333332,90.72222222222221,78.0,78.0,51.911111111111104,45.66222222222222
Tharaka Nithi,2021-09-01,74.77777777777779,23.711111111111112,,49.24444444444445,1,2,27.048148148148147,24.683333333333334,83.12222222222222,86.73611111111111,,78.0,46.04814814814815,46.25925925925926
Tharaka Nithi,2021-10-01,83.8888888888889,27.08888888888889,,55.488888888888894,1,2,26.444444444444446,25.864814814814817,83.37777777777778,86.16666666666667,,78.0,54.911111111111104,52.17407407407407
Tharaka Nithi,2021-11-01,86.66666666666667,31.666666666666668,,59.16666666666667,1,2,27.48888888888889,27.066666666666666,81.77777777777779,87.36,,78.0,54.63333333333333,53.27222222222222
Tharaka Nithi,2021-12-01,79.37777777777778,34.166666666666664,,56.772222222222226,1,2,30.97407407407407,29.01111111111111,83.31111111111112,83.23555555555556,,,57.1425925925926,51.595370370370375
Tharaka Nithi,2022-01-01,69.16666666666666,34.37777777777778,,51.77222222222222,1,2,33.403703703703705,29.924074074074074,78.4037037037037,80.89074074074074,,,55.903703703703705,55.40740740740741
Tharaka Nithi,2022-02-01,77.5,25.625,,51.5625,1,2,31.389814814814816,29.439351851851853,75.34814814814814,78.56296296296296,,,53.368981481481484,54.00115740740741
Tharaka Nithi,2022-03-01,71.5625,26.25,,48.90625,1,2,28.75092592592593,29.8625,72.74305555555554,78.02708333333334,,,50.746990740740735,53.944791666666674
Tharaka Nithi,2022-04-01,77.1875,32.18888888888889,,54.68819444444445,1,2,28.0212962962963,30.712500000000002,75.41666666666667,76.91018518518518,,,51.71898148148148,53.8113425925926
Tharaka Nithi,2022-05-01,93.125,40.625,,66.875,1,2,33.0212962962963,32.205555555555556,80.625,77.98657407407408,,,56.82314814814814,55.09606481481482
Tharaka Nithi,2022-06-01,148.33333333333334,58.75555555555555,,103.54444444444445,1,2,43.85648148148149,36.3037037037037,106.21527777777779,89.47916666666667,,,75.03587962962963,62.89143518518518
Tharaka Nithi,2022-07-01,149.16666666666666,74.16666666666667,,111.66666666666666,1,2,57.849074074074075,42.93518518518518,130.20833333333334,102.8125,,,94.0287037037037,72.8738425925926
Tharaka Nithi,2022-08-01,125.0,71.66666666666667,,98.33333333333334,1,2,68.1962962962963,50.6087962962963,140.83333333333334,110.72916666666667,,,104.51481481481483,80.66898148148148
Tharaka Nithi,2022-09-01,125.625,75.0,,100.3125,1,2,73.61111111111113,58.7337962962963,133.26388888888889,119.73958333333333,,,103.4375,89.23668981481482
Tharaka Nithi,2022-10-01,171.25,71.66666666666667,,121.45833333333334,1,2,72.77777777777779,65.31342592592593,140.625,135.41666666666666,,,106.7013888888889,100.36504629629628
Tharaka Nithi,2022-11-01,175.0,70.0,,122.5,1,2,72.22222222222223,70.20925925925927,157.29166666666666,149.0625,,,114.75694444444444,109.63587962962963
Tharaka Nithi,2023-05-01,150.0,60.0,,105.0,1,2,67.22222222222223,70.41666666666667,165.41666666666666,149.34027777777777,,,116.31944444444444,109.87847222222221
Tharaka Nithi,2024-02-01,115.0,25.0,,70.0,1,2,51.666666666666664,62.22222222222223,146.66666666666666,143.64583333333334,,,99.16666666666667,102.93402777777777
Turkana,2006-01-01,,26.0,,26.0,1,1,26.0,26.0,,,,,26.0,26.0
Turkana,2006-02-01,,28.0,,28.0,1,1,27.0,27.0,,,,,27.0,27.0
Turkana,2006-03-01,,27.0,,27.0,1,1,27.0,27.0,,,,,27.0,27.0
Turkana,2006-04-01,,30.0,,30.0,1,1,28.333333333333332,27.75,,,,,28.333333333333332,27.75
Turkana,2006-05-01,,26.0,,26.0,1,1,27.666666666666668,27.4,,,,,27.666666666666668,27.4
Turkana,2006-06-01,,27.0,,27.0,1,1,27.666666666666668,27.333333333333332,,,,,27.666666666666668,27.333333333333332
Turkana,2006-07-01,,26.0,,26.0,1,1,26.333333333333332,27.333333333333332,,,,,26.333333333333332,27.333333333333332
Turkana,2006-08-01,,27.0,,27.0,1,1,26.666666666666668,27.166666666666668,,,,,26.666666666666668,27.166666666666668
Turkana,2006-09-01,,29.0,,29.0,1,1,27.333333333333332,27.5,,,,,27.333333333333332,27.5
Turkana,2006-10-01,,30.0,,30.0,1,1,28.666666666666668,27.5,,,,,28.666666666666668,27.5
Turkana,2006-11-01,,28.0,,28.0,1,1,29.0,27.833333333333332,,,,,29.0,27.833333333333332
Turkana,2006-12-01,,28.0,,28.0,1,1,28.666666666666668,28.0,,,,,28.666666666666668,28.0
Turkana,2007-01-01,,30.0,,30.0,1,1,28.666666666666668,28.666666666666668,,,,,28.666666666666668,28.666666666666668
Turkana,2007-02-01,,30.0,,30.0,1,1,29.333333333333332,29.166666666666668,,,,,29.333333333333332,29.166666666666668
Turkana,2007-03-01,,30.0,,30.0,1,1,30.0,29.333333333333332,,,,,30.0,29.333333333333332
Turkana,2007-04-01,,31.0,,31.0,1,1,30.333333333333332,29.5,,,,,30.333333333333332,29.5
Turkana,2007-05-01,,29.0,,29.0,1,1,30.0,29.666666666666668,,,,,30.0,29.666666666666668
Turkana,2007-06-01,,30.0,,30.0,1,1,30.0,30.0,,,,,30.0,30.0
Turkana,2007-07-01,,30.0,,30.0,1,1,29.666666666666668,30.0,,,,,29.666666666666668,30.0
Turkana,2007-08-01,,28.0,,28.0,1,1,29.333333333333332,29.666666666666668,,,,,29.333333333333332,29.666666666666668
Turkana,2007-09-01,,28.0,,28.0,1,1,28.666666666666668,29.333333333333332,,,,,28.666666666666668,29.333333333333332
Turkana,2007-10-01,,27.0,,27.0,1,1,27.666666666666668,28.666666666666668,,,,,27.666666666666668,28.666666666666668
Turkana,2007-11-01,,27.0,,27.0,1,1,27.333333333333332,28.333333333333332,,,,,27.333333333333332,28.333333333333332
Turkana,2007-12-01,,30.0,,30.0,1,1,28.0,28.333333333333332,,,,,28.0,28.333333333333332
Turkana,2008-01-01,,37.0,,37.0,1,1,31.333333333333332,29.5,,,,,31.333333333333332,29.5
Turkana,2008-02-01,,38.0,,38.0,1,1,35.0,31.166666666666668,,,,,35.0,31.166666666666668
Turkana,2008-03-01,,35.0,,35.0,1,1,36.666666666666664,32.333333333333336,,,,,36.666666666666664,32.333333333333336
Turkana,2008-04-01,,40.0,,40.0,1,1,37.666666666666664,34.5,,,,,37.666666666666664,34.5
Turkana,2008-05-01,,55.0,,55.0,1,1,43.333333333333336,39.166666666666664,,,,,43.333333333333336,39.166666666666664
Turkana,2008-06-01,,50.0,,50.0,1,1,48.333333333333336,42.5,,,,,48.333333333333336,42.5
Turkana,2008-07-01,,47.0,,47.0,1,1,50.666666666666664,44.166666666666664,,,,,50.666666666666664,44.166666666666664
Turkana,2008-08-01,,43.0,,43.0,1,1,46.666666666666664,45.0,,,,,46.666666666666664,45.0
Turkana,2008-09-01,,45.0,,45.0,1,1,45.0,46.666666666666664,,,,,45.0,46.666666666666664
Turkana,2008-10-01,,44.0,,44.0,1,1,44.0,47.333333333333336,,,,,44.0,47.333333333333336
Turkana,2008-11-01,,42.0,,42.0,1,1,43.666666666666664,45.166666666666664,,,,,43.666666666666664,45.166666666666664
Turkana,2008-12-01,,42.0,,42.0,1,1,42.666666666666664,43.833333333333336,,,,,42.666666666666664,43.833333333333336
Turkana,2009-01-01,,49.0,,49.0,1,1,44.333333333333336,44.166666666666664,,,,,44.333333333333336,44.166666666666664
Turkana,2009-02-01,,43.0,,43.0,1,1,44.666666666666664,44.166666666666664,,,,,44.666666666666664,44.166666666666664
Turkana,2009-03-01,,40.0,,40.0,1,1,44.0,43.333333333333336,,,,,44.0,43.333333333333336
Turkana,2009-04-01,,41.0,,41.0,1,1,41.333333333333336,42.833333333333336,,,,,41.333333333333336,42.833333333333336
Turkana,2009-05-01,,46.0,,46.0,1,1,42.333333333333336,43.5,,,,,42.333333333333336,43.5
Turkana,2009-06-01,,47.7,,47.7,1,1,44.9,44.449999999999996,,,,,44.9,44.449999999999996
Turkana,2009-07-01,,52.0,,52.0,1,1,48.56666666666666,44.949999999999996,,,,,48.56666666666666,44.949999999999996
Turkana,2009-08-01,,48.0,,48.0,1,1,49.23333333333333,45.78333333333333,,,,,49.23333333333333,45.78333333333333
Turkana,2009-09-01,,51.0,,51.0,1,1,50.333333333333336,47.61666666666667,,,,,50.333333333333336,47.61666666666667
Turkana,2009-10-01,,51.0,,51.0,1,1,50.0,49.28333333333333,,,,,50.0,49.28333333333333
Turkana,2009-11-01,,46.7,,46.7,1,1,49.56666666666666,49.4,,,,,49.56666666666666,49.4
Turkana,2009-12-01,,45.8,,45.8,1,1,47.833333333333336,49.083333333333336,,,,,47.833333333333336,49.083333333333336
Turkana,2010-01-01,,49.6,,49.6,1,1,47.36666666666667,48.68333333333334,,,,,47.36666666666667,48.68333333333334
Turkana,2010-02-01,,45.7,,45.7,1,1,47.03333333333333,48.300000000000004,,,,,47.03333333333333,48.300000000000004
Turkana,2010-03-01,,44.5,,44.5,1,1,46.6,47.21666666666667,,,,,46.6,47.21666666666667
Turkana,2010-04-01,,44.93,,44.93,1,1,45.04333333333333,46.205000000000005,,,,,45.04333333333333,46.205000000000005
Turkana,2010-05-01,,46.0,,46.0,1,1,45.14333333333334,46.08833333333333,,,,,45.14333333333334,46.08833333333333
Turkana,2010-06-01,,44.0,,44.0,1,1,44.97666666666667,45.788333333333334,,,,,44.97666666666667,45.788333333333334
Turkana,2010-07-01,,43.61,,43.61,1,1,44.53666666666667,44.79,,,,,44.53666666666667,44.79
Turkana,2010-08-01,,44.0,,44.0,1,1,43.870000000000005,44.50666666666667,,,,,43.870000000000005,44.50666666666667
Turkana,2010-09-01,,46.29,,46.29,1,1,44.63333333333333,44.805,,,,,44.63333333333333,44.805
Turkana,2010-10-01,,44.0,,44.0,1,1,44.76333333333333,44.65,,,,,44.76333333333333,44.65
Turkana,2010-11-01,,44.7,,44.7,1,1,44.99666666666667,44.43333333333334,,,,,44.99666666666667,44.43333333333334
Turkana,2010-12-01,,42.29,,42.29,1,1,43.663333333333334,44.14833333333333,,,,,43.663333333333334,44.14833333333333
Turkana,2011-01-01,,44.0,,44.0,1,1,43.663333333333334,44.21333333333333,,,,,43.663333333333334,44.21333333333333
Turkana,2011-02-01,,42.6,,42.6,1,1,42.96333333333333,43.98,,,,,42.96333333333333,43.98
Turkana,2011-03-01,,46.0,,46.0,1,1,44.199999999999996,43.931666666666665,,,,,44.199999999999996,43.931666666666665
Turkana,2011-04-01,,54.9,,54.9,1,1,47.833333333333336,45.748333333333335,,,,,47.833333333333336,45.748333333333335
Turkana,2011-05-01,,60.0,,60.0,1,1,53.63333333333333,48.29833333333334,,,,,53.63333333333333,48.29833333333334
Turkana,2011-06-01,,64.0,,64.0,1,1,59.63333333333333,51.916666666666664,,,,,59.63333333333333,51.916666666666664
Turkana,2011-07-01,,74.8,,74.8,1,1,66.26666666666667,57.04999999999999,,,,,66.26666666666667,57.04999999999999
Turkana,2011-08-01,,72.73,,72.73,1,1,70.51,62.071666666666665,,,,,70.51,62.071666666666665
Turkana,2011-09-01,,65.55,,65.55,1,1,71.02666666666666,65.33,,,,,71.02666666666666,65.33
Turkana,2011-10-01,,64.3,,64.3,1,1,67.52666666666666,66.89666666666666,,,,,67.52666666666666,66.89666666666666
Turkana,2011-11-01,,64.23,,64.23,1,1,64.69333333333333,67.60166666666667,,,,,64.69333333333333,67.60166666666667
Turkana,2011-12-01,,64.58,,64.58,1,1,64.36999999999999,67.69833333333334,,,,,64.36999999999999,67.69833333333334
Turkana,2012-01-01,,61.35,,61.35,1,1,63.38666666666666,65.45666666666666,,,,,63.38666666666666,65.45666666666666
Turkana,2012-02-01,,56.0,,56.0,1,1,60.64333333333334,62.66833333333333,,,,,60.64333333333334,62.66833333333333
Turkana,2012-03-01,,54.98,,54.98,1,1,57.44333333333333,60.906666666666666,,,,,57.44333333333333,60.906666666666666
Turkana,2012-04-01,,60.13,,60.13,1,1,57.03666666666667,60.211666666666666,,,,,57.03666666666667,60.211666666666666
Turkana,2012-05-01,,58.75,,58.75,1,1,57.95333333333334,59.298333333333325,,,,,57.95333333333334,59.298333333333325
Turkana,2012-06-01,,58.65,,58.65,1,1,59.17666666666667,58.31,,,,,59.17666666666667,58.31
Turkana,2012-07-01,,68.2,,68.2,1,1,61.866666666666674,59.451666666666675,,,,,61.866666666666674,59.451666666666675
Turkana,2012-08-01,,62.55,,62.55,1,1,63.13333333333333,60.54333333333333,,,,,63.13333333333333,60.54333333333333
Turkana,2012-09-01,,66.0,,66.0,1,1,65.58333333333333,62.379999999999995,,,,,65.58333333333333,62.379999999999995
Turkana,2012-10-01,,76.62,,76.62,1,1,68.39,65.12833333333333,,,,,68.39,65.12833333333333
Turkana,2012-11-01,,78.02,,78.02,1,1,73.54666666666667,68.34,,,,,73.54666666666667,68.34
Turkana,2012-12-01,,81.83,,81.83,1,1,78.82333333333334,72.20333333333333,,,,,78.82333333333334,72.20333333333333
Turkana,2013-01-01,,75.8,,75.8,1,1,78.55,73.47,,,,,78.55,73.47
Turkana,2013-02-01,,78.78,,78.78,1,1,78.80333333333334,76.175,,,,,78.80333333333334,76.175
Turkana,2013-03-01,,82.7,,82.7,1,1,79.09333333333333,78.95833333333333,,,,,79.09333333333333,78.95833333333333
Turkana,2013-04-01,,87.8,,87.8,1,1,83.09333333333335,80.82166666666666,,,,,83.09333333333335,80.82166666666666
Turkana,2013-05-01,,84.75,,84.75,1,1,85.08333333333333,81.94333333333333,,,,,85.08333333333333,81.94333333333333
Turkana,2013-06-01,,86.35,,86.35,1,1,86.3,82.69666666666667,,,,,86.3,82.69666666666667
Turkana,2013-07-01,,76.5,,76.5,1,1,82.53333333333332,82.81333333333333,,,,,82.53333333333332,82.81333333333333
Turkana,2013-08-01,,76.04,,76.04,1,1,79.63,82.35666666666667,,,,,79.63,82.35666666666667
Turkana,2013-09-01,,71.88,,71.88,1,1,74.80666666666667,80.55333333333333,,,,,74.80666666666667,80.55333333333333
Turkana,2013-10-01,,74.17,,74.17,1,1,74.03000000000002,78.28166666666667,,,,,74.03000000000002,78.28166666666667
Turkana,2013-11-01,,74.58,,74.58,1,1,73.54333333333334,76.58666666666666,,,,,73.54333333333334,76.58666666666666
Turkana,2013-12-01,,71.93,,71.93,1,1,73.56,74.18333333333334,,,,,73.56,74.18333333333334
Turkana,2014-01-01,,84.0,,84.0,1,1,76.83666666666666,75.43333333333334,,,,,76.83666666666666,75.43333333333334
Turkana,2014-02-01,,78.05,,78.05,1,1,77.99333333333334,75.76833333333333,,,,,77.99333333333334,75.76833333333333
Turkana,2014-04-01,,70.1,,70.1,1,1,77.38333333333333,75.47166666666668,,,,,77.38333333333333,75.47166666666668
Turkana,2014-05-01,,75.02,,75.02,1,1,74.39,75.61333333333333,,,,,74.39,75.61333333333333
Turkana,2014-06-01,,81.83,,81.83,1,1,75.64999999999999,76.82166666666667,,,,,75.64999999999999,76.82166666666667
Turkana,2014-07-01,,77.1,,77.1,1,1,77.98333333333333,77.68333333333334,,,,,77.98333333333333,77.68333333333334
Turkana,2014-08-01,,80.78,,80.78,1,1,79.90333333333332,77.14666666666666,,,,,79.90333333333332,77.14666666666666
Turkana,2014-09-01,,71.55,,71.55,1,1,76.47666666666667,76.06333333333333,,,,,76.47666666666667,76.06333333333333
Turkana,2014-10-01,,75.0,,75.0,1,1,75.77666666666666,76.88,,,,,75.77666666666666,76.88
Turkana,2014-11-01,,72.0,,72.0,1,1,72.85000000000001,76.37666666666667,,,,,72.85000000000001,76.37666666666667
Turkana,2014-12-01,,79.0,,79.0,1,1,75.33333333333333,75.905,,,,,75.33333333333333,75.905
Turkana,2015-01-01,,82.0,,82.0,1,1,77.66666666666667,76.72166666666666,,,,,77.66666666666667,76.72166666666666
Turkana,2015-02-01,,74.0,,74.0,1,1,78.33333333333333,75.59166666666667,,,,,78.33333333333333,75.59166666666667
Turkana,2015-03-01,,70.0,,70.0,1,1,75.33333333333333,75.33333333333333,,,,,75.33333333333333,75.33333333333333
Turkana,2015-04-01,,78.0,,78.0,1,1,74.0,75.83333333333333,,,,,74.0,75.83333333333333
Turkana,2015-05-01,,69.0,,69.0,1,1,72.33333333333333,75.33333333333333,,,,,72.33333333333333,75.33333333333333
Turkana,2015-06-01,,73.0,,73.0,1,1,73.33333333333333,74.33333333333333,,,,,73.33333333333333,74.33333333333333
Turkana,2015-07-01,,75.0,,75.0,1,1,72.33333333333333,73.16666666666667,,,,,72.33333333333333,73.16666666666667
Turkana,2015-08-01,,82.0,,82.0,1,1,76.66666666666667,74.5,,,,,76.66666666666667,74.5
Turkana,2015-09-01,,76.0,,76.0,1,1,77.66666666666667,75.5,,,,,77.66666666666667,75.5
Turkana,2015-10-01,,79.0,,79.0,1,1,79.0,75.66666666666667,,,,,79.0,75.66666666666667
Turkana,2015-11-01,,78.0,,78.0,1,1,77.66666666666667,77.16666666666667,,,,,77.66666666666667,77.16666666666667
Turkana,2015-12-01,,81.0,,81.0,1,1,79.33333333333333,78.5,,,,,79.33333333333333,78.5
Turkana,2016-01-01,,81.0,,81.0,1,1,80.0,79.5,,,,,80.0,79.5
Turkana,2016-02-01,,75.0,,75.0,1,1,79.0,78.33333333333333,,,,,79.0,78.33333333333333
Turkana,2016-03-01,,76.0,,76.0,1,1,77.33333333333333,78.33333333333333,,,,,77.33333333333333,78.33333333333333
Turkana,2016-05-01,,84.0,,84.0,1,1,78.33333333333333,79.16666666666667,,,,,78.33333333333333,79.16666666666667
Turkana,2016-06-01,,75.0,,75.0,1,1,78.33333333333333,78.66666666666667,,,,,78.33333333333333,78.66666666666667
Turkana,2016-07-01,,75.0,,75.0,1,1,78.0,77.66666666666667,,,,,78.0,77.66666666666667
Turkana,2016-08-01,,69.0,,69.0,1,1,73.0,75.66666666666667,,,,,73.0,75.66666666666667
Turkana,2016-09-01,,71.0,,71.0,1,1,71.66666666666667,75.0,,,,,71.66666666666667,75.0
Turkana,2016-10-01,,73.0,,73.0,1,1,71.0,74.5,,,,,71.0,74.5
Turkana,2016-11-01,,74.0,,74.0,1,1,72.66666666666667,72.83333333333333,,,,,72.66666666666667,72.83333333333333
Turkana,2016-12-01,,77.0,,77.0,1,1,74.66666666666667,73.16666666666667,,,,,74.66666666666667,73.16666666666667
Turkana,2017-01-01,,87.0,,87.0,1,1,79.33333333333333,75.16666666666667,,,,,79.33333333333333,75.16666666666667
Turkana,2017-02-01,,82.0,,82.0,1,1,82.0,77.33333333333333,,,,,82.0,77.33333333333333
Turkana,2017-03-01,,90.7,,90.7,1,1,86.56666666666666,80.61666666666666,,,,,86.56666666666666,80.61666666666666
Turkana,2017-04-01,,92.6,,92.6,1,1,88.43333333333334,83.88333333333334,,,,,88.43333333333334,83.88333333333334
Turkana,2017-05-01,,98.0,,98.0,1,1,93.76666666666667,87.88333333333333,,,,,93.76666666666667,87.88333333333333
Turkana,2017-06-01,,100.0,,100.0,1,1,96.86666666666667,91.71666666666665,,,,,96.86666666666667,91.71666666666665
Turkana,2017-07-01,,91.0,,91.0,1,1,96.33333333333333,92.38333333333333,,,,,96.33333333333333,92.38333333333333
Turkana,2017-08-01,,88.0,,88.0,1,1,93.0,93.38333333333333,,,,,93.0,93.38333333333333
Turkana,2017-09-01,,87.0,,87.0,1,1,88.66666666666667,92.76666666666667,,,,,88.66666666666667,92.76666666666667
Turkana,2017-10-01,,81.0,,81.0,1,1,85.33333333333333,90.83333333333333,,,,,85.33333333333333,90.83333333333333
Turkana,2017-11-01,,80.0,,80.0,1,1,82.66666666666667,87.83333333333333,,,,,82.66666666666667,87.83333333333333
Turkana,2017-12-01,,81.0,,81.0,1,1,80.66666666666667,84.66666666666667,,,,,80.66666666666667,84.66666666666667
Turkana,2018-01-01,,82.0,,82.0,1,1,81.0,83.16666666666667,,,,,81.0,83.16666666666667
Turkana,2018-02-01,,85.5,,85.5,1,1,82.83333333333333,82.75,,,,,82.83333333333333,82.75
Turkana,2018-03-01,,86.3,,86.3,1,1,84.6,82.63333333333333,,,,,84.6,82.63333333333333
Turkana,2018-04-01,,85.0,,85.0,1,1,85.60000000000001,83.3,,,,,85.60000000000001,83.3
Turkana,2018-05-01,,84.0,,84.0,1,1,85.10000000000001,83.96666666666665,,,,,85.10000000000001,83.96666666666665
Turkana,2018-06-01,,83.0,,83.0,1,1,84.0,84.3,,,,,84.0,84.3
Turkana,2018-07-01,,81.0,,81.0,1,1,82.66666666666667,84.13333333333333,,,,,82.66666666666667,84.13333333333333
Turkana,2018-08-01,,59.0,,59.0,1,1,74.33333333333333,79.71666666666665,,,,,74.33333333333333,79.71666666666665
Turkana,2018-09-01,,63.0,,63.0,1,1,67.66666666666667,75.83333333333333,,,,,67.66666666666667,75.83333333333333
Turkana,2018-10-01,,61.0,,61.0,1,1,61.0,71.83333333333333,,,,,61.0,71.83333333333333
Turkana,2018-11-01,,62.0,,62.0,1,1,62.0,68.16666666666667,,,,,62.0,68.16666666666667
Turkana,2018-12-01,,60.0,,60.0,1,1,61.0,64.33333333333333,,,,,61.0,64.33333333333333
Turkana,2019-01-01,,66.0,,66.0,1,1,62.666666666666664,61.833333333333336,,,,,62.666666666666664,61.833333333333336
Turkana,2019-02-01,,64.8,,64.8,1,1,63.6,62.800000000000004,,,,,63.6,62.800000000000004
Turkana,2019-03-01,,61.0,,61.0,1,1,63.93333333333334,62.46666666666666,,,,,63.93333333333334,62.46666666666666
Turkana,2019-04-01,,61.0,,61.0,1,1,62.26666666666667,62.46666666666666,,,,,62.26666666666667,62.46666666666666
Turkana,2019-05-01,,66.0,,66.0,1,1,62.666666666666664,63.133333333333326,,,,,62.666666666666664,63.133333333333326
Turkana,2019-06-01,,63.0,,63.0,1,1,63.333333333333336,63.633333333333326,,,,,63.333333333333336,63.633333333333326
Turkana,2019-07-01,,66.7,,66.7,1,1,65.23333333333333,63.75,,,,,65.23333333333333,63.75
Turkana,2019-08-01,,67.1,,67.1,1,1,65.60000000000001,64.13333333333334,,,,,65.60000000000001,64.13333333333334
Turkana,2019-09-01,,66.3,,66.3,1,1,66.7,65.01666666666667,,,,,66.7,65.01666666666667
Turkana,2019-10-01,,67.0,,67.0,1,1,66.8,66.01666666666667,,,,,66.8,66.01666666666667
Turkana,2019-11-01,,64.0,,64.0,1,1,65.76666666666667,65.68333333333334,,,,,65.76666666666667,65.68333333333334
Turkana,2019-12-01,,65.0,,65.0,1,1,65.33333333333333,66.01666666666667,,,,,65.33333333333333,66.01666666666667
Turkana,2020-01-01,,64.0,,64.0,1,1,64.33333333333333,65.56666666666666,,,,,64.33333333333333,65.56666666666666
Turkana,2020-02-01,,64.0,,64.0,1,1,64.33333333333333,65.05,,,,,64.33333333333333,65.05
Turkana,2020-04-01,,60.0,,60.0,1,1,62.666666666666664,64.0,,,,,62.666666666666664,64.0
Turkana,2020-05-01,,70.0,,70.0,1,1,64.66666666666667,64.5,,,,,64.66666666666667,64.5
Turkana,2020-06-01,,69.0,,69.0,1,1,66.33333333333333,65.33333333333333,,,,,66.33333333333333,65.33333333333333
Turkana,2020-07-01,,71.0,,71.0,1,1,70.0,66.33333333333333,,,,,70.0,66.33333333333333
Turkana,2020-08-01,,70.0,,70.0,1,1,70.0,67.33333333333333,,,,,70.0,67.33333333333333
Turkana,2020-09-01,,70.0,,70.0,1,1,70.33333333333333,68.33333333333333,,,,,70.33333333333333,68.33333333333333
Turkana,2020-10-01,,68.0,,68.0,1,1,69.33333333333333,69.66666666666667,,,,,69.33333333333333,69.66666666666667
Turkana,2020-11-01,,65.0,,65.0,1,1,67.66666666666667,68.83333333333333,,,,,67.66666666666667,68.83333333333333
Turkana,2020-12-01,,65.0,,65.0,1,1,66.0,68.16666666666667,,,,,66.0,68.16666666666667
Turkana,2021-01-01,105.0,45.833333333333336,100.0,83.61111111111111,1,3,58.611111111111114,63.97222222222222,105.0,105.0,100.0,100.0,71.20370370370371,70.26851851851852
Turkana,2021-02-01,115.28666666666666,44.124,100.362,86.59088888888887,1,3,51.65244444444445,59.659555555555556,110.14333333333333,110.14333333333333,100.181,100.181,78.40066666666667,73.03366666666666
Turkana,2021-03-01,114.724,46.137,104.022,88.29433333333333,1,3,45.36477777777778,55.68238888888889,111.67022222222222,111.67022222222222,101.46133333333334,101.46133333333334,86.16544444444445,76.08272222222222
Turkana,2021-04-01,111.304,43.054,101.61555555555555,85.32451851851852,1,3,44.43833333333333,51.524722222222216,113.77155555555555,111.57866666666666,101.99985185185186,101.49988888888889,86.73658024691356,78.97014197530864
Turkana,2021-05-01,103.022,40.433,100.569,81.34133333333334,1,3,43.208,47.43022222222222,109.68333333333334,109.86733333333333,102.06885185185185,101.31371111111112,84.98672839506173,81.69369753086418
Turkana,2021-06-01,111.96777777777778,43.18,104.48875,86.54550925925925,1,3,42.22233333333333,43.79355555555555,108.76459259259259,110.2174074074074,102.22443518518519,101.84288425925926,84.40378703703703,85.28461574074073
Turkana,2021-07-01,118.69999999999999,47.97555555555555,105.86555555555555,90.84703703703703,1,3,43.86285185185185,44.150592592592595,111.22992592592591,112.50074074074074,103.64110185185184,102.82047685185184,86.24462654320989,86.49060339506173
Turkana,2021-08-01,107.55,45.656,99.87100000000001,84.359,1,3,45.60385185185186,44.40592592592592,112.73925925925926,111.21129629629631,103.40843518518518,102.73864351851853,87.25051543209877,86.11862191358023
Turkana,2021-09-01,115.146,42.72333333333333,100.66,86.17644444444443,1,3,45.45162962962962,43.83698148148147,113.79866666666668,111.28162962962962,102.13218518518518,102.17831018518518,87.12749382716049,85.76564043209878
Turkana,2021-10-01,102.21000000000001,43.25571428571429,99.85142857142857,81.77238095238096,1,3,43.878349206349206,43.87060052910053,108.302,109.76596296296297,100.1274761904762,101.88428902116402,84.10260846560845,85.17361750440917
Turkana,2021-11-01,100.0,42.36166666666667,96.66666666666667,79.67611111111113,1,3,42.7802380952381,44.192044973544974,105.78533333333333,109.2622962962963,99.05936507936508,101.23390013227514,82.54164550264551,84.89608046737213
Turkana,2021-12-01,106.30999999999999,43.64625,107.5,85.81874999999998,1,3,43.087876984126986,44.26975330687831,102.83999999999999,108.31933333333332,101.3393650793651,101.73577513227514,82.42241402116402,84.77495392416225
Turkana,2022-01-01,107.7575,49.19444444444444,104.19,87.04731481481481,1,3,45.067453703703706,44.47290145502646,104.68916666666667,106.49558333333334,102.78555555555556,101.45651587301587,84.18072530864198,84.14166688712521
Turkana,2022-02-01,105.73222222222222,45.876666666666665,115.99111111111112,89.2,1,3,46.239120370370365,44.50967923280424,106.5999074074074,106.19262037037036,109.22703703703705,104.14320105820106,87.3553549382716,84.94850022045854
Turkana,2023-01-01,135.15625,67.5,138.93555555555557,113.86393518518518,1,3,54.190370370370374,48.639123677248676,116.21532407407408,109.52766203703703,119.70555555555556,110.52246031746033,96.70375000000001,89.56308201058202
Turkana,2023-02-01,137.11444444444444,71.775,138.3988888888889,115.76277777777779,1,3,61.717222222222226,53.39233796296296,126.00097222222223,115.34506944444445,131.10851851851854,116.94703703703703,106.27557098765432,95.22814814814815
Turkana,2023-03-01,137.85714285714286,69.28571428571429,141.5,116.21428571428572,1,3,69.5202380952381,57.87967923280423,136.7092791005291,121.65459325396824,139.6114814814815,124.41925925925926,115.28033289241624,101.31784391534391
Turkana,2023-04-01,177.5,79.375,143.33333333333334,133.4027777777778,1,3,73.47857142857144,63.83447089947091,150.82386243386244,133.51959325396825,141.07740740740743,130.3914814814815,121.79328042328045,109.24851521164021
Turkana,2023-05-01,162.02428571428572,88.05555555555556,146.5625,132.21411375661376,1,3,78.90542328042328,70.31132275132275,159.12714285714287,142.56405753968252,143.79861111111111,137.45356481481483,127.27705908289242,116.77631503527338
Turkana,2023-06-01,186.11111111111111,77.375,127.72999999999999,130.40537037037038,1,3,81.60185185185185,75.56104497354498,175.21179894179895,155.960539021164,139.2086111111111,139.41004629629631,132.00742063492063,123.64387676366844
Turkana,2023-07-01,195.04666666666668,85.9388888888889,147.4077777777778,142.7977777777778,1,3,83.78981481481482,78.63419312169313,181.06068783068784,165.94227513227514,140.56675925925927,140.82208333333335,135.13908730158732,128.4661838624339
Turkana,2023-08-01,198.57142857142858,77.14285714285714,148.125,141.2797619047619,1,3,80.15224867724868,79.52883597883597,193.2430687830688,176.18510582010583,141.0875925925926,142.44310185185188,138.1609700176367,132.71901455026455
Turkana,2023-09-01,188.02,79.52428571428571,161.93375,143.15934523809526,1,3,80.86867724867726,81.23526455026455,193.8793650793651,184.54558201058202,152.4888425925926,145.84872685185186,142.412294973545,137.20985780423283
Turkana,2023-10-01,195.714,77.5,159.60333333333332,144.27244444444443,1,3,78.05571428571427,80.92276455026455,194.10180952380952,187.58124867724868,156.5540277777778,148.5603935185185,142.90385052910054,139.02146891534392
Turkana,2023-11-01,194.99375,69.08444444444444,162.46777777777777,142.18199074074073,1,3,75.36957671957673,77.7609126984127,192.90925000000001,193.0761593915344,161.33495370370372,151.21127314814814,143.20459347442682,140.68278174603174
Turkana,2023-12-01,180.93900000000002,80.15666666666667,151.71,137.6018888888889,1,3,75.58037037037036,78.22452380952382,190.5489166666667,192.2141408730159,157.92703703703702,155.2079398148148,141.35210802469135,141.88220149911817
Turkana,2024-01-01,190.0,68.81,173.09428571428572,143.96809523809523,1,3,72.6837037037037,75.369708994709,188.64424999999997,191.37302976190475,162.42402116402118,159.48902447089947,141.2506582892416,142.07725440917108
Turkana,2024-02-01,191.80499999999998,70.97333333333334,184.0,148.9261111111111,1,3,73.31333333333333,74.34145502645502,187.58133333333333,190.2452916666667,169.60142857142856,165.46819113756612,143.49869841269842,143.35164594356263
Turkana,2024-03-01,176.3846153846154,79.9423076923077,156.27777777777777,137.5349002849003,1,3,73.24188034188035,74.41112535612535,186.0632051282051,188.3060608974359,171.12402116402117,164.5255291005291,143.47636887803557,142.41423845136345
Turkana,2024-04-01,174.07444444444445,57.407777777777774,164.35222222222222,131.9448148148148,1,3,69.44113960113961,71.06242165242166,180.7546866096866,184.69946830484332,168.21,165.31701058201057,139.46860873694206,140.35963351309184
Turkana,2024-05-01,168.9575,58.542500000000004,161.92625,129.80875,1,3,65.29752849002848,69.30543091168092,173.1388532763533,180.3600933048433,160.85208333333333,165.22675595238096,133.09615503323838,138.2974267229684
Turkana,2024-06-01,155.675,71.45652173913044,136.08333333333334,121.07161835748794,1,3,62.46893317230274,67.85540675709154,166.23564814814816,176.1494266381766,154.12060185185186,162.6223115079365,127.60839439076757,135.54238163440155
Turkana,2024-07-01,147.11111111111111,55.27777777777778,130.3125,110.90046296296298,1,3,61.75893317230274,65.60003638672119,157.24787037037038,169.00127849002848,142.77402777777777,155.4920138888889,120.59361044015031,130.03110958854617
Turkana,2024-08-01,152.3814285714286,48.33375,137.29125,112.66880952380954,1,3,58.35601650563607,61.82677249783228,151.72251322751325,162.43068325193326,134.56236111111113,147.7072222222222,114.88029694808682,123.9882259906626
Turkana,2024-09-01,140.92307692307693,66.01666666666667,131.5259375,112.8218936965812,1,3,56.542731481481475,59.50583232689211,146.80520553520554,156.52042684167685,133.04322916666666,143.58191550925926,112.13038872778458,119.86939155927608
Turkana,2024-10-01,142.875,55.13833333333333,129.14625,109.05319444444444,1,3,56.496249999999996,59.12759158615137,145.3931684981685,151.32051943426944,132.65447916666668,137.71425347222223,111.51463255494507,116.05412149754768
Turkana,2024-11-01,149.1985714285714,54.721666666666664,146.16,116.6934126984127,1,3,58.62555555555554,58.490786030595814,144.33221611721612,148.02736467236466,135.6107291666667,135.08654513888888,112.85616694647945,113.86823194728312
Turkana,2024-12-01,139.88444444444445,55.843333333333334,125.91241379310345,107.21339719029375,1,3,55.23444444444444,55.88858796296296,143.98600529100528,145.39560541310541,133.73955459770116,133.3913918821839,110.98666811105029,111.55852841941743
Turkana,2025-01-01,141.332,50.666,116.83399999999999,102.944,1,3,53.74366666666666,55.11995833333333,143.47167195767193,144.43242022792023,129.6354712643678,131.14497521551723,108.95026996290215,110.2324512589236
Turkana,2025-02-01,150.92555555555555,54.25888888888889,144.63,116.60481481481482,1,3,53.58940740740741,56.10748148148147,144.0473333333333,144.1897747252747,129.1254712643678,132.36810021551725,108.92073733503618,110.88845214075782
Turkana,2025-03-01,147.48058823529414,76.725,135.058,119.75452941176472,1,3,60.54996296296296,57.8922037037037,146.57938126361657,145.28269327731093,132.174,132.95677729885057,113.10111474219319,112.04389142662173
Turkana,2025-04-01,142.66666666666666,61.666666666666664,146.80666666666664,117.04666666666667,1,3,64.21685185185184,58.98025925925926,147.02427015250547,145.2479710550887,142.16488888888887,135.90018007662835,117.80200363108206,113.37613679699211
Turkana,2025-05-01,147.666,64.666,155.666,122.666,1,3,67.68588888888888,60.63764814814815,145.93775163398692,144.99254248366012,145.84355555555555,137.4845134099617,119.82239869281045,114.37156801392332
Turkana,2025-06-01,142.79125,72.16647058823528,134.3857894736842,116.44783668730649,1,3,66.16637908496732,63.358171023965134,144.37463888888888,145.4770100762527,145.61948538011697,138.89674269005846,118.7201677846577,115.91064126342546
Turkana,2025-07-01,141.52833333333334,66.834,148.41666666666666,118.92633333333333,1,3,67.88882352941177,66.0528376906318,143.99519444444445,145.50973229847497,146.15615204678363,144.16052046783625,119.34672334021327,118.57436348564768
Turkana,2025-08-01,102.5,74.375,109.99888888888889,95.62462962962962,1,3,71.1251568627451,69.405522875817,128.9398611111111,137.43880637254904,130.93378167641325,138.38866861598441,110.33293321675649,115.07766595478347
Turkana,2025-09-01,133.778,69.188125,127.21133333333334,110.05915277777778,1,3,70.13237500000001,68.14937704248366,125.93544444444444,135.15504166666668,128.5422962962963,137.0808908382066,108.20337191358026,113.461769849119
Turkana,2025-10-01,129.12285714285716,55.89333333333334,116.87166666666667,100.62928571428573,1,3,66.48548611111111,67.18715482026143,121.80028571428572,132.8977400793651,118.0272962962963,132.09172417153997,102.10435604056437,110.72553969038881
Turkana,2025-11-01,127.20249999999999,59.92555555555556,122.015,103.04768518518517,1,3,61.66900462962963,66.39708074618737,130.0344523809524,129.48715674603173,122.03266666666667,126.48322417153996,104.57870789241622,107.45582055458635
Turkana,2025-12-01,114.8,63.2,110.9,96.3,1,3,59.67296296296297,64.90266898148148,123.70845238095238,124.82194841269842,116.59555555555556,122.56892592592591,99.99232363315696,104.0978477733686
Turkana,2026-03-01,128.88888888888889,54.55555555555556,128.95875,104.13439814814815,1,3,59.227037037037036,62.856261574074075,123.63046296296295,122.71537433862436,120.62458333333335,119.32593981481482,101.16069444444445,101.63252524250441
Wajir,2021-02-01,135.83,50.0,143.33,109.72000000000001,1,3,50.0,50.0,135.83,135.83,143.33,143.33,109.72000000000001,109.72000000000001
Wajir,2021-03-01,100.75,50.0,145.0,98.58333333333333,1,3,50.0,50.0,118.29,118.29,144.16500000000002,144.16500000000002,104.15166666666667,104.15166666666667
Wajir,2021-04-01,130.0,50.0,150.0,110.0,1,3,50.0,50.0,122.19333333333334,122.19333333333334,146.11,146.11,106.10111111111111,106.10111111111111
Wajir,2021-06-01,127.5,50.0,135.0,104.16666666666667,1,3,50.0,50.0,119.41666666666667,123.52000000000001,143.33333333333334,143.3325,104.25,105.6175
Wajir,2021-08-01,126.5,50.0,136.0,104.16666666666667,1,3,50.0,50.0,128.0,124.11600000000001,140.33333333333334,141.866,106.11111111111113,105.32733333333333
Wajir,2021-09-01,132.5,50.0,140.0,107.5,1,3,50.0,50.0,128.83333333333334,125.51333333333334,137.0,141.555,105.27777777777779,105.68944444444445
Wajir,2022-02-01,130.0,50.0,126.67,102.22333333333334,1,3,50.0,50.0,129.66666666666666,124.54166666666667,134.22333333333333,138.77833333333334,104.63,104.44
Wajir,2023-12-01,180.0,104.25,179.4,154.54999999999998,1,3,68.08333333333333,59.041666666666664,147.5,137.75,148.69,144.51166666666666,121.42444444444443,113.76777777777777
Wajir,2024-03-01,183.5,109.5,175.0,156.0,1,3,87.91666666666667,68.95833333333333,164.5,146.66666666666666,160.35666666666668,148.6783333333333,137.5911111111111,121.43444444444442
Wajir,2024-06-01,155.8,100.16666666666667,148.14285714285714,134.7031746031746,1,3,104.6388888888889,77.31944444444444,173.1,151.38333333333333,167.51428571428573,150.86880952380952,148.41772486772484,126.52386243386245
Wajir,2024-09-01,163.2,94.0,183.42857142857142,146.87619047619046,1,3,101.22222222222223,84.65277777777779,167.5,157.5,168.85714285714286,158.77357142857144,145.85978835978835,133.6421164021164
Wajir,2024-12-01,,,162.16666666666666,162.16666666666666,1,1,97.08333333333334,91.58333333333334,159.5,162.5,164.57936507936506,162.46801587301587,147.91534391534393,142.75322751322753
Wajir,2025-03-01,146.5,87.5,149.5,127.83333333333333,1,3,90.75,99.08333333333334,154.85,165.8,165.03174603174602,166.27301587301588,145.62539682539682,147.02156084656085
Wajir,2025-09-01,153.5,79.0,137.5,123.33333333333333,1,3,83.25,94.03333333333333,150.0,160.5,149.7222222222222,159.28968253968253,137.7777777777778,141.81878306878306
Wajir,2025-12-01,128.0,66.0,126.33333333333333,106.77777777777777,1,3,77.5,85.33333333333334,142.66666666666666,149.4,137.7777777777778,151.17857142857142,119.31481481481482,133.61507936507937
West Pokot,2021-01-01,120.0,,,120.0,1,1,,,120.0,120.0,,,120.0,120.0
West Pokot,2021-02-01,110.0,31.1,,70.55,1,2,31.1,31.1,115.0,115.0,,,95.275,95.275
West Pokot,2021-03-01,97.33333333333333,,,97.33333333333333,1,1,31.1,31.1,109.1111111111111,109.1111111111111,,,95.96111111111111,95.96111111111111
West Pokot,2021-04-01,105.66666666666667,27.8,,66.73333333333333,1,2,29.450000000000003,29.450000000000003,104.33333333333333,108.25,,,78.20555555555556,88.65416666666667
West Pokot,2021-05-01,151.04444444444445,35.65,,93.34722222222223,1,2,31.724999999999998,31.516666666666666,118.01481481481483,116.8088888888889,,,85.80462962962963,89.59277777777778
West Pokot,2021-06-01,90.88666666666667,27.944444444444443,100.0,72.9437037037037,1,3,30.464814814814815,30.62361111111111,115.86592592592594,112.48851851851852,100.0,100.0,77.67475308641976,86.81793209876543
West Pokot,2021-07-01,83.33333333333333,30.85,100.0,71.39444444444445,1,3,31.48148148148148,30.668888888888887,108.42148148148148,106.37740740740742,100.0,100.0,79.22845679012346,78.7170061728395
West Pokot,2021-08-01,131.11111111111111,31.1,100.0,87.4037037037037,1,3,29.964814814814815,30.668888888888887,101.77703703703703,109.89592592592594,100.0,100.0,77.24728395061727,81.52595679012346
West Pokot,2021-09-01,111.82777777777778,31.055555555555557,100.0,80.96111111111111,1,3,31.001851851851853,30.733333333333334,108.75740740740741,112.31166666666667,100.0,100.0,79.91975308641975,78.79725308641976
West Pokot,2021-10-01,85.10925925925926,31.211111111111112,100.0,72.10679012345679,1,3,31.12222222222222,31.30185185185185,109.34938271604938,108.88543209876543,100.0,100.0,80.15720164609053,79.692829218107
West Pokot,2021-11-01,81.14444444444445,30.2,100.0,70.44814814814815,1,3,30.822222222222223,30.393518518518515,92.69382716049383,97.23543209876543,100.0,100.0,74.50534979423868,75.87631687242798
West Pokot,2021-12-01,90.2925925925926,29.42222222222222,100.0,73.23827160493828,1,3,30.277777777777775,30.639814814814816,85.51543209876543,97.13641975308643,100.0,100.0,71.93106995884774,75.92541152263374
West Pokot,2022-01-01,80.55555555555556,32.2,100.0,70.91851851851852,1,3,30.607407407407408,30.864814814814817,83.99753086419753,96.67345679012345,100.0,100.0,71.53497942386832,75.84609053497942
West Pokot,2022-02-01,90.74833333333333,32.2,100.0,74.31611111111111,1,3,31.274074074074075,31.048148148148147,87.19882716049382,89.94632716049382,100.0,100.0,72.82430041152263,73.66482510288067
West Pokot,2022-03-01,81.49375,32.2,101.5,71.73125,1,3,32.2,31.23888888888889,84.26587962962964,84.89065586419754,100.5,100.25,72.3219598765432,72.12651491769547
West Pokot,2022-04-01,111.65833333333333,37.2,,74.42916666666667,1,2,33.86666666666667,32.237037037037034,94.63347222222222,89.31550154320986,100.75,100.3,73.49217592592593,72.51357767489712
West Pokot,2022-05-01,128.75,42.9,120.0,97.21666666666665,1,3,37.43333333333334,34.35370370370371,107.30069444444445,97.24976080246915,110.75,104.3,81.12569444444445,76.97499742798354
West Pokot,2022-06-01,119.33472222222223,60.41111111111111,120.0,99.91527777777777,1,3,46.83703703703704,39.51851851851852,119.91435185185185,102.09011574074073,120.0,108.3,90.52037037037036,81.42116512345679
West Pokot,2022-07-01,103.61388888888888,61.13333333333333,120.0,94.91574074074073,1,3,54.81481481481482,44.34074074074075,117.23287037037038,105.9331712962963,120.0,112.3,97.34922839506173,85.42070216049382
West Pokot,2022-08-01,114.99375,55.1,,85.046875,1,2,58.88148148148148,48.15740740740741,112.6474537037037,109.97407407407407,120.0,115.375,93.29263117283949,87.20916280864196
West Pokot,2022-09-01,90.8625,54.42,,72.64125,1,2,56.88444444444445,51.86074074074074,103.15671296296296,111.53553240740742,120.0,120.0,84.20128858024691,87.36082947530865
West Pokot,2022-10-01,129.11666666666667,50.559999999999995,,89.83833333333334,1,2,53.35999999999999,54.087407407407404,111.65763888888888,114.44525462962963,,120.0,82.50881944444444,89.92902391975308
West Pokot,2022-11-01,151.33333333333334,52.0,,101.66666666666667,1,2,52.326666666666675,55.60407407407408,123.77083333333333,118.20914351851853,,120.0,88.04875,90.67069058641975
West Pokot,2022-12-01,150.0,52.0,,101.0,1,2,51.52,54.202222222222225,143.48333333333335,123.32002314814815,,120.0,97.50166666666667,90.85147762345679
West Pokot,2023-01-01,,51.733333333333334,,51.733333333333334,1,1,51.91111111111112,52.63555555555556,150.66666666666669,127.26124999999999,,,84.80000000000001,83.65440972222223
West Pokot,2023-02-01,133.28333333333333,60.36666666666667,,96.825,1,2,54.699999999999996,53.51333333333333,141.64166666666665,130.91916666666665,,,83.18611111111112,85.61743055555557
West Pokot,2023-03-01,136.65555555555557,,,136.65555555555557,1,1,56.05,53.331999999999994,134.96944444444443,140.07777777777778,,,95.0712962962963,96.28648148148149
West Pokot,2023-04-01,158.5,63.05,,110.775,1,2,61.70833333333333,55.83,142.81296296296296,145.95444444444442,,,114.75185185185187,99.77592592592593
West Pokot,2023-05-01,174.28333333333333,69.09,,121.68666666666667,1,2,66.07,59.248000000000005,156.47962962962964,150.54444444444445,,,123.0390740740741,103.11259259259259
West Pokot,2023-06-01,157.91111111111113,72.82222222222222,,115.36666666666667,1,2,68.32074074074073,63.41244444444444,163.5648148148148,152.1266666666667,,,115.94277777777779,105.50703703703705
West Pokot,2023-07-01,135.83055555555555,59.78333333333333,,97.80694444444444,1,2,67.23185185185186,65.02244444444443,156.00833333333333,149.41064814814817,,,111.6200925925926,113.18597222222223
