date,year,month,county,mean_rainfall_mm,source_file
2019-01-01,2019,1,Baringo,7.184619,chirps-v2.0.2019.01.tif
2019-01-01,2019,1,Embu,14.658785,chirps-v2.0.2019.01.tif
2019-01-01,2019,1,Garissa,4.2588215,chirps-v2.0.2019.01.tif
2019-01-01,2019,1,Isiolo,4.558505,chirps-v2.0.2019.01.tif
2019-01-01,2019,1,Kajiado,8.523644,chirps-v2.0.2019.01.tif
2019-01-01,2019,1,Kilifi,13.76618,chirps-v2.0.2019.01.tif
2019-01-01,2019,1,Kitui,9.86318,chirps-v2.0.2019.01.tif
2019-01-01,2019,1,Kwale,11.345544,chirps-v2.0.2019.01.tif
2019-01-01,2019,1,Laikipia,14.985881,chirps-v2.0.2019.01.tif
2019-01-01,2019,1,Lamu,6.7746863,chirps-v2.0.2019.01.tif
2019-01-01,2019,1,Makueni,4.154815,chirps-v2.0.2019.01.tif
2019-01-01,2019,1,Mandera,0.7523778,chirps-v2.0.2019.01.tif
2019-01-01,2019,1,Marsabit,3.8047903,chirps-v2.0.2019.01.tif
2019-01-01,2019,1,Meru,19.827806,chirps-v2.0.2019.01.tif
2019-01-01,2019,1,Narok,13.918582,chirps-v2.0.2019.01.tif
2019-01-01,2019,1,Nyeri,28.069643,chirps-v2.0.2019.01.tif
2019-01-01,2019,1,Samburu,6.780695,chirps-v2.0.2019.01.tif
2019-01-01,2019,1,Taita Taveta,14.228221,chirps-v2.0.2019.01.tif
2019-01-01,2019,1,Tana River,7.5361395,chirps-v2.0.2019.01.tif
2019-01-01,2019,1,Tharaka Nithi,11.656526,chirps-v2.0.2019.01.tif
2019-01-01,2019,1,Turkana,1.3992056,chirps-v2.0.2019.01.tif
2019-01-01,2019,1,Wajir,2.5143135,chirps-v2.0.2019.01.tif
2019-01-01,2019,1,West Pokot,3.4197254,chirps-v2.0.2019.01.tif
2019-02-01,2019,2,Baringo,4.4092903,chirps-v2.0.2019.02.tif
2019-02-01,2019,2,Embu,8.075307,chirps-v2.0.2019.02.tif
2019-02-01,2019,2,Garissa,3.3260612,chirps-v2.0.2019.02.tif
2019-02-01,2019,2,Isiolo,3.2640584,chirps-v2.0.2019.02.tif
2019-02-01,2019,2,Kajiado,9.597023,chirps-v2.0.2019.02.tif
2019-02-01,2019,2,Kilifi,2.9940372,chirps-v2.0.2019.02.tif
2019-02-01,2019,2,Kitui,7.6854115,chirps-v2.0.2019.02.tif
2019-02-01,2019,2,Kwale,7.3688207,chirps-v2.0.2019.02.tif
2019-02-01,2019,2,Laikipia,8.260603,chirps-v2.0.2019.02.tif
2019-02-01,2019,2,Lamu,1.9278057,chirps-v2.0.2019.02.tif
2019-02-01,2019,2,Makueni,5.047375,chirps-v2.0.2019.02.tif
2019-02-01,2019,2,Mandera,1.7239759,chirps-v2.0.2019.02.tif
2019-02-01,2019,2,Marsabit,4.9953074,chirps-v2.0.2019.02.tif
2019-02-01,2019,2,Meru,14.503452,chirps-v2.0.2019.02.tif
2019-02-01,2019,2,Narok,14.320092,chirps-v2.0.2019.02.tif
2019-02-01,2019,2,Nyeri,15.2943735,chirps-v2.0.2019.02.tif
2019-02-01,2019,2,Samburu,5.280775,chirps-v2.0.2019.02.tif
2019-02-01,2019,2,Taita Taveta,11.513758,chirps-v2.0.2019.02.tif
2019-02-01,2019,2,Tana River,3.9497359,chirps-v2.0.2019.02.tif
2019-02-01,2019,2,Tharaka Nithi,9.484328,chirps-v2.0.2019.02.tif
2019-02-01,2019,2,Turkana,4.002863,chirps-v2.0.2019.02.tif
2019-02-01,2019,2,Wajir,3.0796034,chirps-v2.0.2019.02.tif
2019-02-01,2019,2,West Pokot,5.6758857,chirps-v2.0.2019.02.tif
2019-03-01,2019,3,Baringo,17.688416,chirps-v2.0.2019.03.tif
2019-03-01,2019,3,Embu,9.7070675,chirps-v2.0.2019.03.tif
2019-03-01,2019,3,Garissa,4.0422587,chirps-v2.0.2019.03.tif
2019-03-01,2019,3,Isiolo,5.648208,chirps-v2.0.2019.03.tif
2019-03-01,2019,3,Kajiado,7.5071917,chirps-v2.0.2019.03.tif
2019-03-01,2019,3,Kilifi,8.788883,chirps-v2.0.2019.03.tif
2019-03-01,2019,3,Kitui,6.4204426,chirps-v2.0.2019.03.tif
2019-03-01,2019,3,Kwale,9.310245,chirps-v2.0.2019.03.tif
2019-03-01,2019,3,Laikipia,12.5181675,chirps-v2.0.2019.03.tif
2019-03-01,2019,3,Lamu,4.857215,chirps-v2.0.2019.03.tif
2019-03-01,2019,3,Makueni,4.2605414,chirps-v2.0.2019.03.tif
2019-03-01,2019,3,Mandera,6.2910075,chirps-v2.0.2019.03.tif
2019-03-01,2019,3,Marsabit,13.556519,chirps-v2.0.2019.03.tif
2019-03-01,2019,3,Meru,10.8770485,chirps-v2.0.2019.03.tif
2019-03-01,2019,3,Narok,25.966732,chirps-v2.0.2019.03.tif
2019-03-01,2019,3,Nyeri,18.392487,chirps-v2.0.2019.03.tif
2019-03-01,2019,3,Samburu,13.826441,chirps-v2.0.2019.03.tif
2019-03-01,2019,3,Taita Taveta,9.486196,chirps-v2.0.2019.03.tif
2019-03-01,2019,3,Tana River,4.833474,chirps-v2.0.2019.03.tif
2019-03-01,2019,3,Tharaka Nithi,7.226427,chirps-v2.0.2019.03.tif
2019-03-01,2019,3,Turkana,15.17409,chirps-v2.0.2019.03.tif
2019-03-01,2019,3,Wajir,7.8959565,chirps-v2.0.2019.03.tif
2019-03-01,2019,3,West Pokot,22.544348,chirps-v2.0.2019.03.tif
2019-04-01,2019,4,Baringo,40.91878,chirps-v2.0.2019.04.tif
2019-04-01,2019,4,Embu,72.55928,chirps-v2.0.2019.04.tif
2019-04-01,2019,4,Garissa,27.214031,chirps-v2.0.2019.04.tif
2019-04-01,2019,4,Isiolo,21.9755,chirps-v2.0.2019.04.tif
2019-04-01,2019,4,Kajiado,43.13908,chirps-v2.0.2019.04.tif
2019-04-01,2019,4,Kilifi,31.235142,chirps-v2.0.2019.04.tif
2019-04-01,2019,4,Kitui,50.07067,chirps-v2.0.2019.04.tif
2019-04-01,2019,4,Kwale,32.651386,chirps-v2.0.2019.04.tif
2019-04-01,2019,4,Laikipia,44.877426,chirps-v2.0.2019.04.tif
2019-04-01,2019,4,Lamu,22.237661,chirps-v2.0.2019.04.tif
2019-04-01,2019,4,Makueni,32.157345,chirps-v2.0.2019.04.tif
2019-04-01,2019,4,Mandera,32.382645,chirps-v2.0.2019.04.tif
2019-04-01,2019,4,Marsabit,42.36735,chirps-v2.0.2019.04.tif
2019-04-01,2019,4,Meru,68.07146,chirps-v2.0.2019.04.tif
2019-04-01,2019,4,Narok,77.127144,chirps-v2.0.2019.04.tif
2019-04-01,2019,4,Nyeri,100.52871,chirps-v2.0.2019.04.tif
2019-04-01,2019,4,Samburu,43.067593,chirps-v2.0.2019.04.tif
2019-04-01,2019,4,Taita Taveta,57.270973,chirps-v2.0.2019.04.tif
2019-04-01,2019,4,Tana River,18.728573,chirps-v2.0.2019.04.tif
2019-04-01,2019,4,Tharaka Nithi,61.713394,chirps-v2.0.2019.04.tif
2019-04-01,2019,4,Turkana,26.149664,chirps-v2.0.2019.04.tif
2019-04-01,2019,4,Wajir,45.679707,chirps-v2.0.2019.04.tif
2019-04-01,2019,4,West Pokot,35.57465,chirps-v2.0.2019.04.tif
2019-05-01,2019,5,Baringo,29.830008,chirps-v2.0.2019.05.tif
2019-05-01,2019,5,Embu,43.319553,chirps-v2.0.2019.05.tif
2019-05-01,2019,5,Garissa,22.553484,chirps-v2.0.2019.05.tif
2019-05-01,2019,5,Isiolo,3.6799283,chirps-v2.0.2019.05.tif
2019-05-01,2019,5,Kajiado,13.186199,chirps-v2.0.2019.05.tif
2019-05-01,2019,5,Kilifi,137.28633,chirps-v2.0.2019.05.tif
2019-05-01,2019,5,Kitui,12.217414,chirps-v2.0.2019.05.tif
2019-05-01,2019,5,Kwale,161.6905,chirps-v2.0.2019.05.tif
2019-05-01,2019,5,Laikipia,33.301453,chirps-v2.0.2019.05.tif
2019-05-01,2019,5,Lamu,125.964905,chirps-v2.0.2019.05.tif
2019-05-01,2019,5,Makueni,10.102253,chirps-v2.0.2019.05.tif
2019-05-01,2019,5,Mandera,24.655956,chirps-v2.0.2019.05.tif
2019-05-01,2019,5,Marsabit,12.96483,chirps-v2.0.2019.05.tif
2019-05-01,2019,5,Meru,41.189312,chirps-v2.0.2019.05.tif
2019-05-01,2019,5,Narok,39.176285,chirps-v2.0.2019.05.tif
2019-05-01,2019,5,Nyeri,81.76763,chirps-v2.0.2019.05.tif
2019-05-01,2019,5,Samburu,15.854125,chirps-v2.0.2019.05.tif
2019-05-01,2019,5,Taita Taveta,37.940525,chirps-v2.0.2019.05.tif
2019-05-01,2019,5,Tana River,14.022569,chirps-v2.0.2019.05.tif
2019-05-01,2019,5,Tharaka Nithi,35.74834,chirps-v2.0.2019.05.tif
2019-05-01,2019,5,Turkana,7.806092,chirps-v2.0.2019.05.tif
2019-05-01,2019,5,Wajir,19.949694,chirps-v2.0.2019.05.tif
2019-05-01,2019,5,West Pokot,32.091465,chirps-v2.0.2019.05.tif
2019-06-01,2019,6,Baringo,72.692665,chirps-v2.0.2019.06.tif
2019-06-01,2019,6,Embu,8.068131,chirps-v2.0.2019.06.tif
2019-06-01,2019,6,Garissa,5.417682,chirps-v2.0.2019.06.tif
2019-06-01,2019,6,Isiolo,0.93622947,chirps-v2.0.2019.06.tif
2019-06-01,2019,6,Kajiado,6.3915815,chirps-v2.0.2019.06.tif
2019-06-01,2019,6,Kilifi,33.56091,chirps-v2.0.2019.06.tif
2019-06-01,2019,6,Kitui,2.934999,chirps-v2.0.2019.06.tif
2019-06-01,2019,6,Kwale,27.190882,chirps-v2.0.2019.06.tif
2019-06-01,2019,6,Laikipia,53.306343,chirps-v2.0.2019.06.tif
2019-06-01,2019,6,Lamu,26.783705,chirps-v2.0.2019.06.tif
2019-06-01,2019,6,Makueni,2.44064,chirps-v2.0.2019.06.tif
2019-06-01,2019,6,Mandera,0.9861694,chirps-v2.0.2019.06.tif
2019-06-01,2019,6,Marsabit,3.5487874,chirps-v2.0.2019.06.tif
2019-06-01,2019,6,Meru,11.755141,chirps-v2.0.2019.06.tif
2019-06-01,2019,6,Narok,55.062008,chirps-v2.0.2019.06.tif
2019-06-01,2019,6,Nyeri,51.85834,chirps-v2.0.2019.06.tif
2019-06-01,2019,6,Samburu,16.293228,chirps-v2.0.2019.06.tif
2019-06-01,2019,6,Taita Taveta,10.589455,chirps-v2.0.2019.06.tif
2019-06-01,2019,6,Tana River,7.7620854,chirps-v2.0.2019.06.tif
2019-06-01,2019,6,Tharaka Nithi,5.6455364,chirps-v2.0.2019.06.tif
2019-06-01,2019,6,Turkana,20.90213,chirps-v2.0.2019.06.tif
2019-06-01,2019,6,Wajir,1.038808,chirps-v2.0.2019.06.tif
2019-06-01,2019,6,West Pokot,58.4104,chirps-v2.0.2019.06.tif
2019-07-01,2019,7,Baringo,64.74567,chirps-v2.0.2019.07.tif
2019-07-01,2019,7,Embu,5.888809,chirps-v2.0.2019.07.tif
2019-07-01,2019,7,Garissa,11.40561,chirps-v2.0.2019.07.tif
2019-07-01,2019,7,Isiolo,0.63887733,chirps-v2.0.2019.07.tif
2019-07-01,2019,7,Kajiado,1.7468777,chirps-v2.0.2019.07.tif
2019-07-01,2019,7,Kilifi,43.6416,chirps-v2.0.2019.07.tif
2019-07-01,2019,7,Kitui,7.0020647,chirps-v2.0.2019.07.tif
2019-07-01,2019,7,Kwale,32.33443,chirps-v2.0.2019.07.tif
2019-07-01,2019,7,Laikipia,29.619131,chirps-v2.0.2019.07.tif
2019-07-01,2019,7,Lamu,37.82546,chirps-v2.0.2019.07.tif
2019-07-01,2019,7,Makueni,3.88025,chirps-v2.0.2019.07.tif
2019-07-01,2019,7,Mandera,2.7337174,chirps-v2.0.2019.07.tif
2019-07-01,2019,7,Marsabit,4.8301797,chirps-v2.0.2019.07.tif
2019-07-01,2019,7,Meru,5.8867483,chirps-v2.0.2019.07.tif
2019-07-01,2019,7,Narok,20.227468,chirps-v2.0.2019.07.tif
2019-07-01,2019,7,Nyeri,21.794931,chirps-v2.0.2019.07.tif
2019-07-01,2019,7,Samburu,9.589373,chirps-v2.0.2019.07.tif
2019-07-01,2019,7,Taita Taveta,10.871169,chirps-v2.0.2019.07.tif
2019-07-01,2019,7,Tana River,10.433042,chirps-v2.0.2019.07.tif
2019-07-01,2019,7,Tharaka Nithi,4.244519,chirps-v2.0.2019.07.tif
2019-07-01,2019,7,Turkana,19.96776,chirps-v2.0.2019.07.tif
2019-07-01,2019,7,Wajir,3.052743,chirps-v2.0.2019.07.tif
2019-07-01,2019,7,West Pokot,63.960274,chirps-v2.0.2019.07.tif
2019-08-01,2019,8,Baringo,70.05252,chirps-v2.0.2019.08.tif
2019-08-01,2019,8,Embu,6.4681163,chirps-v2.0.2019.08.tif
2019-08-01,2019,8,Garissa,4.2111197,chirps-v2.0.2019.08.tif
2019-08-01,2019,8,Isiolo,0.37484175,chirps-v2.0.2019.08.tif
2019-08-01,2019,8,Kajiado,2.4213061,chirps-v2.0.2019.08.tif
2019-08-01,2019,8,Kilifi,25.112461,chirps-v2.0.2019.08.tif
2019-08-01,2019,8,Kitui,6.71935,chirps-v2.0.2019.08.tif
2019-08-01,2019,8,Kwale,35.643642,chirps-v2.0.2019.08.tif
2019-08-01,2019,8,Laikipia,40.418316,chirps-v2.0.2019.08.tif
2019-08-01,2019,8,Lamu,10.900412,chirps-v2.0.2019.08.tif
2019-08-01,2019,8,Makueni,3.9796128,chirps-v2.0.2019.08.tif
2019-08-01,2019,8,Mandera,2.010253,chirps-v2.0.2019.08.tif
2019-08-01,2019,8,Marsabit,2.3564522,chirps-v2.0.2019.08.tif
2019-08-01,2019,8,Meru,7.482509,chirps-v2.0.2019.08.tif
2019-08-01,2019,8,Narok,38.03501,chirps-v2.0.2019.08.tif
2019-08-01,2019,8,Nyeri,36.475883,chirps-v2.0.2019.08.tif
2019-08-01,2019,8,Samburu,10.549591,chirps-v2.0.2019.08.tif
2019-08-01,2019,8,Taita Taveta,17.94899,chirps-v2.0.2019.08.tif
2019-08-01,2019,8,Tana River,7.340079,chirps-v2.0.2019.08.tif
2019-08-01,2019,8,Tharaka Nithi,4.0602627,chirps-v2.0.2019.08.tif
2019-08-01,2019,8,Turkana,11.4210615,chirps-v2.0.2019.08.tif
2019-08-01,2019,8,Wajir,1.5385734,chirps-v2.0.2019.08.tif
2019-08-01,2019,8,West Pokot,59.72039,chirps-v2.0.2019.08.tif
2019-09-01,2019,9,Baringo,32.34783,chirps-v2.0.2019.09.tif
2019-09-01,2019,9,Embu,8.944379,chirps-v2.0.2019.09.tif
2019-09-01,2019,9,Garissa,9.957075,chirps-v2.0.2019.09.tif
2019-09-01,2019,9,Isiolo,0.78810173,chirps-v2.0.2019.09.tif
2019-09-01,2019,9,Kajiado,2.661776,chirps-v2.0.2019.09.tif
2019-09-01,2019,9,Kilifi,32.604195,chirps-v2.0.2019.09.tif
2019-09-01,2019,9,Kitui,5.2204294,chirps-v2.0.2019.09.tif
2019-09-01,2019,9,Kwale,43.315605,chirps-v2.0.2019.09.tif
2019-09-01,2019,9,Laikipia,24.244226,chirps-v2.0.2019.09.tif
2019-09-01,2019,9,Lamu,14.566272,chirps-v2.0.2019.09.tif
2019-09-01,2019,9,Makueni,2.7049909,chirps-v2.0.2019.09.tif
2019-09-01,2019,9,Mandera,1.6339593,chirps-v2.0.2019.09.tif
2019-09-01,2019,9,Marsabit,1.7710155,chirps-v2.0.2019.09.tif
2019-09-01,2019,9,Meru,9.526624,chirps-v2.0.2019.09.tif
2019-09-01,2019,9,Narok,33.917686,chirps-v2.0.2019.09.tif
2019-09-01,2019,9,Nyeri,29.10285,chirps-v2.0.2019.09.tif
2019-09-01,2019,9,Samburu,5.6273437,chirps-v2.0.2019.09.tif
2019-09-01,2019,9,Taita Taveta,17.83825,chirps-v2.0.2019.09.tif
2019-09-01,2019,9,Tana River,11.430438,chirps-v2.0.2019.09.tif
2019-09-01,2019,9,Tharaka Nithi,5.303586,chirps-v2.0.2019.09.tif
2019-09-01,2019,9,Turkana,5.14896,chirps-v2.0.2019.09.tif
2019-09-01,2019,9,Wajir,4.4261513,chirps-v2.0.2019.09.tif
2019-09-01,2019,9,West Pokot,29.993757,chirps-v2.0.2019.09.tif
2019-10-01,2019,10,Baringo,63.26047,chirps-v2.0.2019.10.tif
2019-10-01,2019,10,Embu,148.92053,chirps-v2.0.2019.10.tif
2019-10-01,2019,10,Garissa,58.23535,chirps-v2.0.2019.10.tif
2019-10-01,2019,10,Isiolo,43.800125,chirps-v2.0.2019.10.tif
2019-10-01,2019,10,Kajiado,43.19771,chirps-v2.0.2019.10.tif
2019-10-01,2019,10,Kilifi,160.3643,chirps-v2.0.2019.10.tif
2019-10-01,2019,10,Kitui,98.21698,chirps-v2.0.2019.10.tif
2019-10-01,2019,10,Kwale,195.32747,chirps-v2.0.2019.10.tif
2019-10-01,2019,10,Laikipia,78.93096,chirps-v2.0.2019.10.tif
2019-10-01,2019,10,Lamu,64.82716,chirps-v2.0.2019.10.tif
2019-10-01,2019,10,Makueni,48.36232,chirps-v2.0.2019.10.tif
2019-10-01,2019,10,Mandera,77.59735,chirps-v2.0.2019.10.tif
2019-10-01,2019,10,Marsabit,66.19371,chirps-v2.0.2019.10.tif
2019-10-01,2019,10,Meru,180.8239,chirps-v2.0.2019.10.tif
2019-10-01,2019,10,Narok,52.472137,chirps-v2.0.2019.10.tif
2019-10-01,2019,10,Nyeri,178.35904,chirps-v2.0.2019.10.tif
2019-10-01,2019,10,Samburu,59.095936,chirps-v2.0.2019.10.tif
2019-10-01,2019,10,Taita Taveta,97.584404,chirps-v2.0.2019.10.tif
2019-10-01,2019,10,Tana River,59.215073,chirps-v2.0.2019.10.tif
2019-10-01,2019,10,Tharaka Nithi,151.01599,chirps-v2.0.2019.10.tif
2019-10-01,2019,10,Turkana,22.16099,chirps-v2.0.2019.10.tif
2019-10-01,2019,10,Wajir,91.1848,chirps-v2.0.2019.10.tif
2019-10-01,2019,10,West Pokot,77.08609,chirps-v2.0.2019.10.tif
2019-11-01,2019,11,Baringo,51.63457,chirps-v2.0.2019.11.tif
2019-11-01,2019,11,Embu,160.23648,chirps-v2.0.2019.11.tif
2019-11-01,2019,11,Garissa,131.87077,chirps-v2.0.2019.11.tif
2019-11-01,2019,11,Isiolo,64.899994,chirps-v2.0.2019.11.tif
2019-11-01,2019,11,Kajiado,79.15805,chirps-v2.0.2019.11.tif
2019-11-01,2019,11,Kilifi,115.60165,chirps-v2.0.2019.11.tif
2019-11-01,2019,11,Kitui,180.69286,chirps-v2.0.2019.11.tif
2019-11-01,2019,11,Kwale,76.306465,chirps-v2.0.2019.11.tif
2019-11-01,2019,11,Laikipia,96.019966,chirps-v2.0.2019.11.tif
2019-11-01,2019,11,Lamu,75.09945,chirps-v2.0.2019.11.tif
2019-11-01,2019,11,Makueni,86.82766,chirps-v2.0.2019.11.tif
2019-11-01,2019,11,Mandera,69.03203,chirps-v2.0.2019.11.tif
2019-11-01,2019,11,Marsabit,59.13511,chirps-v2.0.2019.11.tif
2019-11-01,2019,11,Meru,204.20045,chirps-v2.0.2019.11.tif
2019-11-01,2019,11,Narok,85.067375,chirps-v2.0.2019.11.tif
2019-11-01,2019,11,Nyeri,144.21953,chirps-v2.0.2019.11.tif
2019-11-01,2019,11,Samburu,70.9377,chirps-v2.0.2019.11.tif
2019-11-01,2019,11,Taita Taveta,100.42632,chirps-v2.0.2019.11.tif
2019-11-01,2019,11,Tana River,101.594734,chirps-v2.0.2019.11.tif
2019-11-01,2019,11,Tharaka Nithi,159.94975,chirps-v2.0.2019.11.tif
2019-11-01,2019,11,Turkana,20.409796,chirps-v2.0.2019.11.tif
2019-11-01,2019,11,Wajir,144.47162,chirps-v2.0.2019.11.tif
2019-11-01,2019,11,West Pokot,38.439434,chirps-v2.0.2019.11.tif
2019-12-01,2019,12,Baringo,58.612846,chirps-v2.0.2019.12.tif
2019-12-01,2019,12,Embu,98.06097,chirps-v2.0.2019.12.tif
2019-12-01,2019,12,Garissa,34.55174,chirps-v2.0.2019.12.tif
2019-12-01,2019,12,Isiolo,30.016506,chirps-v2.0.2019.12.tif
2019-12-01,2019,12,Kajiado,105.76151,chirps-v2.0.2019.12.tif
2019-12-01,2019,12,Kilifi,76.80056,chirps-v2.0.2019.12.tif
2019-12-01,2019,12,Kitui,141.61766,chirps-v2.0.2019.12.tif
2019-12-01,2019,12,Kwale,86.515656,chirps-v2.0.2019.12.tif
2019-12-01,2019,12,Laikipia,70.89974,chirps-v2.0.2019.12.tif
2019-12-01,2019,12,Lamu,38.474434,chirps-v2.0.2019.12.tif
2019-12-01,2019,12,Makueni,91.78771,chirps-v2.0.2019.12.tif
2019-12-01,2019,12,Mandera,19.75537,chirps-v2.0.2019.12.tif
2019-12-01,2019,12,Marsabit,33.156853,chirps-v2.0.2019.12.tif
2019-12-01,2019,12,Meru,112.81268,chirps-v2.0.2019.12.tif
2019-12-01,2019,12,Narok,129.87831,chirps-v2.0.2019.12.tif
2019-12-01,2019,12,Nyeri,110.37703,chirps-v2.0.2019.12.tif
2019-12-01,2019,12,Samburu,55.57609,chirps-v2.0.2019.12.tif
2019-12-01,2019,12,Taita Taveta,126.62339,chirps-v2.0.2019.12.tif
2019-12-01,2019,12,Tana River,77.342606,chirps-v2.0.2019.12.tif
2019-12-01,2019,12,Tharaka Nithi,86.38639,chirps-v2.0.2019.12.tif
2019-12-01,2019,12,Turkana,27.465464,chirps-v2.0.2019.12.tif
2019-12-01,2019,12,Wajir,25.765354,chirps-v2.0.2019.12.tif
2019-12-01,2019,12,West Pokot,33.698433,chirps-v2.0.2019.12.tif
2020-01-01,2020,1,Baringo,20.164928,chirps-v2.0.2020.01.tif
2020-01-01,2020,1,Embu,33.925316,chirps-v2.0.2020.01.tif
2020-01-01,2020,1,Garissa,17.585268,chirps-v2.0.2020.01.tif
2020-01-01,2020,1,Isiolo,12.530038,chirps-v2.0.2020.01.tif
2020-01-01,2020,1,Kajiado,50.87979,chirps-v2.0.2020.01.tif
2020-01-01,2020,1,Kilifi,26.058813,chirps-v2.0.2020.01.tif
2020-01-01,2020,1,Kitui,35.35431,chirps-v2.0.2020.01.tif
2020-01-01,2020,1,Kwale,40.58203,chirps-v2.0.2020.01.tif
2020-01-01,2020,1,Laikipia,29.32322,chirps-v2.0.2020.01.tif
2020-01-01,2020,1,Lamu,16.551762,chirps-v2.0.2020.01.tif
2020-01-01,2020,1,Makueni,36.09556,chirps-v2.0.2020.01.tif
2020-01-01,2020,1,Mandera,0.91201055,chirps-v2.0.2020.01.tif
2020-01-01,2020,1,Marsabit,11.450822,chirps-v2.0.2020.01.tif
2020-01-01,2020,1,Meru,45.020275,chirps-v2.0.2020.01.tif
2020-01-01,2020,1,Narok,80.73269,chirps-v2.0.2020.01.tif
2020-01-01,2020,1,Nyeri,55.162937,chirps-v2.0.2020.01.tif
2020-01-01,2020,1,Samburu,15.946117,chirps-v2.0.2020.01.tif
2020-01-01,2020,1,Taita Taveta,61.320457,chirps-v2.0.2020.01.tif
2020-01-01,2020,1,Tana River,23.50224,chirps-v2.0.2020.01.tif
2020-01-01,2020,1,Tharaka Nithi,33.328873,chirps-v2.0.2020.01.tif
2020-01-01,2020,1,Turkana,5.7834115,chirps-v2.0.2020.01.tif
2020-01-01,2020,1,Wajir,6.853437,chirps-v2.0.2020.01.tif
2020-01-01,2020,1,West Pokot,11.866655,chirps-v2.0.2020.01.tif
2020-02-01,2020,2,Baringo,13.084544,chirps-v2.0.2020.02.tif
2020-02-01,2020,2,Embu,21.696774,chirps-v2.0.2020.02.tif
2020-02-01,2020,2,Garissa,3.5605633,chirps-v2.0.2020.02.tif
2020-02-01,2020,2,Isiolo,5.2746415,chirps-v2.0.2020.02.tif
2020-02-01,2020,2,Kajiado,22.090315,chirps-v2.0.2020.02.tif
2020-02-01,2020,2,Kilifi,5.100023,chirps-v2.0.2020.02.tif
2020-02-01,2020,2,Kitui,16.646929,chirps-v2.0.2020.02.tif
2020-02-01,2020,2,Kwale,9.478705,chirps-v2.0.2020.02.tif
2020-02-01,2020,2,Laikipia,23.2581,chirps-v2.0.2020.02.tif
2020-02-01,2020,2,Lamu,1.799038,chirps-v2.0.2020.02.tif
2020-02-01,2020,2,Makueni,17.383804,chirps-v2.0.2020.02.tif
2020-02-01,2020,2,Mandera,1.5480838,chirps-v2.0.2020.02.tif
2020-02-01,2020,2,Marsabit,6.874012,chirps-v2.0.2020.02.tif
2020-02-01,2020,2,Meru,29.767908,chirps-v2.0.2020.02.tif
2020-02-01,2020,2,Narok,36.15679,chirps-v2.0.2020.02.tif
2020-02-01,2020,2,Nyeri,40.291264,chirps-v2.0.2020.02.tif
2020-02-01,2020,2,Samburu,15.278861,chirps-v2.0.2020.02.tif
2020-02-01,2020,2,Taita Taveta,16.194191,chirps-v2.0.2020.02.tif
2020-02-01,2020,2,Tana River,4.6478734,chirps-v2.0.2020.02.tif
2020-02-01,2020,2,Tharaka Nithi,19.35815,chirps-v2.0.2020.02.tif
2020-02-01,2020,2,Turkana,6.8756375,chirps-v2.0.2020.02.tif
2020-02-01,2020,2,Wajir,2.9665585,chirps-v2.0.2020.02.tif
2020-02-01,2020,2,West Pokot,11.864861,chirps-v2.0.2020.02.tif
2020-03-01,2020,3,Baringo,79.03617,chirps-v2.0.2020.03.tif
2020-03-01,2020,3,Embu,59.392467,chirps-v2.0.2020.03.tif
2020-03-01,2020,3,Garissa,23.511753,chirps-v2.0.2020.03.tif
2020-03-01,2020,3,Isiolo,23.891497,chirps-v2.0.2020.03.tif
2020-03-01,2020,3,Kajiado,80.075714,chirps-v2.0.2020.03.tif
2020-03-01,2020,3,Kilifi,46.684307,chirps-v2.0.2020.03.tif
2020-03-01,2020,3,Kitui,82.59394,chirps-v2.0.2020.03.tif
2020-03-01,2020,3,Kwale,57.09212,chirps-v2.0.2020.03.tif
2020-03-01,2020,3,Laikipia,68.803764,chirps-v2.0.2020.03.tif
2020-03-01,2020,3,Lamu,25.221916,chirps-v2.0.2020.03.tif
2020-03-01,2020,3,Makueni,52.080154,chirps-v2.0.2020.03.tif
2020-03-01,2020,3,Mandera,21.89601,chirps-v2.0.2020.03.tif
2020-03-01,2020,3,Marsabit,41.880077,chirps-v2.0.2020.03.tif
2020-03-01,2020,3,Meru,62.287704,chirps-v2.0.2020.03.tif
2020-03-01,2020,3,Narok,120.113434,chirps-v2.0.2020.03.tif
2020-03-01,2020,3,Nyeri,95.96009,chirps-v2.0.2020.03.tif
2020-03-01,2020,3,Samburu,56.49298,chirps-v2.0.2020.03.tif
2020-03-01,2020,3,Taita Taveta,102.90118,chirps-v2.0.2020.03.tif
2020-03-01,2020,3,Tana River,38.016743,chirps-v2.0.2020.03.tif
2020-03-01,2020,3,Tharaka Nithi,48.95117,chirps-v2.0.2020.03.tif
2020-03-01,2020,3,Turkana,58.686592,chirps-v2.0.2020.03.tif
2020-03-01,2020,3,Wajir,34.82421,chirps-v2.0.2020.03.tif
2020-03-01,2020,3,West Pokot,83.59664,chirps-v2.0.2020.03.tif
2020-04-01,2020,4,Baringo,101.12289,chirps-v2.0.2020.04.tif
2020-04-01,2020,4,Embu,186.62999,chirps-v2.0.2020.04.tif
2020-04-01,2020,4,Garissa,68.15662,chirps-v2.0.2020.04.tif
2020-04-01,2020,4,Isiolo,68.572266,chirps-v2.0.2020.04.tif
2020-04-01,2020,4,Kajiado,92.599396,chirps-v2.0.2020.04.tif
2020-04-01,2020,4,Kilifi,151.15146,chirps-v2.0.2020.04.tif
2020-04-01,2020,4,Kitui,105.08227,chirps-v2.0.2020.04.tif
2020-04-01,2020,4,Kwale,212.5315,chirps-v2.0.2020.04.tif
2020-04-01,2020,4,Laikipia,132.86456,chirps-v2.0.2020.04.tif
2020-04-01,2020,4,Lamu,96.88984,chirps-v2.0.2020.04.tif
2020-04-01,2020,4,Makueni,61.638622,chirps-v2.0.2020.04.tif
2020-04-01,2020,4,Mandera,89.43723,chirps-v2.0.2020.04.tif
2020-04-01,2020,4,Marsabit,93.658295,chirps-v2.0.2020.04.tif
2020-04-01,2020,4,Meru,226.55688,chirps-v2.0.2020.04.tif
2020-04-01,2020,4,Narok,136.94702,chirps-v2.0.2020.04.tif
2020-04-01,2020,4,Nyeri,267.5824,chirps-v2.0.2020.04.tif
2020-04-01,2020,4,Samburu,110.24841,chirps-v2.0.2020.04.tif
2020-04-01,2020,4,Taita Taveta,94.10851,chirps-v2.0.2020.04.tif
2020-04-01,2020,4,Tana River,47.973618,chirps-v2.0.2020.04.tif
2020-04-01,2020,4,Tharaka Nithi,199.69574,chirps-v2.0.2020.04.tif
2020-04-01,2020,4,Turkana,41.477272,chirps-v2.0.2020.04.tif
2020-04-01,2020,4,Wajir,155.70515,chirps-v2.0.2020.04.tif
2020-04-01,2020,4,West Pokot,87.67344,chirps-v2.0.2020.04.tif
2020-05-01,2020,5,Baringo,61.339813,chirps-v2.0.2020.05.tif
2020-05-01,2020,5,Embu,55.805195,chirps-v2.0.2020.05.tif
2020-05-01,2020,5,Garissa,18.769821,chirps-v2.0.2020.05.tif
2020-05-01,2020,5,Isiolo,3.5042925,chirps-v2.0.2020.05.tif
2020-05-01,2020,5,Kajiado,15.219829,chirps-v2.0.2020.05.tif
2020-05-01,2020,5,Kilifi,67.32265,chirps-v2.0.2020.05.tif
2020-05-01,2020,5,Kitui,11.377108,chirps-v2.0.2020.05.tif
2020-05-01,2020,5,Kwale,73.57016,chirps-v2.0.2020.05.tif
2020-05-01,2020,5,Laikipia,60.292587,chirps-v2.0.2020.05.tif
2020-05-01,2020,5,Lamu,90.73933,chirps-v2.0.2020.05.tif
2020-05-01,2020,5,Makueni,6.8081875,chirps-v2.0.2020.05.tif
2020-05-01,2020,5,Mandera,9.706363,chirps-v2.0.2020.05.tif
2020-05-01,2020,5,Marsabit,13.950958,chirps-v2.0.2020.05.tif
2020-05-01,2020,5,Meru,46.03761,chirps-v2.0.2020.05.tif
2020-05-01,2020,5,Narok,47.748596,chirps-v2.0.2020.05.tif
2020-05-01,2020,5,Nyeri,116.06726,chirps-v2.0.2020.05.tif
2020-05-01,2020,5,Samburu,24.579191,chirps-v2.0.2020.05.tif
2020-05-01,2020,5,Taita Taveta,12.200315,chirps-v2.0.2020.05.tif
2020-05-01,2020,5,Tana River,9.015659,chirps-v2.0.2020.05.tif
2020-05-01,2020,5,Tharaka Nithi,44.463223,chirps-v2.0.2020.05.tif
2020-05-01,2020,5,Turkana,15.013758,chirps-v2.0.2020.05.tif
2020-05-01,2020,5,Wajir,7.91604,chirps-v2.0.2020.05.tif
2020-05-01,2020,5,West Pokot,51.734188,chirps-v2.0.2020.05.tif
2020-06-01,2020,6,Baringo,78.555305,chirps-v2.0.2020.06.tif
2020-06-01,2020,6,Embu,9.065764,chirps-v2.0.2020.06.tif
2020-06-01,2020,6,Garissa,8.4169035,chirps-v2.0.2020.06.tif
2020-06-01,2020,6,Isiolo,0.9979426,chirps-v2.0.2020.06.tif
2020-06-01,2020,6,Kajiado,4.085971,chirps-v2.0.2020.06.tif
2020-06-01,2020,6,Kilifi,52.87699,chirps-v2.0.2020.06.tif
2020-06-01,2020,6,Kitui,3.1702912,chirps-v2.0.2020.06.tif
2020-06-01,2020,6,Kwale,46.051914,chirps-v2.0.2020.06.tif
2020-06-01,2020,6,Laikipia,50.862263,chirps-v2.0.2020.06.tif
2020-06-01,2020,6,Lamu,39.06479,chirps-v2.0.2020.06.tif
2020-06-01,2020,6,Makueni,2.7190506,chirps-v2.0.2020.06.tif
2020-06-01,2020,6,Mandera,1.1992064,chirps-v2.0.2020.06.tif
2020-06-01,2020,6,Marsabit,3.0289757,chirps-v2.0.2020.06.tif
2020-06-01,2020,6,Meru,10.590222,chirps-v2.0.2020.06.tif
2020-06-01,2020,6,Narok,37.3481,chirps-v2.0.2020.06.tif
2020-06-01,2020,6,Nyeri,54.517487,chirps-v2.0.2020.06.tif
2020-06-01,2020,6,Samburu,18.391731,chirps-v2.0.2020.06.tif
2020-06-01,2020,6,Taita Taveta,11.108058,chirps-v2.0.2020.06.tif
2020-06-01,2020,6,Tana River,8.12633,chirps-v2.0.2020.06.tif
2020-06-01,2020,6,Tharaka Nithi,6.1359534,chirps-v2.0.2020.06.tif
2020-06-01,2020,6,Turkana,21.01706,chirps-v2.0.2020.06.tif
2020-06-01,2020,6,Wajir,1.1548549,chirps-v2.0.2020.06.tif
2020-06-01,2020,6,West Pokot,62.858288,chirps-v2.0.2020.06.tif
2020-07-01,2020,7,Baringo,100.25511,chirps-v2.0.2020.07.tif
2020-07-01,2020,7,Embu,8.877775,chirps-v2.0.2020.07.tif
2020-07-01,2020,7,Garissa,23.750137,chirps-v2.0.2020.07.tif
2020-07-01,2020,7,Isiolo,0.7762971,chirps-v2.0.2020.07.tif
2020-07-01,2020,7,Kajiado,1.2856907,chirps-v2.0.2020.07.tif
2020-07-01,2020,7,Kilifi,50.907055,chirps-v2.0.2020.07.tif
2020-07-01,2020,7,Kitui,9.123494,chirps-v2.0.2020.07.tif
2020-07-01,2020,7,Kwale,40.178917,chirps-v2.0.2020.07.tif
2020-07-01,2020,7,Laikipia,37.527737,chirps-v2.0.2020.07.tif
2020-07-01,2020,7,Lamu,39.84865,chirps-v2.0.2020.07.tif
2020-07-01,2020,7,Makueni,3.4799373,chirps-v2.0.2020.07.tif
2020-07-01,2020,7,Mandera,4.651261,chirps-v2.0.2020.07.tif
2020-07-01,2020,7,Marsabit,5.742441,chirps-v2.0.2020.07.tif
2020-07-01,2020,7,Meru,9.212425,chirps-v2.0.2020.07.tif
2020-07-01,2020,7,Narok,16.751587,chirps-v2.0.2020.07.tif
2020-07-01,2020,7,Nyeri,23.236055,chirps-v2.0.2020.07.tif
2020-07-01,2020,7,Samburu,10.768847,chirps-v2.0.2020.07.tif
2020-07-01,2020,7,Taita Taveta,9.755329,chirps-v2.0.2020.07.tif
2020-07-01,2020,7,Tana River,15.70364,chirps-v2.0.2020.07.tif
2020-07-01,2020,7,Tharaka Nithi,7.1125865,chirps-v2.0.2020.07.tif
2020-07-01,2020,7,Turkana,15.615658,chirps-v2.0.2020.07.tif
2020-07-01,2020,7,Wajir,4.33127,chirps-v2.0.2020.07.tif
2020-07-01,2020,7,West Pokot,75.69405,chirps-v2.0.2020.07.tif
2020-08-01,2020,8,Baringo,93.294495,chirps-v2.0.2020.08.tif
2020-08-01,2020,8,Embu,10.241004,chirps-v2.0.2020.08.tif
2020-08-01,2020,8,Garissa,3.4788816,chirps-v2.0.2020.08.tif
2020-08-01,2020,8,Isiolo,0.79083717,chirps-v2.0.2020.08.tif
2020-08-01,2020,8,Kajiado,1.3579198,chirps-v2.0.2020.08.tif
2020-08-01,2020,8,Kilifi,17.64779,chirps-v2.0.2020.08.tif
2020-08-01,2020,8,Kitui,5.319627,chirps-v2.0.2020.08.tif
2020-08-01,2020,8,Kwale,23.12078,chirps-v2.0.2020.08.tif
2020-08-01,2020,8,Laikipia,64.13915,chirps-v2.0.2020.08.tif
2020-08-01,2020,8,Lamu,12.258868,chirps-v2.0.2020.08.tif
2020-08-01,2020,8,Makueni,2.3408654,chirps-v2.0.2020.08.tif
2020-08-01,2020,8,Mandera,2.1411958,chirps-v2.0.2020.08.tif
2020-08-01,2020,8,Marsabit,3.3396168,chirps-v2.0.2020.08.tif
2020-08-01,2020,8,Meru,13.691871,chirps-v2.0.2020.08.tif
2020-08-01,2020,8,Narok,26.780462,chirps-v2.0.2020.08.tif
2020-08-01,2020,8,Nyeri,38.150154,chirps-v2.0.2020.08.tif
2020-08-01,2020,8,Samburu,19.330158,chirps-v2.0.2020.08.tif
2020-08-01,2020,8,Taita Taveta,8.944944,chirps-v2.0.2020.08.tif
2020-08-01,2020,8,Tana River,5.290832,chirps-v2.0.2020.08.tif
2020-08-01,2020,8,Tharaka Nithi,7.5443,chirps-v2.0.2020.08.tif
2020-08-01,2020,8,Turkana,20.774311,chirps-v2.0.2020.08.tif
2020-08-01,2020,8,Wajir,1.5557095,chirps-v2.0.2020.08.tif
2020-08-01,2020,8,West Pokot,86.5999,chirps-v2.0.2020.08.tif
2020-09-01,2020,9,Baringo,44.079227,chirps-v2.0.2020.09.tif
2020-09-01,2020,9,Embu,9.026124,chirps-v2.0.2020.09.tif
2020-09-01,2020,9,Garissa,4.5355854,chirps-v2.0.2020.09.tif
2020-09-01,2020,9,Isiolo,0.57978755,chirps-v2.0.2020.09.tif
2020-09-01,2020,9,Kajiado,2.5113232,chirps-v2.0.2020.09.tif
2020-09-01,2020,9,Kilifi,23.598879,chirps-v2.0.2020.09.tif
2020-09-01,2020,9,Kitui,4.5341525,chirps-v2.0.2020.09.tif
2020-09-01,2020,9,Kwale,33.93252,chirps-v2.0.2020.09.tif
2020-09-01,2020,9,Laikipia,23.849445,chirps-v2.0.2020.09.tif
2020-09-01,2020,9,Lamu,9.615204,chirps-v2.0.2020.09.tif
2020-09-01,2020,9,Makueni,2.4590425,chirps-v2.0.2020.09.tif
2020-09-01,2020,9,Mandera,1.2136499,chirps-v2.0.2020.09.tif
2020-09-01,2020,9,Marsabit,2.535697,chirps-v2.0.2020.09.tif
2020-09-01,2020,9,Meru,10.975648,chirps-v2.0.2020.09.tif
2020-09-01,2020,9,Narok,33.64868,chirps-v2.0.2020.09.tif
2020-09-01,2020,9,Nyeri,34.989246,chirps-v2.0.2020.09.tif
2020-09-01,2020,9,Samburu,5.5538454,chirps-v2.0.2020.09.tif
2020-09-01,2020,9,Taita Taveta,13.821235,chirps-v2.0.2020.09.tif
2020-09-01,2020,9,Tana River,7.4970846,chirps-v2.0.2020.09.tif
2020-09-01,2020,9,Tharaka Nithi,5.8705387,chirps-v2.0.2020.09.tif
2020-09-01,2020,9,Turkana,9.677579,chirps-v2.0.2020.09.tif
2020-09-01,2020,9,Wajir,2.372312,chirps-v2.0.2020.09.tif
2020-09-01,2020,9,West Pokot,44.6632,chirps-v2.0.2020.09.tif
2020-10-01,2020,10,Baringo,45.281048,chirps-v2.0.2020.10.tif
2020-10-01,2020,10,Embu,28.539728,chirps-v2.0.2020.10.tif
2020-10-01,2020,10,Garissa,12.45604,chirps-v2.0.2020.10.tif
2020-10-01,2020,10,Isiolo,14.96555,chirps-v2.0.2020.10.tif
2020-10-01,2020,10,Kajiado,6.772906,chirps-v2.0.2020.10.tif
2020-10-01,2020,10,Kilifi,17.587809,chirps-v2.0.2020.10.tif
2020-10-01,2020,10,Kitui,13.063625,chirps-v2.0.2020.10.tif
2020-10-01,2020,10,Kwale,27.30816,chirps-v2.0.2020.10.tif
2020-10-01,2020,10,Laikipia,39.21357,chirps-v2.0.2020.10.tif
2020-10-01,2020,10,Lamu,11.786131,chirps-v2.0.2020.10.tif
2020-10-01,2020,10,Makueni,5.9826894,chirps-v2.0.2020.10.tif
2020-10-01,2020,10,Mandera,19.398743,chirps-v2.0.2020.10.tif
2020-10-01,2020,10,Marsabit,29.619272,chirps-v2.0.2020.10.tif
2020-10-01,2020,10,Meru,50.09238,chirps-v2.0.2020.10.tif
2020-10-01,2020,10,Narok,43.710148,chirps-v2.0.2020.10.tif
2020-10-01,2020,10,Nyeri,79.91876,chirps-v2.0.2020.10.tif
2020-10-01,2020,10,Samburu,29.392895,chirps-v2.0.2020.10.tif
2020-10-01,2020,10,Taita Taveta,11.704005,chirps-v2.0.2020.10.tif
2020-10-01,2020,10,Tana River,7.5440693,chirps-v2.0.2020.10.tif
2020-10-01,2020,10,Tharaka Nithi,27.646679,chirps-v2.0.2020.10.tif
2020-10-01,2020,10,Turkana,18.004187,chirps-v2.0.2020.10.tif
2020-10-01,2020,10,Wajir,17.411161,chirps-v2.0.2020.10.tif
2020-10-01,2020,10,West Pokot,70.18961,chirps-v2.0.2020.10.tif
2020-11-01,2020,11,Baringo,49.60263,chirps-v2.0.2020.11.tif
2020-11-01,2020,11,Embu,81.81615,chirps-v2.0.2020.11.tif
2020-11-01,2020,11,Garissa,28.460913,chirps-v2.0.2020.11.tif
2020-11-01,2020,11,Isiolo,13.858993,chirps-v2.0.2020.11.tif
2020-11-01,2020,11,Kajiado,45.61269,chirps-v2.0.2020.11.tif
2020-11-01,2020,11,Kilifi,95.09198,chirps-v2.0.2020.11.tif
2020-11-01,2020,11,Kitui,94.71386,chirps-v2.0.2020.11.tif
2020-11-01,2020,11,Kwale,93.848564,chirps-v2.0.2020.11.tif
2020-11-01,2020,11,Laikipia,37.798374,chirps-v2.0.2020.11.tif
2020-11-01,2020,11,Lamu,30.67061,chirps-v2.0.2020.11.tif
2020-11-01,2020,11,Makueni,62.23242,chirps-v2.0.2020.11.tif
2020-11-01,2020,11,Mandera,17.208916,chirps-v2.0.2020.11.tif
2020-11-01,2020,11,Marsabit,14.631334,chirps-v2.0.2020.11.tif
2020-11-01,2020,11,Meru,88.80065,chirps-v2.0.2020.11.tif
2020-11-01,2020,11,Narok,85.02579,chirps-v2.0.2020.11.tif
2020-11-01,2020,11,Nyeri,82.23021,chirps-v2.0.2020.11.tif
2020-11-01,2020,11,Samburu,25.151485,chirps-v2.0.2020.11.tif
2020-11-01,2020,11,Taita Taveta,85.21354,chirps-v2.0.2020.11.tif
2020-11-01,2020,11,Tana River,38.95445,chirps-v2.0.2020.11.tif
2020-11-01,2020,11,Tharaka Nithi,75.61696,chirps-v2.0.2020.11.tif
2020-11-01,2020,11,Turkana,10.105571,chirps-v2.0.2020.11.tif
2020-11-01,2020,11,Wajir,28.499714,chirps-v2.0.2020.11.tif
2020-11-01,2020,11,West Pokot,39.040405,chirps-v2.0.2020.11.tif
2020-12-01,2020,12,Baringo,7.767128,chirps-v2.0.2020.12.tif
2020-12-01,2020,12,Embu,24.816837,chirps-v2.0.2020.12.tif
2020-12-01,2020,12,Garissa,13.692744,chirps-v2.0.2020.12.tif
2020-12-01,2020,12,Isiolo,12.28435,chirps-v2.0.2020.12.tif
2020-12-01,2020,12,Kajiado,26.549051,chirps-v2.0.2020.12.tif
2020-12-01,2020,12,Kilifi,33.41319,chirps-v2.0.2020.12.tif
2020-12-01,2020,12,Kitui,50.014824,chirps-v2.0.2020.12.tif
2020-12-01,2020,12,Kwale,41.44131,chirps-v2.0.2020.12.tif
2020-12-01,2020,12,Laikipia,16.714722,chirps-v2.0.2020.12.tif
2020-12-01,2020,12,Lamu,11.138682,chirps-v2.0.2020.12.tif
2020-12-01,2020,12,Makueni,34.871555,chirps-v2.0.2020.12.tif
2020-12-01,2020,12,Mandera,4.27219,chirps-v2.0.2020.12.tif
2020-12-01,2020,12,Marsabit,18.767464,chirps-v2.0.2020.12.tif
2020-12-01,2020,12,Meru,32.953785,chirps-v2.0.2020.12.tif
2020-12-01,2020,12,Narok,30.642649,chirps-v2.0.2020.12.tif
2020-12-01,2020,12,Nyeri,33.22053,chirps-v2.0.2020.12.tif
2020-12-01,2020,12,Samburu,16.109682,chirps-v2.0.2020.12.tif
2020-12-01,2020,12,Taita Taveta,54.371876,chirps-v2.0.2020.12.tif
2020-12-01,2020,12,Tana River,29.334854,chirps-v2.0.2020.12.tif
2020-12-01,2020,12,Tharaka Nithi,24.71701,chirps-v2.0.2020.12.tif
2020-12-01,2020,12,Turkana,14.157826,chirps-v2.0.2020.12.tif
2020-12-01,2020,12,Wajir,10.928945,chirps-v2.0.2020.12.tif
2020-12-01,2020,12,West Pokot,5.5317507,chirps-v2.0.2020.12.tif
2021-01-01,2021,1,Baringo,16.134064,chirps-v2.0.2021.01.tif
2021-01-01,2021,1,Embu,12.597846,chirps-v2.0.2021.01.tif
2021-01-01,2021,1,Garissa,2.1492,chirps-v2.0.2021.01.tif
2021-01-01,2021,1,Isiolo,3.6857092,chirps-v2.0.2021.01.tif
2021-01-01,2021,1,Kajiado,18.116121,chirps-v2.0.2021.01.tif
2021-01-01,2021,1,Kilifi,7.2916174,chirps-v2.0.2021.01.tif
2021-01-01,2021,1,Kitui,6.6453595,chirps-v2.0.2021.01.tif
2021-01-01,2021,1,Kwale,20.544456,chirps-v2.0.2021.01.tif
2021-01-01,2021,1,Laikipia,20.666714,chirps-v2.0.2021.01.tif
2021-01-01,2021,1,Lamu,2.6676986,chirps-v2.0.2021.01.tif
2021-01-01,2021,1,Makueni,5.782452,chirps-v2.0.2021.01.tif
2021-01-01,2021,1,Mandera,1.0686378,chirps-v2.0.2021.01.tif
2021-01-01,2021,1,Marsabit,3.3086882,chirps-v2.0.2021.01.tif
2021-01-01,2021,1,Meru,18.40076,chirps-v2.0.2021.01.tif
2021-01-01,2021,1,Narok,31.17004,chirps-v2.0.2021.01.tif
2021-01-01,2021,1,Nyeri,48.87947,chirps-v2.0.2021.01.tif
2021-01-01,2021,1,Samburu,7.5118756,chirps-v2.0.2021.01.tif
2021-01-01,2021,1,Taita Taveta,22.95854,chirps-v2.0.2021.01.tif
2021-01-01,2021,1,Tana River,3.566226,chirps-v2.0.2021.01.tif
2021-01-01,2021,1,Tharaka Nithi,10.969319,chirps-v2.0.2021.01.tif
2021-01-01,2021,1,Turkana,2.6523874,chirps-v2.0.2021.01.tif
2021-01-01,2021,1,Wajir,1.8664397,chirps-v2.0.2021.01.tif
2021-01-01,2021,1,West Pokot,8.815003,chirps-v2.0.2021.01.tif
2021-02-01,2021,2,Baringo,12.5346,chirps-v2.0.2021.02.tif
2021-02-01,2021,2,Embu,12.910265,chirps-v2.0.2021.02.tif
2021-02-01,2021,2,Garissa,1.7793281,chirps-v2.0.2021.02.tif
2021-02-01,2021,2,Isiolo,2.9058967,chirps-v2.0.2021.02.tif
2021-02-01,2021,2,Kajiado,21.665518,chirps-v2.0.2021.02.tif
2021-02-01,2021,2,Kilifi,6.344002,chirps-v2.0.2021.02.tif
2021-02-01,2021,2,Kitui,8.922866,chirps-v2.0.2021.02.tif
2021-02-01,2021,2,Kwale,10.120822,chirps-v2.0.2021.02.tif
2021-02-01,2021,2,Laikipia,19.910547,chirps-v2.0.2021.02.tif
2021-02-01,2021,2,Lamu,1.7882936,chirps-v2.0.2021.02.tif
2021-02-01,2021,2,Makueni,11.379264,chirps-v2.0.2021.02.tif
2021-02-01,2021,2,Mandera,2.1633174,chirps-v2.0.2021.02.tif
2021-02-01,2021,2,Marsabit,6.6533933,chirps-v2.0.2021.02.tif
2021-02-01,2021,2,Meru,12.732329,chirps-v2.0.2021.02.tif
2021-02-01,2021,2,Narok,48.179447,chirps-v2.0.2021.02.tif
2021-02-01,2021,2,Nyeri,32.24765,chirps-v2.0.2021.02.tif
2021-02-01,2021,2,Samburu,11.612494,chirps-v2.0.2021.02.tif
2021-02-01,2021,2,Taita Taveta,16.988802,chirps-v2.0.2021.02.tif
2021-02-01,2021,2,Tana River,2.6978316,chirps-v2.0.2021.02.tif
2021-02-01,2021,2,Tharaka Nithi,7.7701,chirps-v2.0.2021.02.tif
2021-02-01,2021,2,Turkana,7.8018575,chirps-v2.0.2021.02.tif
2021-02-01,2021,2,Wajir,2.6028664,chirps-v2.0.2021.02.tif
2021-02-01,2021,2,West Pokot,8.607918,chirps-v2.0.2021.02.tif
2021-03-01,2021,3,Baringo,14.227799,chirps-v2.0.2021.03.tif
2021-03-01,2021,3,Embu,22.738325,chirps-v2.0.2021.03.tif
2021-03-01,2021,3,Garissa,5.8774195,chirps-v2.0.2021.03.tif
2021-03-01,2021,3,Isiolo,6.906756,chirps-v2.0.2021.03.tif
2021-03-01,2021,3,Kajiado,15.734265,chirps-v2.0.2021.03.tif
2021-03-01,2021,3,Kilifi,7.9126115,chirps-v2.0.2021.03.tif
2021-03-01,2021,3,Kitui,11.854792,chirps-v2.0.2021.03.tif
2021-03-01,2021,3,Kwale,12.207089,chirps-v2.0.2021.03.tif
2021-03-01,2021,3,Laikipia,22.261671,chirps-v2.0.2021.03.tif
2021-03-01,2021,3,Lamu,6.6464343,chirps-v2.0.2021.03.tif
2021-03-01,2021,3,Makueni,12.217131,chirps-v2.0.2021.03.tif
2021-03-01,2021,3,Mandera,4.8075695,chirps-v2.0.2021.03.tif
2021-03-01,2021,3,Marsabit,11.90847,chirps-v2.0.2021.03.tif
2021-03-01,2021,3,Meru,24.853806,chirps-v2.0.2021.03.tif
2021-03-01,2021,3,Narok,32.23134,chirps-v2.0.2021.03.tif
2021-03-01,2021,3,Nyeri,41.20904,chirps-v2.0.2021.03.tif
2021-03-01,2021,3,Samburu,16.047169,chirps-v2.0.2021.03.tif
2021-03-01,2021,3,Taita Taveta,11.867211,chirps-v2.0.2021.03.tif
2021-03-01,2021,3,Tana River,6.6043916,chirps-v2.0.2021.03.tif
2021-03-01,2021,3,Tharaka Nithi,18.238506,chirps-v2.0.2021.03.tif
2021-03-01,2021,3,Turkana,10.766258,chirps-v2.0.2021.03.tif
2021-03-01,2021,3,Wajir,6.082024,chirps-v2.0.2021.03.tif
2021-03-01,2021,3,West Pokot,14.863276,chirps-v2.0.2021.03.tif
2021-04-01,2021,4,Baringo,35.313393,chirps-v2.0.2021.04.tif
2021-04-01,2021,4,Embu,92.71814,chirps-v2.0.2021.04.tif
2021-04-01,2021,4,Garissa,25.031385,chirps-v2.0.2021.04.tif
2021-04-01,2021,4,Isiolo,17.009169,chirps-v2.0.2021.04.tif
2021-04-01,2021,4,Kajiado,45.178425,chirps-v2.0.2021.04.tif
2021-04-01,2021,4,Kilifi,36.191334,chirps-v2.0.2021.04.tif
2021-04-01,2021,4,Kitui,64.73788,chirps-v2.0.2021.04.tif
2021-04-01,2021,4,Kwale,49.44364,chirps-v2.0.2021.04.tif
2021-04-01,2021,4,Laikipia,29.773838,chirps-v2.0.2021.04.tif
2021-04-01,2021,4,Lamu,21.504868,chirps-v2.0.2021.04.tif
2021-04-01,2021,4,Makueni,30.351778,chirps-v2.0.2021.04.tif
2021-04-01,2021,4,Mandera,63.97962,chirps-v2.0.2021.04.tif
2021-04-01,2021,4,Marsabit,29.19373,chirps-v2.0.2021.04.tif
2021-04-01,2021,4,Meru,77.90415,chirps-v2.0.2021.04.tif
2021-04-01,2021,4,Narok,80.00834,chirps-v2.0.2021.04.tif
2021-04-01,2021,4,Nyeri,77.02298,chirps-v2.0.2021.04.tif
2021-04-01,2021,4,Samburu,21.141624,chirps-v2.0.2021.04.tif
2021-04-01,2021,4,Taita Taveta,51.638382,chirps-v2.0.2021.04.tif
2021-04-01,2021,4,Tana River,20.866224,chirps-v2.0.2021.04.tif
2021-04-01,2021,4,Tharaka Nithi,84.07727,chirps-v2.0.2021.04.tif
2021-04-01,2021,4,Turkana,19.026512,chirps-v2.0.2021.04.tif
2021-04-01,2021,4,Wajir,52.96052,chirps-v2.0.2021.04.tif
2021-04-01,2021,4,West Pokot,41.611553,chirps-v2.0.2021.04.tif
2021-05-01,2021,5,Baringo,96.53619,chirps-v2.0.2021.05.tif
2021-05-01,2021,5,Embu,68.31214,chirps-v2.0.2021.05.tif
2021-05-01,2021,5,Garissa,10.367426,chirps-v2.0.2021.05.tif
2021-05-01,2021,5,Isiolo,6.392848,chirps-v2.0.2021.05.tif
2021-05-01,2021,5,Kajiado,41.273846,chirps-v2.0.2021.05.tif
2021-05-01,2021,5,Kilifi,51.015965,chirps-v2.0.2021.05.tif
2021-05-01,2021,5,Kitui,28.556772,chirps-v2.0.2021.05.tif
2021-05-01,2021,5,Kwale,77.26655,chirps-v2.0.2021.05.tif
2021-05-01,2021,5,Laikipia,74.4783,chirps-v2.0.2021.05.tif
2021-05-01,2021,5,Lamu,28.479988,chirps-v2.0.2021.05.tif
2021-05-01,2021,5,Makueni,25.01418,chirps-v2.0.2021.05.tif
2021-05-01,2021,5,Mandera,16.286316,chirps-v2.0.2021.05.tif
2021-05-01,2021,5,Marsabit,25.133204,chirps-v2.0.2021.05.tif
2021-05-01,2021,5,Meru,78.72757,chirps-v2.0.2021.05.tif
2021-05-01,2021,5,Narok,77.09121,chirps-v2.0.2021.05.tif
2021-05-01,2021,5,Nyeri,126.503365,chirps-v2.0.2021.05.tif
2021-05-01,2021,5,Samburu,40.381138,chirps-v2.0.2021.05.tif
2021-05-01,2021,5,Taita Taveta,26.854383,chirps-v2.0.2021.05.tif
2021-05-01,2021,5,Tana River,8.1752,chirps-v2.0.2021.05.tif
2021-05-01,2021,5,Tharaka Nithi,66.67506,chirps-v2.0.2021.05.tif
2021-05-01,2021,5,Turkana,25.864769,chirps-v2.0.2021.05.tif
2021-05-01,2021,5,Wajir,12.620722,chirps-v2.0.2021.05.tif
2021-05-01,2021,5,West Pokot,80.94874,chirps-v2.0.2021.05.tif
2021-06-01,2021,6,Baringo,29.043015,chirps-v2.0.2021.06.tif
2021-06-01,2021,6,Embu,2.7308848,chirps-v2.0.2021.06.tif
2021-06-01,2021,6,Garissa,7.7101912,chirps-v2.0.2021.06.tif
2021-06-01,2021,6,Isiolo,0.21956387,chirps-v2.0.2021.06.tif
2021-06-01,2021,6,Kajiado,1.6658367,chirps-v2.0.2021.06.tif
2021-06-01,2021,6,Kilifi,31.775717,chirps-v2.0.2021.06.tif
2021-06-01,2021,6,Kitui,1.5789114,chirps-v2.0.2021.06.tif
2021-06-01,2021,6,Kwale,25.873672,chirps-v2.0.2021.06.tif
2021-06-01,2021,6,Laikipia,10.902432,chirps-v2.0.2021.06.tif
2021-06-01,2021,6,Lamu,40.175186,chirps-v2.0.2021.06.tif
2021-06-01,2021,6,Makueni,1.3389118,chirps-v2.0.2021.06.tif
2021-06-01,2021,6,Mandera,1.005475,chirps-v2.0.2021.06.tif
2021-06-01,2021,6,Marsabit,1.5479752,chirps-v2.0.2021.06.tif
2021-06-01,2021,6,Meru,2.8676302,chirps-v2.0.2021.06.tif
2021-06-01,2021,6,Narok,20.283321,chirps-v2.0.2021.06.tif
2021-06-01,2021,6,Nyeri,11.621278,chirps-v2.0.2021.06.tif
2021-06-01,2021,6,Samburu,5.553769,chirps-v2.0.2021.06.tif
2021-06-01,2021,6,Taita Taveta,5.2374244,chirps-v2.0.2021.06.tif
2021-06-01,2021,6,Tana River,7.4158454,chirps-v2.0.2021.06.tif
2021-06-01,2021,6,Tharaka Nithi,1.8810892,chirps-v2.0.2021.06.tif
2021-06-01,2021,6,Turkana,4.8360434,chirps-v2.0.2021.06.tif
2021-06-01,2021,6,Wajir,1.1723642,chirps-v2.0.2021.06.tif
2021-06-01,2021,6,West Pokot,23.453403,chirps-v2.0.2021.06.tif
2021-07-01,2021,7,Baringo,42.782406,chirps-v2.0.2021.07.tif
2021-07-01,2021,7,Embu,8.928003,chirps-v2.0.2021.07.tif
2021-07-01,2021,7,Garissa,6.062856,chirps-v2.0.2021.07.tif
2021-07-01,2021,7,Isiolo,0.6211094,chirps-v2.0.2021.07.tif
2021-07-01,2021,7,Kajiado,1.6682262,chirps-v2.0.2021.07.tif
2021-07-01,2021,7,Kilifi,40.643047,chirps-v2.0.2021.07.tif
2021-07-01,2021,7,Kitui,6.450969,chirps-v2.0.2021.07.tif
2021-07-01,2021,7,Kwale,33.10277,chirps-v2.0.2021.07.tif
2021-07-01,2021,7,Laikipia,23.313862,chirps-v2.0.2021.07.tif
2021-07-01,2021,7,Lamu,24.460594,chirps-v2.0.2021.07.tif
2021-07-01,2021,7,Makueni,3.7396789,chirps-v2.0.2021.07.tif
2021-07-01,2021,7,Mandera,1.778771,chirps-v2.0.2021.07.tif
2021-07-01,2021,7,Marsabit,3.5413017,chirps-v2.0.2021.07.tif
2021-07-01,2021,7,Meru,6.9701815,chirps-v2.0.2021.07.tif
2021-07-01,2021,7,Narok,24.346157,chirps-v2.0.2021.07.tif
2021-07-01,2021,7,Nyeri,27.157396,chirps-v2.0.2021.07.tif
2021-07-01,2021,7,Samburu,6.943714,chirps-v2.0.2021.07.tif
2021-07-01,2021,7,Taita Taveta,8.066473,chirps-v2.0.2021.07.tif
2021-07-01,2021,7,Tana River,6.6936235,chirps-v2.0.2021.07.tif
2021-07-01,2021,7,Tharaka Nithi,6.051219,chirps-v2.0.2021.07.tif
2021-07-01,2021,7,Turkana,12.965361,chirps-v2.0.2021.07.tif
2021-07-01,2021,7,Wajir,2.4892328,chirps-v2.0.2021.07.tif
2021-07-01,2021,7,West Pokot,32.627716,chirps-v2.0.2021.07.tif
2021-08-01,2021,8,Baringo,43.675766,chirps-v2.0.2021.08.tif
2021-08-01,2021,8,Embu,5.730952,chirps-v2.0.2021.08.tif
2021-08-01,2021,8,Garissa,2.6218596,chirps-v2.0.2021.08.tif
2021-08-01,2021,8,Isiolo,0.26037621,chirps-v2.0.2021.08.tif
2021-08-01,2021,8,Kajiado,1.6595291,chirps-v2.0.2021.08.tif
2021-08-01,2021,8,Kilifi,27.539158,chirps-v2.0.2021.08.tif
2021-08-01,2021,8,Kitui,4.506271,chirps-v2.0.2021.08.tif
2021-08-01,2021,8,Kwale,24.326674,chirps-v2.0.2021.08.tif
2021-08-01,2021,8,Laikipia,29.257011,chirps-v2.0.2021.08.tif
2021-08-01,2021,8,Lamu,7.3520927,chirps-v2.0.2021.08.tif
2021-08-01,2021,8,Makueni,2.4725525,chirps-v2.0.2021.08.tif
2021-08-01,2021,8,Mandera,1.9075259,chirps-v2.0.2021.08.tif
2021-08-01,2021,8,Marsabit,2.1110034,chirps-v2.0.2021.08.tif
2021-08-01,2021,8,Meru,5.1432877,chirps-v2.0.2021.08.tif
2021-08-01,2021,8,Narok,38.404125,chirps-v2.0.2021.08.tif
2021-08-01,2021,8,Nyeri,22.155478,chirps-v2.0.2021.08.tif
2021-08-01,2021,8,Samburu,8.934159,chirps-v2.0.2021.08.tif
2021-08-01,2021,8,Taita Taveta,9.127738,chirps-v2.0.2021.08.tif
2021-08-01,2021,8,Tana River,5.151316,chirps-v2.0.2021.08.tif
2021-08-01,2021,8,Tharaka Nithi,3.799702,chirps-v2.0.2021.08.tif
2021-08-01,2021,8,Turkana,7.052702,chirps-v2.0.2021.08.tif
2021-08-01,2021,8,Wajir,1.4492526,chirps-v2.0.2021.08.tif
2021-08-01,2021,8,West Pokot,32.541096,chirps-v2.0.2021.08.tif
2021-09-01,2021,9,Baringo,44.122658,chirps-v2.0.2021.09.tif
2021-09-01,2021,9,Embu,4.475952,chirps-v2.0.2021.09.tif
2021-09-01,2021,9,Garissa,4.406774,chirps-v2.0.2021.09.tif
2021-09-01,2021,9,Isiolo,0.43853006,chirps-v2.0.2021.09.tif
2021-09-01,2021,9,Kajiado,1.2282611,chirps-v2.0.2021.09.tif
2021-09-01,2021,9,Kilifi,15.849697,chirps-v2.0.2021.09.tif
2021-09-01,2021,9,Kitui,3.4198897,chirps-v2.0.2021.09.tif
2021-09-01,2021,9,Kwale,24.923767,chirps-v2.0.2021.09.tif
2021-09-01,2021,9,Laikipia,21.997063,chirps-v2.0.2021.09.tif
2021-09-01,2021,9,Lamu,7.795407,chirps-v2.0.2021.09.tif
2021-09-01,2021,9,Makueni,1.5515661,chirps-v2.0.2021.09.tif
2021-09-01,2021,9,Mandera,1.0321314,chirps-v2.0.2021.09.tif
2021-09-01,2021,9,Marsabit,1.9329076,chirps-v2.0.2021.09.tif
2021-09-01,2021,9,Meru,4.901481,chirps-v2.0.2021.09.tif
2021-09-01,2021,9,Narok,28.648808,chirps-v2.0.2021.09.tif
2021-09-01,2021,9,Nyeri,17.732594,chirps-v2.0.2021.09.tif
2021-09-01,2021,9,Samburu,4.9876437,chirps-v2.0.2021.09.tif
2021-09-01,2021,9,Taita Taveta,7.362365,chirps-v2.0.2021.09.tif
2021-09-01,2021,9,Tana River,5.5509386,chirps-v2.0.2021.09.tif
2021-09-01,2021,9,Tharaka Nithi,2.7284887,chirps-v2.0.2021.09.tif
2021-09-01,2021,9,Turkana,7.821309,chirps-v2.0.2021.09.tif
2021-09-01,2021,9,Wajir,2.2490678,chirps-v2.0.2021.09.tif
2021-09-01,2021,9,West Pokot,36.318497,chirps-v2.0.2021.09.tif
2021-10-01,2021,10,Baringo,32.95602,chirps-v2.0.2021.10.tif
2021-10-01,2021,10,Embu,24.54707,chirps-v2.0.2021.10.tif
2021-10-01,2021,10,Garissa,5.873425,chirps-v2.0.2021.10.tif
2021-10-01,2021,10,Isiolo,6.4123363,chirps-v2.0.2021.10.tif
2021-10-01,2021,10,Kajiado,6.5998554,chirps-v2.0.2021.10.tif
2021-10-01,2021,10,Kilifi,16.492857,chirps-v2.0.2021.10.tif
2021-10-01,2021,10,Kitui,13.142409,chirps-v2.0.2021.10.tif
2021-10-01,2021,10,Kwale,26.853964,chirps-v2.0.2021.10.tif
2021-10-01,2021,10,Laikipia,35.145317,chirps-v2.0.2021.10.tif
2021-10-01,2021,10,Lamu,6.4102497,chirps-v2.0.2021.10.tif
2021-10-01,2021,10,Makueni,6.651535,chirps-v2.0.2021.10.tif
2021-10-01,2021,10,Mandera,9.529924,chirps-v2.0.2021.10.tif
2021-10-01,2021,10,Marsabit,10.806748,chirps-v2.0.2021.10.tif
2021-10-01,2021,10,Meru,34.03647,chirps-v2.0.2021.10.tif
2021-10-01,2021,10,Narok,25.621017,chirps-v2.0.2021.10.tif
2021-10-01,2021,10,Nyeri,61.25736,chirps-v2.0.2021.10.tif
2021-10-01,2021,10,Samburu,14.486659,chirps-v2.0.2021.10.tif
2021-10-01,2021,10,Taita Taveta,11.910751,chirps-v2.0.2021.10.tif
2021-10-01,2021,10,Tana River,6.282489,chirps-v2.0.2021.10.tif
2021-10-01,2021,10,Tharaka Nithi,24.774084,chirps-v2.0.2021.10.tif
2021-10-01,2021,10,Turkana,5.198308,chirps-v2.0.2021.10.tif
2021-10-01,2021,10,Wajir,8.560091,chirps-v2.0.2021.10.tif
2021-10-01,2021,10,West Pokot,34.98796,chirps-v2.0.2021.10.tif
2021-11-01,2021,11,Baringo,15.069393,chirps-v2.0.2021.11.tif
2021-11-01,2021,11,Embu,61.344788,chirps-v2.0.2021.11.tif
2021-11-01,2021,11,Garissa,27.447886,chirps-v2.0.2021.11.tif
2021-11-01,2021,11,Isiolo,16.970224,chirps-v2.0.2021.11.tif
2021-11-01,2021,11,Kajiado,39.025764,chirps-v2.0.2021.11.tif
2021-11-01,2021,11,Kilifi,30.288246,chirps-v2.0.2021.11.tif
2021-11-01,2021,11,Kitui,59.53339,chirps-v2.0.2021.11.tif
2021-11-01,2021,11,Kwale,24.482088,chirps-v2.0.2021.11.tif
2021-11-01,2021,11,Laikipia,28.383745,chirps-v2.0.2021.11.tif
2021-11-01,2021,11,Lamu,14.94274,chirps-v2.0.2021.11.tif
2021-11-01,2021,11,Makueni,46.67529,chirps-v2.0.2021.11.tif
2021-11-01,2021,11,Mandera,25.779293,chirps-v2.0.2021.11.tif
2021-11-01,2021,11,Marsabit,18.712812,chirps-v2.0.2021.11.tif
2021-11-01,2021,11,Meru,66.752335,chirps-v2.0.2021.11.tif
2021-11-01,2021,11,Narok,40.059616,chirps-v2.0.2021.11.tif
2021-11-01,2021,11,Nyeri,47.449543,chirps-v2.0.2021.11.tif
2021-11-01,2021,11,Samburu,24.34394,chirps-v2.0.2021.11.tif
2021-11-01,2021,11,Taita Taveta,36.69213,chirps-v2.0.2021.11.tif
2021-11-01,2021,11,Tana River,25.882566,chirps-v2.0.2021.11.tif
2021-11-01,2021,11,Tharaka Nithi,56.504524,chirps-v2.0.2021.11.tif
2021-11-01,2021,11,Turkana,6.181852,chirps-v2.0.2021.11.tif
2021-11-01,2021,11,Wajir,31.38413,chirps-v2.0.2021.11.tif
2021-11-01,2021,11,West Pokot,8.588128,chirps-v2.0.2021.11.tif
2021-12-01,2021,12,Baringo,13.389502,chirps-v2.0.2021.12.tif
2021-12-01,2021,12,Embu,63.84733,chirps-v2.0.2021.12.tif
2021-12-01,2021,12,Garissa,63.756386,chirps-v2.0.2021.12.tif
2021-12-01,2021,12,Isiolo,34.088776,chirps-v2.0.2021.12.tif
2021-12-01,2021,12,Kajiado,40.85526,chirps-v2.0.2021.12.tif
2021-12-01,2021,12,Kilifi,98.89886,chirps-v2.0.2021.12.tif
2021-12-01,2021,12,Kitui,118.80171,chirps-v2.0.2021.12.tif
2021-12-01,2021,12,Kwale,82.83637,chirps-v2.0.2021.12.tif
2021-12-01,2021,12,Laikipia,34.979816,chirps-v2.0.2021.12.tif
2021-12-01,2021,12,Lamu,69.33589,chirps-v2.0.2021.12.tif
2021-12-01,2021,12,Makueni,56.35976,chirps-v2.0.2021.12.tif
2021-12-01,2021,12,Mandera,7.5389643,chirps-v2.0.2021.12.tif
2021-12-01,2021,12,Marsabit,11.23961,chirps-v2.0.2021.12.tif
2021-12-01,2021,12,Meru,85.40633,chirps-v2.0.2021.12.tif
2021-12-01,2021,12,Narok,36.375256,chirps-v2.0.2021.12.tif
2021-12-01,2021,12,Nyeri,66.64528,chirps-v2.0.2021.12.tif
2021-12-01,2021,12,Samburu,27.59023,chirps-v2.0.2021.12.tif
2021-12-01,2021,12,Taita Taveta,90.70469,chirps-v2.0.2021.12.tif
2021-12-01,2021,12,Tana River,83.42209,chirps-v2.0.2021.12.tif
2021-12-01,2021,12,Tharaka Nithi,80.57279,chirps-v2.0.2021.12.tif
2021-12-01,2021,12,Turkana,3.685665,chirps-v2.0.2021.12.tif
2021-12-01,2021,12,Wajir,47.024933,chirps-v2.0.2021.12.tif
2021-12-01,2021,12,West Pokot,4.336137,chirps-v2.0.2021.12.tif
2022-01-01,2022,1,Baringo,15.554098,chirps-v2.0.2022.01.tif
2022-01-01,2022,1,Embu,10.219012,chirps-v2.0.2022.01.tif
2022-01-01,2022,1,Garissa,3.2852528,chirps-v2.0.2022.01.tif
2022-01-01,2022,1,Isiolo,5.265276,chirps-v2.0.2022.01.tif
2022-01-01,2022,1,Kajiado,14.930079,chirps-v2.0.2022.01.tif
2022-01-01,2022,1,Kilifi,5.2924767,chirps-v2.0.2022.01.tif
2022-01-01,2022,1,Kitui,7.202064,chirps-v2.0.2022.01.tif
2022-01-01,2022,1,Kwale,10.014473,chirps-v2.0.2022.01.tif
2022-01-01,2022,1,Laikipia,15.399285,chirps-v2.0.2022.01.tif
2022-01-01,2022,1,Lamu,2.6896691,chirps-v2.0.2022.01.tif
2022-01-01,2022,1,Makueni,5.2226214,chirps-v2.0.2022.01.tif
2022-01-01,2022,1,Mandera,0.9084579,chirps-v2.0.2022.01.tif
2022-01-01,2022,1,Marsabit,10.090366,chirps-v2.0.2022.01.tif
2022-01-01,2022,1,Meru,17.469297,chirps-v2.0.2022.01.tif
2022-01-01,2022,1,Narok,50.978107,chirps-v2.0.2022.01.tif
2022-01-01,2022,1,Nyeri,22.301687,chirps-v2.0.2022.01.tif
2022-01-01,2022,1,Samburu,8.7203455,chirps-v2.0.2022.01.tif
2022-01-01,2022,1,Taita Taveta,10.65232,chirps-v2.0.2022.01.tif
2022-01-01,2022,1,Tana River,3.8577142,chirps-v2.0.2022.01.tif
2022-01-01,2022,1,Tharaka Nithi,10.395943,chirps-v2.0.2022.01.tif
2022-01-01,2022,1,Turkana,4.7297897,chirps-v2.0.2022.01.tif
2022-01-01,2022,1,Wajir,4.496208,chirps-v2.0.2022.01.tif
2022-01-01,2022,1,West Pokot,9.781302,chirps-v2.0.2022.01.tif
2022-02-01,2022,2,Baringo,12.743116,chirps-v2.0.2022.02.tif
2022-02-01,2022,2,Embu,6.970302,chirps-v2.0.2022.02.tif
2022-02-01,2022,2,Garissa,2.090823,chirps-v2.0.2022.02.tif
2022-02-01,2022,2,Isiolo,2.6482286,chirps-v2.0.2022.02.tif
2022-02-01,2022,2,Kajiado,23.855093,chirps-v2.0.2022.02.tif
2022-02-01,2022,2,Kilifi,5.162177,chirps-v2.0.2022.02.tif
2022-02-01,2022,2,Kitui,8.184968,chirps-v2.0.2022.02.tif
2022-02-01,2022,2,Kwale,8.969635,chirps-v2.0.2022.02.tif
2022-02-01,2022,2,Laikipia,10.561347,chirps-v2.0.2022.02.tif
2022-02-01,2022,2,Lamu,2.343604,chirps-v2.0.2022.02.tif
2022-02-01,2022,2,Makueni,10.717322,chirps-v2.0.2022.02.tif
2022-02-01,2022,2,Mandera,1.6440195,chirps-v2.0.2022.02.tif
2022-02-01,2022,2,Marsabit,4.4433527,chirps-v2.0.2022.02.tif
2022-02-01,2022,2,Meru,10.414026,chirps-v2.0.2022.02.tif
2022-02-01,2022,2,Narok,84.44059,chirps-v2.0.2022.02.tif
2022-02-01,2022,2,Nyeri,23.660696,chirps-v2.0.2022.02.tif
2022-02-01,2022,2,Samburu,6.9172,chirps-v2.0.2022.02.tif
2022-02-01,2022,2,Taita Taveta,17.20049,chirps-v2.0.2022.02.tif
2022-02-01,2022,2,Tana River,3.3763907,chirps-v2.0.2022.02.tif
2022-02-01,2022,2,Tharaka Nithi,6.941298,chirps-v2.0.2022.02.tif
2022-02-01,2022,2,Turkana,4.5920115,chirps-v2.0.2022.02.tif
2022-02-01,2022,2,Wajir,2.4127517,chirps-v2.0.2022.02.tif
2022-02-01,2022,2,West Pokot,8.050793,chirps-v2.0.2022.02.tif
2022-03-01,2022,3,Baringo,18.584452,chirps-v2.0.2022.03.tif
2022-03-01,2022,3,Embu,16.647493,chirps-v2.0.2022.03.tif
2022-03-01,2022,3,Garissa,5.228522,chirps-v2.0.2022.03.tif
2022-03-01,2022,3,Isiolo,5.1315117,chirps-v2.0.2022.03.tif
2022-03-01,2022,3,Kajiado,14.220622,chirps-v2.0.2022.03.tif
2022-03-01,2022,3,Kilifi,12.265277,chirps-v2.0.2022.03.tif
2022-03-01,2022,3,Kitui,9.4678755,chirps-v2.0.2022.03.tif
2022-03-01,2022,3,Kwale,13.366657,chirps-v2.0.2022.03.tif
2022-03-01,2022,3,Laikipia,18.96128,chirps-v2.0.2022.03.tif
2022-03-01,2022,3,Lamu,4.0466814,chirps-v2.0.2022.03.tif
2022-03-01,2022,3,Makueni,8.296997,chirps-v2.0.2022.03.tif
2022-03-01,2022,3,Mandera,7.1863995,chirps-v2.0.2022.03.tif
2022-03-01,2022,3,Marsabit,11.566281,chirps-v2.0.2022.03.tif
2022-03-01,2022,3,Meru,16.393507,chirps-v2.0.2022.03.tif
2022-03-01,2022,3,Narok,30.132547,chirps-v2.0.2022.03.tif
2022-03-01,2022,3,Nyeri,29.64664,chirps-v2.0.2022.03.tif
2022-03-01,2022,3,Samburu,14.301194,chirps-v2.0.2022.03.tif
2022-03-01,2022,3,Taita Taveta,16.303427,chirps-v2.0.2022.03.tif
2022-03-01,2022,3,Tana River,6.59515,chirps-v2.0.2022.03.tif
2022-03-01,2022,3,Tharaka Nithi,11.919393,chirps-v2.0.2022.03.tif
2022-03-01,2022,3,Turkana,11.32575,chirps-v2.0.2022.03.tif
2022-03-01,2022,3,Wajir,7.4712596,chirps-v2.0.2022.03.tif
2022-03-01,2022,3,West Pokot,16.306936,chirps-v2.0.2022.03.tif
2022-04-01,2022,4,Baringo,46.197006,chirps-v2.0.2022.04.tif
2022-04-01,2022,4,Embu,85.44904,chirps-v2.0.2022.04.tif
2022-04-01,2022,4,Garissa,21.548056,chirps-v2.0.2022.04.tif
2022-04-01,2022,4,Isiolo,24.11234,chirps-v2.0.2022.04.tif
2022-04-01,2022,4,Kajiado,43.54921,chirps-v2.0.2022.04.tif
2022-04-01,2022,4,Kilifi,50.626064,chirps-v2.0.2022.04.tif
2022-04-01,2022,4,Kitui,62.464054,chirps-v2.0.2022.04.tif
2022-04-01,2022,4,Kwale,69.33937,chirps-v2.0.2022.04.tif
2022-04-01,2022,4,Laikipia,49.212555,chirps-v2.0.2022.04.tif
2022-04-01,2022,4,Lamu,28.73928,chirps-v2.0.2022.04.tif
2022-04-01,2022,4,Makueni,37.2467,chirps-v2.0.2022.04.tif
2022-04-01,2022,4,Mandera,48.93134,chirps-v2.0.2022.04.tif
2022-04-01,2022,4,Marsabit,50.44646,chirps-v2.0.2022.04.tif
2022-04-01,2022,4,Meru,71.19888,chirps-v2.0.2022.04.tif
2022-04-01,2022,4,Narok,79.33033,chirps-v2.0.2022.04.tif
2022-04-01,2022,4,Nyeri,105.61821,chirps-v2.0.2022.04.tif
2022-04-01,2022,4,Samburu,50.15109,chirps-v2.0.2022.04.tif
2022-04-01,2022,4,Taita Taveta,51.956894,chirps-v2.0.2022.04.tif
2022-04-01,2022,4,Tana River,16.727201,chirps-v2.0.2022.04.tif
2022-04-01,2022,4,Tharaka Nithi,85.346275,chirps-v2.0.2022.04.tif
2022-04-01,2022,4,Turkana,27.910519,chirps-v2.0.2022.04.tif
2022-04-01,2022,4,Wajir,52.797726,chirps-v2.0.2022.04.tif
2022-04-01,2022,4,West Pokot,44.35263,chirps-v2.0.2022.04.tif
2022-05-01,2022,5,Baringo,48.25077,chirps-v2.0.2022.05.tif
2022-05-01,2022,5,Embu,14.647058,chirps-v2.0.2022.05.tif
2022-05-01,2022,5,Garissa,20.68986,chirps-v2.0.2022.05.tif
2022-05-01,2022,5,Isiolo,3.954524,chirps-v2.0.2022.05.tif
2022-05-01,2022,5,Kajiado,11.967585,chirps-v2.0.2022.05.tif
2022-05-01,2022,5,Kilifi,74.98564,chirps-v2.0.2022.05.tif
2022-05-01,2022,5,Kitui,7.3014975,chirps-v2.0.2022.05.tif
2022-05-01,2022,5,Kwale,61.504803,chirps-v2.0.2022.05.tif
2022-05-01,2022,5,Laikipia,21.456184,chirps-v2.0.2022.05.tif
2022-05-01,2022,5,Lamu,103.22502,chirps-v2.0.2022.05.tif
2022-05-01,2022,5,Makueni,5.716839,chirps-v2.0.2022.05.tif
2022-05-01,2022,5,Mandera,13.8941345,chirps-v2.0.2022.05.tif
2022-05-01,2022,5,Marsabit,13.118199,chirps-v2.0.2022.05.tif
2022-05-01,2022,5,Meru,13.455254,chirps-v2.0.2022.05.tif
2022-05-01,2022,5,Narok,58.79349,chirps-v2.0.2022.05.tif
2022-05-01,2022,5,Nyeri,38.553787,chirps-v2.0.2022.05.tif
2022-05-01,2022,5,Samburu,14.089826,chirps-v2.0.2022.05.tif
2022-05-01,2022,5,Taita Taveta,14.890916,chirps-v2.0.2022.05.tif
2022-05-01,2022,5,Tana River,11.458807,chirps-v2.0.2022.05.tif
2022-05-01,2022,5,Tharaka Nithi,11.2389,chirps-v2.0.2022.05.tif
2022-05-01,2022,5,Turkana,16.073519,chirps-v2.0.2022.05.tif
2022-05-01,2022,5,Wajir,19.236895,chirps-v2.0.2022.05.tif
2022-05-01,2022,5,West Pokot,46.32256,chirps-v2.0.2022.05.tif
2022-06-01,2022,6,Baringo,26.969236,chirps-v2.0.2022.06.tif
2022-06-01,2022,6,Embu,3.1022995,chirps-v2.0.2022.06.tif
2022-06-01,2022,6,Garissa,7.0958076,chirps-v2.0.2022.06.tif
2022-06-01,2022,6,Isiolo,0.22437146,chirps-v2.0.2022.06.tif
2022-06-01,2022,6,Kajiado,1.714534,chirps-v2.0.2022.06.tif
2022-06-01,2022,6,Kilifi,41.304665,chirps-v2.0.2022.06.tif
2022-06-01,2022,6,Kitui,2.1500456,chirps-v2.0.2022.06.tif
2022-06-01,2022,6,Kwale,35.696507,chirps-v2.0.2022.06.tif
2022-06-01,2022,6,Laikipia,13.326724,chirps-v2.0.2022.06.tif
2022-06-01,2022,6,Lamu,36.456547,chirps-v2.0.2022.06.tif
2022-06-01,2022,6,Makueni,1.76589,chirps-v2.0.2022.06.tif
2022-06-01,2022,6,Mandera,1.1229537,chirps-v2.0.2022.06.tif
2022-06-01,2022,6,Marsabit,1.7075921,chirps-v2.0.2022.06.tif
2022-06-01,2022,6,Meru,3.2767591,chirps-v2.0.2022.06.tif
2022-06-01,2022,6,Narok,23.733849,chirps-v2.0.2022.06.tif
2022-06-01,2022,6,Nyeri,14.220905,chirps-v2.0.2022.06.tif
2022-06-01,2022,6,Samburu,4.9183483,chirps-v2.0.2022.06.tif
2022-06-01,2022,6,Taita Taveta,9.591072,chirps-v2.0.2022.06.tif
2022-06-01,2022,6,Tana River,7.328095,chirps-v2.0.2022.06.tif
2022-06-01,2022,6,Tharaka Nithi,2.099405,chirps-v2.0.2022.06.tif
2022-06-01,2022,6,Turkana,4.9463964,chirps-v2.0.2022.06.tif
2022-06-01,2022,6,Wajir,1.1341031,chirps-v2.0.2022.06.tif
2022-06-01,2022,6,West Pokot,16.856579,chirps-v2.0.2022.06.tif
2022-07-01,2022,7,Baringo,30.801989,chirps-v2.0.2022.07.tif
2022-07-01,2022,7,Embu,8.27888,chirps-v2.0.2022.07.tif
2022-07-01,2022,7,Garissa,6.6231465,chirps-v2.0.2022.07.tif
2022-07-01,2022,7,Isiolo,0.75261956,chirps-v2.0.2022.07.tif
2022-07-01,2022,7,Kajiado,0.78176177,chirps-v2.0.2022.07.tif
2022-07-01,2022,7,Kilifi,54.511364,chirps-v2.0.2022.07.tif
2022-07-01,2022,7,Kitui,5.263988,chirps-v2.0.2022.07.tif
2022-07-01,2022,7,Kwale,60.70294,chirps-v2.0.2022.07.tif
2022-07-01,2022,7,Laikipia,17.324131,chirps-v2.0.2022.07.tif
2022-07-01,2022,7,Lamu,29.943869,chirps-v2.0.2022.07.tif
2022-07-01,2022,7,Makueni,1.914764,chirps-v2.0.2022.07.tif
2022-07-01,2022,7,Mandera,2.7408001,chirps-v2.0.2022.07.tif
2022-07-01,2022,7,Marsabit,3.1850398,chirps-v2.0.2022.07.tif
2022-07-01,2022,7,Meru,7.7823358,chirps-v2.0.2022.07.tif
2022-07-01,2022,7,Narok,15.637245,chirps-v2.0.2022.07.tif
2022-07-01,2022,7,Nyeri,19.881638,chirps-v2.0.2022.07.tif
2022-07-01,2022,7,Samburu,7.4489126,chirps-v2.0.2022.07.tif
2022-07-01,2022,7,Taita Taveta,7.8896017,chirps-v2.0.2022.07.tif
2022-07-01,2022,7,Tana River,7.282152,chirps-v2.0.2022.07.tif
2022-07-01,2022,7,Tharaka Nithi,6.293336,chirps-v2.0.2022.07.tif
2022-07-01,2022,7,Turkana,8.077029,chirps-v2.0.2022.07.tif
2022-07-01,2022,7,Wajir,3.262197,chirps-v2.0.2022.07.tif
2022-07-01,2022,7,West Pokot,28.222168,chirps-v2.0.2022.07.tif
2022-08-01,2022,8,Baringo,72.146576,chirps-v2.0.2022.08.tif
2022-08-01,2022,8,Embu,9.371276,chirps-v2.0.2022.08.tif
2022-08-01,2022,8,Garissa,2.5040581,chirps-v2.0.2022.08.tif
2022-08-01,2022,8,Isiolo,0.4785103,chirps-v2.0.2022.08.tif
2022-08-01,2022,8,Kajiado,1.0688033,chirps-v2.0.2022.08.tif
2022-08-01,2022,8,Kilifi,26.149458,chirps-v2.0.2022.08.tif
2022-08-01,2022,8,Kitui,4.8171782,chirps-v2.0.2022.08.tif
2022-08-01,2022,8,Kwale,22.20444,chirps-v2.0.2022.08.tif
2022-08-01,2022,8,Laikipia,40.638412,chirps-v2.0.2022.08.tif
2022-08-01,2022,8,Lamu,7.499941,chirps-v2.0.2022.08.tif
2022-08-01,2022,8,Makueni,1.952284,chirps-v2.0.2022.08.tif
2022-08-01,2022,8,Mandera,2.0813437,chirps-v2.0.2022.08.tif
2022-08-01,2022,8,Marsabit,2.6601481,chirps-v2.0.2022.08.tif
2022-08-01,2022,8,Meru,12.933777,chirps-v2.0.2022.08.tif
2022-08-01,2022,8,Narok,40.827423,chirps-v2.0.2022.08.tif
2022-08-01,2022,8,Nyeri,32.498253,chirps-v2.0.2022.08.tif
2022-08-01,2022,8,Samburu,11.233459,chirps-v2.0.2022.08.tif
2022-08-01,2022,8,Taita Taveta,7.071721,chirps-v2.0.2022.08.tif
2022-08-01,2022,8,Tana River,4.900713,chirps-v2.0.2022.08.tif
2022-08-01,2022,8,Tharaka Nithi,6.826953,chirps-v2.0.2022.08.tif
2022-08-01,2022,8,Turkana,11.3920965,chirps-v2.0.2022.08.tif
2022-08-01,2022,8,Wajir,1.5043294,chirps-v2.0.2022.08.tif
2022-08-01,2022,8,West Pokot,64.47949,chirps-v2.0.2022.08.tif
2022-09-01,2022,9,Baringo,40.369465,chirps-v2.0.2022.09.tif
2022-09-01,2022,9,Embu,5.2830114,chirps-v2.0.2022.09.tif
2022-09-01,2022,9,Garissa,4.945143,chirps-v2.0.2022.09.tif
2022-09-01,2022,9,Isiolo,0.47692108,chirps-v2.0.2022.09.tif
2022-09-01,2022,9,Kajiado,1.2672495,chirps-v2.0.2022.09.tif
2022-09-01,2022,9,Kilifi,14.720432,chirps-v2.0.2022.09.tif
2022-09-01,2022,9,Kitui,3.5505762,chirps-v2.0.2022.09.tif
2022-09-01,2022,9,Kwale,23.368652,chirps-v2.0.2022.09.tif
2022-09-01,2022,9,Laikipia,26.310846,chirps-v2.0.2022.09.tif
2022-09-01,2022,9,Lamu,4.8783107,chirps-v2.0.2022.09.tif
2022-09-01,2022,9,Makueni,1.6368532,chirps-v2.0.2022.09.tif
2022-09-01,2022,9,Mandera,0.95726573,chirps-v2.0.2022.09.tif
2022-09-01,2022,9,Marsabit,1.7278703,chirps-v2.0.2022.09.tif
2022-09-01,2022,9,Meru,6.7851834,chirps-v2.0.2022.09.tif
2022-09-01,2022,9,Narok,34.306854,chirps-v2.0.2022.09.tif
2022-09-01,2022,9,Nyeri,28.431225,chirps-v2.0.2022.09.tif
2022-09-01,2022,9,Samburu,4.747013,chirps-v2.0.2022.09.tif
2022-09-01,2022,9,Taita Taveta,7.1713853,chirps-v2.0.2022.09.tif
2022-09-01,2022,9,Tana River,5.961466,chirps-v2.0.2022.09.tif
2022-09-01,2022,9,Tharaka Nithi,3.4247105,chirps-v2.0.2022.09.tif
2022-09-01,2022,9,Turkana,7.488013,chirps-v2.0.2022.09.tif
2022-09-01,2022,9,Wajir,2.209498,chirps-v2.0.2022.09.tif
2022-09-01,2022,9,West Pokot,29.994701,chirps-v2.0.2022.09.tif
2022-10-01,2022,10,Baringo,20.243439,chirps-v2.0.2022.10.tif
2022-10-01,2022,10,Embu,16.404104,chirps-v2.0.2022.10.tif
2022-10-01,2022,10,Garissa,9.549426,chirps-v2.0.2022.10.tif
2022-10-01,2022,10,Isiolo,4.7774897,chirps-v2.0.2022.10.tif
2022-10-01,2022,10,Kajiado,6.9731774,chirps-v2.0.2022.10.tif
2022-10-01,2022,10,Kilifi,15.297768,chirps-v2.0.2022.10.tif
2022-10-01,2022,10,Kitui,9.889665,chirps-v2.0.2022.10.tif
2022-10-01,2022,10,Kwale,21.23072,chirps-v2.0.2022.10.tif
2022-10-01,2022,10,Laikipia,19.440805,chirps-v2.0.2022.10.tif
2022-10-01,2022,10,Lamu,8.347267,chirps-v2.0.2022.10.tif
2022-10-01,2022,10,Makueni,5.643234,chirps-v2.0.2022.10.tif
2022-10-01,2022,10,Mandera,19.923012,chirps-v2.0.2022.10.tif
2022-10-01,2022,10,Marsabit,17.659504,chirps-v2.0.2022.10.tif
2022-10-01,2022,10,Meru,19.053146,chirps-v2.0.2022.10.tif
2022-10-01,2022,10,Narok,24.509073,chirps-v2.0.2022.10.tif
2022-10-01,2022,10,Nyeri,35.62278,chirps-v2.0.2022.10.tif
2022-10-01,2022,10,Samburu,13.193555,chirps-v2.0.2022.10.tif
2022-10-01,2022,10,Taita Taveta,9.079413,chirps-v2.0.2022.10.tif
2022-10-01,2022,10,Tana River,8.581017,chirps-v2.0.2022.10.tif
2022-10-01,2022,10,Tharaka Nithi,13.657091,chirps-v2.0.2022.10.tif
2022-10-01,2022,10,Turkana,6.883614,chirps-v2.0.2022.10.tif
2022-10-01,2022,10,Wajir,11.471567,chirps-v2.0.2022.10.tif
2022-10-01,2022,10,West Pokot,31.49499,chirps-v2.0.2022.10.tif
2022-11-01,2022,11,Baringo,45.558895,chirps-v2.0.2022.11.tif
2022-11-01,2022,11,Embu,99.658714,chirps-v2.0.2022.11.tif
2022-11-01,2022,11,Garissa,49.432804,chirps-v2.0.2022.11.tif
2022-11-01,2022,11,Isiolo,25.410961,chirps-v2.0.2022.11.tif
2022-11-01,2022,11,Kajiado,42.32652,chirps-v2.0.2022.11.tif
2022-11-01,2022,11,Kilifi,68.18929,chirps-v2.0.2022.11.tif
2022-11-01,2022,11,Kitui,91.398384,chirps-v2.0.2022.11.tif
2022-11-01,2022,11,Kwale,60.11417,chirps-v2.0.2022.11.tif
2022-11-01,2022,11,Laikipia,54.501373,chirps-v2.0.2022.11.tif
2022-11-01,2022,11,Lamu,38.775402,chirps-v2.0.2022.11.tif
2022-11-01,2022,11,Makueni,43.65619,chirps-v2.0.2022.11.tif
2022-11-01,2022,11,Mandera,15.916332,chirps-v2.0.2022.11.tif
2022-11-01,2022,11,Marsabit,15.513078,chirps-v2.0.2022.11.tif
2022-11-01,2022,11,Meru,120.01047,chirps-v2.0.2022.11.tif
2022-11-01,2022,11,Narok,71.02364,chirps-v2.0.2022.11.tif
2022-11-01,2022,11,Nyeri,113.221245,chirps-v2.0.2022.11.tif
2022-11-01,2022,11,Samburu,27.641056,chirps-v2.0.2022.11.tif
2022-11-01,2022,11,Taita Taveta,63.32123,chirps-v2.0.2022.11.tif
2022-11-01,2022,11,Tana River,46.408607,chirps-v2.0.2022.11.tif
2022-11-01,2022,11,Tharaka Nithi,97.82794,chirps-v2.0.2022.11.tif
2022-11-01,2022,11,Turkana,8.381506,chirps-v2.0.2022.11.tif
2022-11-01,2022,11,Wajir,36.463764,chirps-v2.0.2022.11.tif
2022-11-01,2022,11,West Pokot,18.763046,chirps-v2.0.2022.11.tif
2022-12-01,2022,12,Baringo,20.157116,chirps-v2.0.2022.12.tif
2022-12-01,2022,12,Embu,21.258661,chirps-v2.0.2022.12.tif
2022-12-01,2022,12,Garissa,10.753434,chirps-v2.0.2022.12.tif
2022-12-01,2022,12,Isiolo,15.223699,chirps-v2.0.2022.12.tif
2022-12-01,2022,12,Kajiado,25.611103,chirps-v2.0.2022.12.tif
2022-12-01,2022,12,Kilifi,19.349413,chirps-v2.0.2022.12.tif
2022-12-01,2022,12,Kitui,37.241898,chirps-v2.0.2022.12.tif
2022-12-01,2022,12,Kwale,30.516464,chirps-v2.0.2022.12.tif
2022-12-01,2022,12,Laikipia,24.726799,chirps-v2.0.2022.12.tif
2022-12-01,2022,12,Lamu,8.182904,chirps-v2.0.2022.12.tif
2022-12-01,2022,12,Makueni,21.96653,chirps-v2.0.2022.12.tif
2022-12-01,2022,12,Mandera,4.667781,chirps-v2.0.2022.12.tif
2022-12-01,2022,12,Marsabit,13.655577,chirps-v2.0.2022.12.tif
2022-12-01,2022,12,Meru,44.232445,chirps-v2.0.2022.12.tif
2022-12-01,2022,12,Narok,57.17893,chirps-v2.0.2022.12.tif
2022-12-01,2022,12,Nyeri,30.182074,chirps-v2.0.2022.12.tif
2022-12-01,2022,12,Samburu,23.929722,chirps-v2.0.2022.12.tif
2022-12-01,2022,12,Taita Taveta,38.784527,chirps-v2.0.2022.12.tif
2022-12-01,2022,12,Tana River,15.883801,chirps-v2.0.2022.12.tif
2022-12-01,2022,12,Tharaka Nithi,30.183113,chirps-v2.0.2022.12.tif
2022-12-01,2022,12,Turkana,10.123238,chirps-v2.0.2022.12.tif
2022-12-01,2022,12,Wajir,16.718422,chirps-v2.0.2022.12.tif
2022-12-01,2022,12,West Pokot,10.326863,chirps-v2.0.2022.12.tif
2023-01-01,2023,1,Baringo,3.475159,chirps-v2.0.2023.01.tif
2023-01-01,2023,1,Embu,9.217052,chirps-v2.0.2023.01.tif
2023-01-01,2023,1,Garissa,2.4699001,chirps-v2.0.2023.01.tif
2023-01-01,2023,1,Isiolo,3.6161163,chirps-v2.0.2023.01.tif
2023-01-01,2023,1,Kajiado,8.114522,chirps-v2.0.2023.01.tif
2023-01-01,2023,1,Kilifi,6.485943,chirps-v2.0.2023.01.tif
2023-01-01,2023,1,Kitui,7.578055,chirps-v2.0.2023.01.tif
2023-01-01,2023,1,Kwale,10.394096,chirps-v2.0.2023.01.tif
2023-01-01,2023,1,Laikipia,11.49197,chirps-v2.0.2023.01.tif
2023-01-01,2023,1,Lamu,2.8552697,chirps-v2.0.2023.01.tif
2023-01-01,2023,1,Makueni,4.439595,chirps-v2.0.2023.01.tif
2023-01-01,2023,1,Mandera,1.5425448,chirps-v2.0.2023.01.tif
2023-01-01,2023,1,Marsabit,3.690568,chirps-v2.0.2023.01.tif
2023-01-01,2023,1,Meru,12.732744,chirps-v2.0.2023.01.tif
2023-01-01,2023,1,Narok,13.288112,chirps-v2.0.2023.01.tif
2023-01-01,2023,1,Nyeri,24.21961,chirps-v2.0.2023.01.tif
2023-01-01,2023,1,Samburu,5.346291,chirps-v2.0.2023.01.tif
2023-01-01,2023,1,Taita Taveta,9.206905,chirps-v2.0.2023.01.tif
2023-01-01,2023,1,Tana River,4.3973536,chirps-v2.0.2023.01.tif
2023-01-01,2023,1,Tharaka Nithi,8.259431,chirps-v2.0.2023.01.tif
2023-01-01,2023,1,Turkana,1.3415023,chirps-v2.0.2023.01.tif
2023-01-01,2023,1,Wajir,2.3876746,chirps-v2.0.2023.01.tif
2023-01-01,2023,1,West Pokot,1.9636058,chirps-v2.0.2023.01.tif
2023-02-01,2023,2,Baringo,1.8207359,chirps-v2.0.2023.02.tif
2023-02-01,2023,2,Embu,2.5305042,chirps-v2.0.2023.02.tif
2023-02-01,2023,2,Garissa,1.611275,chirps-v2.0.2023.02.tif
2023-02-01,2023,2,Isiolo,1.7170416,chirps-v2.0.2023.02.tif
2023-02-01,2023,2,Kajiado,2.6735709,chirps-v2.0.2023.02.tif
2023-02-01,2023,2,Kilifi,2.4296021,chirps-v2.0.2023.02.tif
2023-02-01,2023,2,Kitui,2.5993361,chirps-v2.0.2023.02.tif
2023-02-01,2023,2,Kwale,3.4795146,chirps-v2.0.2023.02.tif
2023-02-01,2023,2,Laikipia,2.9072778,chirps-v2.0.2023.02.tif
2023-02-01,2023,2,Lamu,1.2808897,chirps-v2.0.2023.02.tif
2023-02-01,2023,2,Makueni,1.7203549,chirps-v2.0.2023.02.tif
2023-02-01,2023,2,Mandera,1.5264078,chirps-v2.0.2023.02.tif
2023-02-01,2023,2,Marsabit,2.6964777,chirps-v2.0.2023.02.tif
2023-02-01,2023,2,Meru,3.975306,chirps-v2.0.2023.02.tif
2023-02-01,2023,2,Narok,6.780598,chirps-v2.0.2023.02.tif
2023-02-01,2023,2,Nyeri,6.6963916,chirps-v2.0.2023.02.tif
2023-02-01,2023,2,Samburu,2.4029906,chirps-v2.0.2023.02.tif
2023-02-01,2023,2,Taita Taveta,2.7621343,chirps-v2.0.2023.02.tif
2023-02-01,2023,2,Tana River,1.704559,chirps-v2.0.2023.02.tif
2023-02-01,2023,2,Tharaka Nithi,2.413749,chirps-v2.0.2023.02.tif
2023-02-01,2023,2,Turkana,2.7843168,chirps-v2.0.2023.02.tif
2023-02-01,2023,2,Wajir,2.317231,chirps-v2.0.2023.02.tif
2023-02-01,2023,2,West Pokot,2.7994058,chirps-v2.0.2023.02.tif
2023-03-01,2023,3,Baringo,52.26639,chirps-v2.0.2023.03.tif
2023-03-01,2023,3,Embu,38.9041,chirps-v2.0.2023.03.tif
2023-03-01,2023,3,Garissa,24.104294,chirps-v2.0.2023.03.tif
2023-03-01,2023,3,Isiolo,28.997374,chirps-v2.0.2023.03.tif
2023-03-01,2023,3,Kajiado,36.749065,chirps-v2.0.2023.03.tif
2023-03-01,2023,3,Kilifi,24.686695,chirps-v2.0.2023.03.tif
2023-03-01,2023,3,Kitui,35.078854,chirps-v2.0.2023.03.tif
2023-03-01,2023,3,Kwale,24.075392,chirps-v2.0.2023.03.tif
2023-03-01,2023,3,Laikipia,49.61308,chirps-v2.0.2023.03.tif
2023-03-01,2023,3,Lamu,18.05482,chirps-v2.0.2023.03.tif
2023-03-01,2023,3,Makueni,18.7054,chirps-v2.0.2023.03.tif
2023-03-01,2023,3,Mandera,57.70686,chirps-v2.0.2023.03.tif
2023-03-01,2023,3,Marsabit,56.471203,chirps-v2.0.2023.03.tif
2023-03-01,2023,3,Meru,56.182056,chirps-v2.0.2023.03.tif
2023-03-01,2023,3,Narok,82.76433,chirps-v2.0.2023.03.tif
2023-03-01,2023,3,Nyeri,56.679707,chirps-v2.0.2023.03.tif
2023-03-01,2023,3,Samburu,47.363422,chirps-v2.0.2023.03.tif
2023-03-01,2023,3,Taita Taveta,19.356457,chirps-v2.0.2023.03.tif
2023-03-01,2023,3,Tana River,22.7818,chirps-v2.0.2023.03.tif
2023-03-01,2023,3,Tharaka Nithi,40.989544,chirps-v2.0.2023.03.tif
2023-03-01,2023,3,Turkana,34.995743,chirps-v2.0.2023.03.tif
2023-03-01,2023,3,Wajir,59.205757,chirps-v2.0.2023.03.tif
2023-03-01,2023,3,West Pokot,47.19126,chirps-v2.0.2023.03.tif
2023-04-01,2023,4,Baringo,67.46844,chirps-v2.0.2023.04.tif
2023-04-01,2023,4,Embu,137.75612,chirps-v2.0.2023.04.tif
2023-04-01,2023,4,Garissa,90.835846,chirps-v2.0.2023.04.tif
2023-04-01,2023,4,Isiolo,84.85889,chirps-v2.0.2023.04.tif
2023-04-01,2023,4,Kajiado,55.735886,chirps-v2.0.2023.04.tif
2023-04-01,2023,4,Kilifi,150.6211,chirps-v2.0.2023.04.tif
2023-04-01,2023,4,Kitui,128.15596,chirps-v2.0.2023.04.tif
2023-04-01,2023,4,Kwale,150.72906,chirps-v2.0.2023.04.tif
2023-04-01,2023,4,Laikipia,96.74475,chirps-v2.0.2023.04.tif
2023-04-01,2023,4,Lamu,147.0271,chirps-v2.0.2023.04.tif
2023-04-01,2023,4,Makueni,49.870087,chirps-v2.0.2023.04.tif
2023-04-01,2023,4,Mandera,59.03268,chirps-v2.0.2023.04.tif
2023-04-01,2023,4,Marsabit,104.99604,chirps-v2.0.2023.04.tif
2023-04-01,2023,4,Meru,208.64676,chirps-v2.0.2023.04.tif
2023-04-01,2023,4,Narok,90.15874,chirps-v2.0.2023.04.tif
2023-04-01,2023,4,Nyeri,167.83531,chirps-v2.0.2023.04.tif
2023-04-01,2023,4,Samburu,99.08498,chirps-v2.0.2023.04.tif
2023-04-01,2023,4,Taita Taveta,103.18891,chirps-v2.0.2023.04.tif
2023-04-01,2023,4,Tana River,77.34886,chirps-v2.0.2023.04.tif
2023-04-01,2023,4,Tharaka Nithi,174.13637,chirps-v2.0.2023.04.tif
2023-04-01,2023,4,Turkana,53.33362,chirps-v2.0.2023.04.tif
2023-04-01,2023,4,Wajir,135.12248,chirps-v2.0.2023.04.tif
2023-04-01,2023,4,West Pokot,63.186897,chirps-v2.0.2023.04.tif
2023-05-01,2023,5,Baringo,44.534657,chirps-v2.0.2023.05.tif
2023-05-01,2023,5,Embu,25.138548,chirps-v2.0.2023.05.tif
2023-05-01,2023,5,Garissa,9.014589,chirps-v2.0.2023.05.tif
2023-05-01,2023,5,Isiolo,3.8052294,chirps-v2.0.2023.05.tif
2023-05-01,2023,5,Kajiado,13.40459,chirps-v2.0.2023.05.tif
2023-05-01,2023,5,Kilifi,56.10999,chirps-v2.0.2023.05.tif
2023-05-01,2023,5,Kitui,14.2717085,chirps-v2.0.2023.05.tif
2023-05-01,2023,5,Kwale,53.655884,chirps-v2.0.2023.05.tif
2023-05-01,2023,5,Laikipia,29.21566,chirps-v2.0.2023.05.tif
2023-05-01,2023,5,Lamu,35.70109,chirps-v2.0.2023.05.tif
2023-05-01,2023,5,Makueni,10.109137,chirps-v2.0.2023.05.tif
2023-05-01,2023,5,Mandera,12.6157255,chirps-v2.0.2023.05.tif
2023-05-01,2023,5,Marsabit,14.901024,chirps-v2.0.2023.05.tif
2023-05-01,2023,5,Meru,20.436474,chirps-v2.0.2023.05.tif
2023-05-01,2023,5,Narok,43.607628,chirps-v2.0.2023.05.tif
2023-05-01,2023,5,Nyeri,55.01605,chirps-v2.0.2023.05.tif
2023-05-01,2023,5,Samburu,18.070608,chirps-v2.0.2023.05.tif
2023-05-01,2023,5,Taita Taveta,15.152979,chirps-v2.0.2023.05.tif
2023-05-01,2023,5,Tana River,7.725145,chirps-v2.0.2023.05.tif
2023-05-01,2023,5,Tharaka Nithi,18.045025,chirps-v2.0.2023.05.tif
2023-05-01,2023,5,Turkana,8.038801,chirps-v2.0.2023.05.tif
2023-05-01,2023,5,Wajir,9.42452,chirps-v2.0.2023.05.tif
2023-05-01,2023,5,West Pokot,37.88195,chirps-v2.0.2023.05.tif
2023-06-01,2023,6,Baringo,37.14415,chirps-v2.0.2023.06.tif
2023-06-01,2023,6,Embu,7.9523125,chirps-v2.0.2023.06.tif
2023-06-01,2023,6,Garissa,5.3623977,chirps-v2.0.2023.06.tif
2023-06-01,2023,6,Isiolo,0.5389681,chirps-v2.0.2023.06.tif
2023-06-01,2023,6,Kajiado,2.3638651,chirps-v2.0.2023.06.tif
2023-06-01,2023,6,Kilifi,34.95131,chirps-v2.0.2023.06.tif
2023-06-01,2023,6,Kitui,3.0462346,chirps-v2.0.2023.06.tif
2023-06-01,2023,6,Kwale,31.671862,chirps-v2.0.2023.06.tif
2023-06-01,2023,6,Laikipia,30.57742,chirps-v2.0.2023.06.tif
2023-06-01,2023,6,Lamu,25.897732,chirps-v2.0.2023.06.tif
2023-06-01,2023,6,Makueni,2.5919192,chirps-v2.0.2023.06.tif
2023-06-01,2023,6,Mandera,0.9470579,chirps-v2.0.2023.06.tif
2023-06-01,2023,6,Marsabit,1.6567788,chirps-v2.0.2023.06.tif
2023-06-01,2023,6,Meru,9.265021,chirps-v2.0.2023.06.tif
2023-06-01,2023,6,Narok,34.020763,chirps-v2.0.2023.06.tif
2023-06-01,2023,6,Nyeri,31.822796,chirps-v2.0.2023.06.tif
2023-06-01,2023,6,Samburu,8.722588,chirps-v2.0.2023.06.tif
2023-06-01,2023,6,Taita Taveta,13.901965,chirps-v2.0.2023.06.tif
2023-06-01,2023,6,Tana River,7.410112,chirps-v2.0.2023.06.tif
2023-06-01,2023,6,Tharaka Nithi,5.689992,chirps-v2.0.2023.06.tif
2023-06-01,2023,6,Turkana,6.460581,chirps-v2.0.2023.06.tif
2023-06-01,2023,6,Wajir,1.1284164,chirps-v2.0.2023.06.tif
2023-06-01,2023,6,West Pokot,27.382711,chirps-v2.0.2023.06.tif
2023-07-01,2023,7,Baringo,34.210842,chirps-v2.0.2023.07.tif
2023-07-01,2023,7,Embu,9.169592,chirps-v2.0.2023.07.tif
2023-07-01,2023,7,Garissa,6.7168045,chirps-v2.0.2023.07.tif
2023-07-01,2023,7,Isiolo,0.9356258,chirps-v2.0.2023.07.tif
2023-07-01,2023,7,Kajiado,0.6399977,chirps-v2.0.2023.07.tif
2023-07-01,2023,7,Kilifi,46.718655,chirps-v2.0.2023.07.tif
2023-07-01,2023,7,Kitui,6.3506503,chirps-v2.0.2023.07.tif
2023-07-01,2023,7,Kwale,46.310493,chirps-v2.0.2023.07.tif
2023-07-01,2023,7,Laikipia,18.975874,chirps-v2.0.2023.07.tif
2023-07-01,2023,7,Lamu,29.08937,chirps-v2.0.2023.07.tif
2023-07-01,2023,7,Makueni,2.2721126,chirps-v2.0.2023.07.tif
2023-07-01,2023,7,Mandera,1.8143283,chirps-v2.0.2023.07.tif
2023-07-01,2023,7,Marsabit,2.8299348,chirps-v2.0.2023.07.tif
2023-07-01,2023,7,Meru,10.174162,chirps-v2.0.2023.07.tif
2023-07-01,2023,7,Narok,10.470272,chirps-v2.0.2023.07.tif
2023-07-01,2023,7,Nyeri,19.399485,chirps-v2.0.2023.07.tif
2023-07-01,2023,7,Samburu,7.727854,chirps-v2.0.2023.07.tif
2023-07-01,2023,7,Taita Taveta,10.219666,chirps-v2.0.2023.07.tif
2023-07-01,2023,7,Tana River,8.285686,chirps-v2.0.2023.07.tif
2023-07-01,2023,7,Tharaka Nithi,7.948578,chirps-v2.0.2023.07.tif
2023-07-01,2023,7,Turkana,8.537989,chirps-v2.0.2023.07.tif
2023-07-01,2023,7,Wajir,2.6040351,chirps-v2.0.2023.07.tif
2023-07-01,2023,7,West Pokot,30.200562,chirps-v2.0.2023.07.tif
2023-08-01,2023,8,Baringo,31.354122,chirps-v2.0.2023.08.tif
2023-08-01,2023,8,Embu,6.4115243,chirps-v2.0.2023.08.tif
2023-08-01,2023,8,Garissa,4.1767488,chirps-v2.0.2023.08.tif
2023-08-01,2023,8,Isiolo,0.37400302,chirps-v2.0.2023.08.tif
2023-08-01,2023,8,Kajiado,0.92619276,chirps-v2.0.2023.08.tif
2023-08-01,2023,8,Kilifi,29.89702,chirps-v2.0.2023.08.tif
2023-08-01,2023,8,Kitui,4.1683583,chirps-v2.0.2023.08.tif
2023-08-01,2023,8,Kwale,23.708862,chirps-v2.0.2023.08.tif
2023-08-01,2023,8,Laikipia,19.117823,chirps-v2.0.2023.08.tif
2023-08-01,2023,8,Lamu,21.514433,chirps-v2.0.2023.08.tif
2023-08-01,2023,8,Makueni,1.9477293,chirps-v2.0.2023.08.tif
2023-08-01,2023,8,Mandera,2.0339735,chirps-v2.0.2023.08.tif
2023-08-01,2023,8,Marsabit,2.0068479,chirps-v2.0.2023.08.tif
2023-08-01,2023,8,Meru,7.8994102,chirps-v2.0.2023.08.tif
2023-08-01,2023,8,Narok,17.980925,chirps-v2.0.2023.08.tif
2023-08-01,2023,8,Nyeri,18.246225,chirps-v2.0.2023.08.tif
2023-08-01,2023,8,Samburu,7.9279695,chirps-v2.0.2023.08.tif
2023-08-01,2023,8,Taita Taveta,11.698938,chirps-v2.0.2023.08.tif
2023-08-01,2023,8,Tana River,7.3762794,chirps-v2.0.2023.08.tif
2023-08-01,2023,8,Tharaka Nithi,4.8499713,chirps-v2.0.2023.08.tif
2023-08-01,2023,8,Turkana,4.612476,chirps-v2.0.2023.08.tif
2023-08-01,2023,8,Wajir,1.9052405,chirps-v2.0.2023.08.tif
2023-08-01,2023,8,West Pokot,26.021086,chirps-v2.0.2023.08.tif
2023-09-01,2023,9,Baringo,38.924484,chirps-v2.0.2023.09.tif
2023-09-01,2023,9,Embu,5.8398776,chirps-v2.0.2023.09.tif
2023-09-01,2023,9,Garissa,5.2074623,chirps-v2.0.2023.09.tif
2023-09-01,2023,9,Isiolo,0.53985155,chirps-v2.0.2023.09.tif
2023-09-01,2023,9,Kajiado,2.4192085,chirps-v2.0.2023.09.tif
2023-09-01,2023,9,Kilifi,17.645088,chirps-v2.0.2023.09.tif
2023-09-01,2023,9,Kitui,3.3131416,chirps-v2.0.2023.09.tif
2023-09-01,2023,9,Kwale,18.805267,chirps-v2.0.2023.09.tif
2023-09-01,2023,9,Laikipia,18.587717,chirps-v2.0.2023.09.tif
2023-09-01,2023,9,Lamu,13.009772,chirps-v2.0.2023.09.tif
2023-09-01,2023,9,Makueni,1.7180827,chirps-v2.0.2023.09.tif
2023-09-01,2023,9,Mandera,0.8846931,chirps-v2.0.2023.09.tif
2023-09-01,2023,9,Marsabit,1.2069771,chirps-v2.0.2023.09.tif
2023-09-01,2023,9,Meru,6.343263,chirps-v2.0.2023.09.tif
2023-09-01,2023,9,Narok,52.34849,chirps-v2.0.2023.09.tif
2023-09-01,2023,9,Nyeri,25.535686,chirps-v2.0.2023.09.tif
2023-09-01,2023,9,Samburu,3.8276439,chirps-v2.0.2023.09.tif
2023-09-01,2023,9,Taita Taveta,10.17281,chirps-v2.0.2023.09.tif
2023-09-01,2023,9,Tana River,7.038046,chirps-v2.0.2023.09.tif
2023-09-01,2023,9,Tharaka Nithi,3.8104925,chirps-v2.0.2023.09.tif
2023-09-01,2023,9,Turkana,4.0683165,chirps-v2.0.2023.09.tif
2023-09-01,2023,9,Wajir,1.9199822,chirps-v2.0.2023.09.tif
2023-09-01,2023,9,West Pokot,33.753296,chirps-v2.0.2023.09.tif
2023-10-01,2023,10,Baringo,42.301327,chirps-v2.0.2023.10.tif
2023-10-01,2023,10,Embu,54.161697,chirps-v2.0.2023.10.tif
2023-10-01,2023,10,Garissa,20.137472,chirps-v2.0.2023.10.tif
2023-10-01,2023,10,Isiolo,19.888622,chirps-v2.0.2023.10.tif
2023-10-01,2023,10,Kajiado,11.544073,chirps-v2.0.2023.10.tif
2023-10-01,2023,10,Kilifi,54.28241,chirps-v2.0.2023.10.tif
2023-10-01,2023,10,Kitui,38.03737,chirps-v2.0.2023.10.tif
2023-10-01,2023,10,Kwale,74.57072,chirps-v2.0.2023.10.tif
2023-10-01,2023,10,Laikipia,50.036438,chirps-v2.0.2023.10.tif
2023-10-01,2023,10,Lamu,24.941767,chirps-v2.0.2023.10.tif
2023-10-01,2023,10,Makueni,12.917369,chirps-v2.0.2023.10.tif
2023-10-01,2023,10,Mandera,81.36835,chirps-v2.0.2023.10.tif
2023-10-01,2023,10,Marsabit,60.48171,chirps-v2.0.2023.10.tif
2023-10-01,2023,10,Meru,105.37462,chirps-v2.0.2023.10.tif
2023-10-01,2023,10,Narok,30.95981,chirps-v2.0.2023.10.tif
2023-10-01,2023,10,Nyeri,86.304726,chirps-v2.0.2023.10.tif
2023-10-01,2023,10,Samburu,54.423523,chirps-v2.0.2023.10.tif
2023-10-01,2023,10,Taita Taveta,38.196293,chirps-v2.0.2023.10.tif
2023-10-01,2023,10,Tana River,22.31683,chirps-v2.0.2023.10.tif
2023-10-01,2023,10,Tharaka Nithi,68.11004,chirps-v2.0.2023.10.tif
2023-10-01,2023,10,Turkana,17.48655,chirps-v2.0.2023.10.tif
2023-10-01,2023,10,Wajir,78.92741,chirps-v2.0.2023.10.tif
2023-10-01,2023,10,West Pokot,50.178967,chirps-v2.0.2023.10.tif
2023-11-01,2023,11,Baringo,44.85084,chirps-v2.0.2023.11.tif
2023-11-01,2023,11,Embu,186.63832,chirps-v2.0.2023.11.tif
2023-11-01,2023,11,Garissa,112.40174,chirps-v2.0.2023.11.tif
2023-11-01,2023,11,Isiolo,74.31144,chirps-v2.0.2023.11.tif
2023-11-01,2023,11,Kajiado,95.80357,chirps-v2.0.2023.11.tif
2023-11-01,2023,11,Kilifi,231.93489,chirps-v2.0.2023.11.tif
2023-11-01,2023,11,Kitui,223.64876,chirps-v2.0.2023.11.tif
2023-11-01,2023,11,Kwale,248.21071,chirps-v2.0.2023.11.tif
2023-11-01,2023,11,Laikipia,86.75853,chirps-v2.0.2023.11.tif
2023-11-01,2023,11,Lamu,100.60432,chirps-v2.0.2023.11.tif
2023-11-01,2023,11,Makueni,123.044,chirps-v2.0.2023.11.tif
2023-11-01,2023,11,Mandera,150.70392,chirps-v2.0.2023.11.tif
2023-11-01,2023,11,Marsabit,81.68139,chirps-v2.0.2023.11.tif
2023-11-01,2023,11,Meru,209.21707,chirps-v2.0.2023.11.tif
2023-11-01,2023,11,Narok,101.50263,chirps-v2.0.2023.11.tif
2023-11-01,2023,11,Nyeri,149.33424,chirps-v2.0.2023.11.tif
2023-11-01,2023,11,Samburu,69.15967,chirps-v2.0.2023.11.tif
2023-11-01,2023,11,Taita Taveta,177.58582,chirps-v2.0.2023.11.tif
2023-11-01,2023,11,Tana River,135.173,chirps-v2.0.2023.11.tif
2023-11-01,2023,11,Tharaka Nithi,190.76198,chirps-v2.0.2023.11.tif
2023-11-01,2023,11,Turkana,16.737051,chirps-v2.0.2023.11.tif
2023-11-01,2023,11,Wajir,190.58151,chirps-v2.0.2023.11.tif
2023-11-01,2023,11,West Pokot,28.2991,chirps-v2.0.2023.11.tif
2023-12-01,2023,12,Baringo,8.375473,chirps-v2.0.2023.12.tif
2023-12-01,2023,12,Embu,20.810629,chirps-v2.0.2023.12.tif
2023-12-01,2023,12,Garissa,30.334648,chirps-v2.0.2023.12.tif
2023-12-01,2023,12,Isiolo,9.4044695,chirps-v2.0.2023.12.tif
2023-12-01,2023,12,Kajiado,27.09377,chirps-v2.0.2023.12.tif
2023-12-01,2023,12,Kilifi,95.71803,chirps-v2.0.2023.12.tif
2023-12-01,2023,12,Kitui,49.80431,chirps-v2.0.2023.12.tif
2023-12-01,2023,12,Kwale,66.40777,chirps-v2.0.2023.12.tif
2023-12-01,2023,12,Laikipia,18.701893,chirps-v2.0.2023.12.tif
2023-12-01,2023,12,Lamu,84.560165,chirps-v2.0.2023.12.tif
2023-12-01,2023,12,Makueni,28.090055,chirps-v2.0.2023.12.tif
2023-12-01,2023,12,Mandera,3.6806037,chirps-v2.0.2023.12.tif
2023-12-01,2023,12,Marsabit,9.189199,chirps-v2.0.2023.12.tif
2023-12-01,2023,12,Meru,35.678947,chirps-v2.0.2023.12.tif
2023-12-01,2023,12,Narok,52.19102,chirps-v2.0.2023.12.tif
2023-12-01,2023,12,Nyeri,31.1001,chirps-v2.0.2023.12.tif
2023-12-01,2023,12,Samburu,15.208136,chirps-v2.0.2023.12.tif
2023-12-01,2023,12,Taita Taveta,72.870155,chirps-v2.0.2023.12.tif
2023-12-01,2023,12,Tana River,50.575947,chirps-v2.0.2023.12.tif
2023-12-01,2023,12,Tharaka Nithi,23.107956,chirps-v2.0.2023.12.tif
2023-12-01,2023,12,Turkana,8.308552,chirps-v2.0.2023.12.tif
2023-12-01,2023,12,Wajir,6.8050833,chirps-v2.0.2023.12.tif
2023-12-01,2023,12,West Pokot,5.840384,chirps-v2.0.2023.12.tif
2024-01-01,2024,1,Baringo,28.33091,chirps-v2.0.2024.01.tif
2024-01-01,2024,1,Embu,20.463709,chirps-v2.0.2024.01.tif
2024-01-01,2024,1,Garissa,4.0103025,chirps-v2.0.2024.01.tif
2024-01-01,2024,1,Isiolo,5.2169094,chirps-v2.0.2024.01.tif
2024-01-01,2024,1,Kajiado,51.112194,chirps-v2.0.2024.01.tif
2024-01-01,2024,1,Kilifi,7.810633,chirps-v2.0.2024.01.tif
2024-01-01,2024,1,Kitui,12.793272,chirps-v2.0.2024.01.tif
2024-01-01,2024,1,Kwale,15.809966,chirps-v2.0.2024.01.tif
2024-01-01,2024,1,Laikipia,29.864908,chirps-v2.0.2024.01.tif
2024-01-01,2024,1,Lamu,3.8889258,chirps-v2.0.2024.01.tif
2024-01-01,2024,1,Makueni,19.38775,chirps-v2.0.2024.01.tif
2024-01-01,2024,1,Mandera,0.82243603,chirps-v2.0.2024.01.tif
2024-01-01,2024,1,Marsabit,6.4679303,chirps-v2.0.2024.01.tif
2024-01-01,2024,1,Meru,26.763397,chirps-v2.0.2024.01.tif
2024-01-01,2024,1,Narok,107.58857,chirps-v2.0.2024.01.tif
2024-01-01,2024,1,Nyeri,56.631813,chirps-v2.0.2024.01.tif
2024-01-01,2024,1,Samburu,12.406804,chirps-v2.0.2024.01.tif
2024-01-01,2024,1,Taita Taveta,18.634443,chirps-v2.0.2024.01.tif
2024-01-01,2024,1,Tana River,5.608541,chirps-v2.0.2024.01.tif
2024-01-01,2024,1,Tharaka Nithi,17.075035,chirps-v2.0.2024.01.tif
2024-01-01,2024,1,Turkana,4.9166517,chirps-v2.0.2024.01.tif
2024-01-01,2024,1,Wajir,2.0616398,chirps-v2.0.2024.01.tif
2024-01-01,2024,1,West Pokot,13.049882,chirps-v2.0.2024.01.tif
2024-02-01,2024,2,Baringo,19.13329,chirps-v2.0.2024.02.tif
2024-02-01,2024,2,Embu,24.856289,chirps-v2.0.2024.02.tif
2024-02-01,2024,2,Garissa,3.2126231,chirps-v2.0.2024.02.tif
2024-02-01,2024,2,Isiolo,7.589804,chirps-v2.0.2024.02.tif
2024-02-01,2024,2,Kajiado,20.384058,chirps-v2.0.2024.02.tif
2024-02-01,2024,2,Kilifi,4.291903,chirps-v2.0.2024.02.tif
2024-02-01,2024,2,Kitui,14.307071,chirps-v2.0.2024.02.tif
2024-02-01,2024,2,Kwale,8.473,chirps-v2.0.2024.02.tif
2024-02-01,2024,2,Laikipia,33.44578,chirps-v2.0.2024.02.tif
2024-02-01,2024,2,Lamu,1.3738793,chirps-v2.0.2024.02.tif
2024-02-01,2024,2,Makueni,14.925999,chirps-v2.0.2024.02.tif
2024-02-01,2024,2,Mandera,2.0402212,chirps-v2.0.2024.02.tif
2024-02-01,2024,2,Marsabit,13.894774,chirps-v2.0.2024.02.tif
2024-02-01,2024,2,Meru,39.495693,chirps-v2.0.2024.02.tif
2024-02-01,2024,2,Narok,36.407455,chirps-v2.0.2024.02.tif
2024-02-01,2024,2,Nyeri,41.95508,chirps-v2.0.2024.02.tif
2024-02-01,2024,2,Samburu,26.057184,chirps-v2.0.2024.02.tif
2024-02-01,2024,2,Taita Taveta,26.038078,chirps-v2.0.2024.02.tif
2024-02-01,2024,2,Tana River,4.4351945,chirps-v2.0.2024.02.tif
2024-02-01,2024,2,Tharaka Nithi,26.234821,chirps-v2.0.2024.02.tif
2024-02-01,2024,2,Turkana,16.63392,chirps-v2.0.2024.02.tif
2024-02-01,2024,2,Wajir,3.2794778,chirps-v2.0.2024.02.tif
2024-02-01,2024,2,West Pokot,23.387323,chirps-v2.0.2024.02.tif
2024-03-01,2024,3,Baringo,23.413052,chirps-v2.0.2024.03.tif
2024-03-01,2024,3,Embu,18.284975,chirps-v2.0.2024.03.tif
2024-03-01,2024,3,Garissa,8.927743,chirps-v2.0.2024.03.tif
2024-03-01,2024,3,Isiolo,4.1020126,chirps-v2.0.2024.03.tif
2024-03-01,2024,3,Kajiado,50.60875,chirps-v2.0.2024.03.tif
2024-03-01,2024,3,Kilifi,40.19376,chirps-v2.0.2024.03.tif
2024-03-01,2024,3,Kitui,45.368694,chirps-v2.0.2024.03.tif
2024-03-01,2024,3,Kwale,49.796032,chirps-v2.0.2024.03.tif
2024-03-01,2024,3,Laikipia,13.827873,chirps-v2.0.2024.03.tif
2024-03-01,2024,3,Lamu,15.706325,chirps-v2.0.2024.03.tif
2024-03-01,2024,3,Makueni,39.45049,chirps-v2.0.2024.03.tif
2024-03-01,2024,3,Mandera,5.877474,chirps-v2.0.2024.03.tif
2024-03-01,2024,3,Marsabit,10.6874075,chirps-v2.0.2024.03.tif
2024-03-01,2024,3,Meru,15.360032,chirps-v2.0.2024.03.tif
2024-03-01,2024,3,Narok,57.308033,chirps-v2.0.2024.03.tif
2024-03-01,2024,3,Nyeri,30.861351,chirps-v2.0.2024.03.tif
2024-03-01,2024,3,Samburu,8.718079,chirps-v2.0.2024.03.tif
2024-03-01,2024,3,Taita Taveta,76.5119,chirps-v2.0.2024.03.tif
2024-03-01,2024,3,Tana River,22.533426,chirps-v2.0.2024.03.tif
2024-03-01,2024,3,Tharaka Nithi,13.505743,chirps-v2.0.2024.03.tif
2024-03-01,2024,3,Turkana,17.574938,chirps-v2.0.2024.03.tif
2024-03-01,2024,3,Wajir,4.88997,chirps-v2.0.2024.03.tif
2024-03-01,2024,3,West Pokot,22.731297,chirps-v2.0.2024.03.tif
2024-04-01,2024,4,Baringo,104.48222,chirps-v2.0.2024.04.tif
2024-04-01,2024,4,Embu,198.56699,chirps-v2.0.2024.04.tif
2024-04-01,2024,4,Garissa,60.056553,chirps-v2.0.2024.04.tif
2024-04-01,2024,4,Isiolo,60.045486,chirps-v2.0.2024.04.tif
2024-04-01,2024,4,Kajiado,120.472046,chirps-v2.0.2024.04.tif
2024-04-01,2024,4,Kilifi,68.409386,chirps-v2.0.2024.04.tif
2024-04-01,2024,4,Kitui,126.689,chirps-v2.0.2024.04.tif
2024-04-01,2024,4,Kwale,70.099174,chirps-v2.0.2024.04.tif
2024-04-01,2024,4,Laikipia,114.65468,chirps-v2.0.2024.04.tif
2024-04-01,2024,4,Lamu,52.168217,chirps-v2.0.2024.04.tif
2024-04-01,2024,4,Makueni,92.989334,chirps-v2.0.2024.04.tif
2024-04-01,2024,4,Mandera,110.58636,chirps-v2.0.2024.04.tif
2024-04-01,2024,4,Marsabit,113.47599,chirps-v2.0.2024.04.tif
2024-04-01,2024,4,Meru,200.68956,chirps-v2.0.2024.04.tif
2024-04-01,2024,4,Narok,171.67445,chirps-v2.0.2024.04.tif
2024-04-01,2024,4,Nyeri,273.69705,chirps-v2.0.2024.04.tif
2024-04-01,2024,4,Samburu,97.03952,chirps-v2.0.2024.04.tif
2024-04-01,2024,4,Taita Taveta,57.079395,chirps-v2.0.2024.04.tif
2024-04-01,2024,4,Tana River,39.923927,chirps-v2.0.2024.04.tif
2024-04-01,2024,4,Tharaka Nithi,189.42894,chirps-v2.0.2024.04.tif
2024-04-01,2024,4,Turkana,68.70543,chirps-v2.0.2024.04.tif
2024-04-01,2024,4,Wajir,120.33457,chirps-v2.0.2024.04.tif
2024-04-01,2024,4,West Pokot,95.44029,chirps-v2.0.2024.04.tif
2024-05-01,2024,5,Baringo,97.36928,chirps-v2.0.2024.05.tif
2024-05-01,2024,5,Embu,81.82011,chirps-v2.0.2024.05.tif
2024-05-01,2024,5,Garissa,23.562174,chirps-v2.0.2024.05.tif
2024-05-01,2024,5,Isiolo,10.726852,chirps-v2.0.2024.05.tif
2024-05-01,2024,5,Kajiado,53.83716,chirps-v2.0.2024.05.tif
2024-05-01,2024,5,Kilifi,50.22074,chirps-v2.0.2024.05.tif
2024-05-01,2024,5,Kitui,37.497066,chirps-v2.0.2024.05.tif
2024-05-01,2024,5,Kwale,33.079437,chirps-v2.0.2024.05.tif
2024-05-01,2024,5,Laikipia,74.63724,chirps-v2.0.2024.05.tif
2024-05-01,2024,5,Lamu,94.013725,chirps-v2.0.2024.05.tif
2024-05-01,2024,5,Makueni,25.523664,chirps-v2.0.2024.05.tif
2024-05-01,2024,5,Mandera,19.551313,chirps-v2.0.2024.05.tif
2024-05-01,2024,5,Marsabit,25.516161,chirps-v2.0.2024.05.tif
2024-05-01,2024,5,Meru,59.730865,chirps-v2.0.2024.05.tif
2024-05-01,2024,5,Narok,94.1029,chirps-v2.0.2024.05.tif
2024-05-01,2024,5,Nyeri,159.78099,chirps-v2.0.2024.05.tif
2024-05-01,2024,5,Samburu,33.688225,chirps-v2.0.2024.05.tif
2024-05-01,2024,5,Taita Taveta,10.537073,chirps-v2.0.2024.05.tif
2024-05-01,2024,5,Tana River,13.696622,chirps-v2.0.2024.05.tif
2024-05-01,2024,5,Tharaka Nithi,59.597233,chirps-v2.0.2024.05.tif
2024-05-01,2024,5,Turkana,17.276617,chirps-v2.0.2024.05.tif
2024-05-01,2024,5,Wajir,21.20923,chirps-v2.0.2024.05.tif
2024-05-01,2024,5,West Pokot,62.454636,chirps-v2.0.2024.05.tif
2024-06-01,2024,6,Baringo,22.540413,chirps-v2.0.2024.06.tif
2024-06-01,2024,6,Embu,3.7335608,chirps-v2.0.2024.06.tif
2024-06-01,2024,6,Garissa,5.9595113,chirps-v2.0.2024.06.tif
2024-06-01,2024,6,Isiolo,0.21248107,chirps-v2.0.2024.06.tif
2024-06-01,2024,6,Kajiado,4.4930015,chirps-v2.0.2024.06.tif
2024-06-01,2024,6,Kilifi,32.962852,chirps-v2.0.2024.06.tif
2024-06-01,2024,6,Kitui,1.913127,chirps-v2.0.2024.06.tif
2024-06-01,2024,6,Kwale,28.444471,chirps-v2.0.2024.06.tif
2024-06-01,2024,6,Laikipia,9.828373,chirps-v2.0.2024.06.tif
2024-06-01,2024,6,Lamu,23.537714,chirps-v2.0.2024.06.tif
2024-06-01,2024,6,Makueni,2.4105601,chirps-v2.0.2024.06.tif
2024-06-01,2024,6,Mandera,0.9496922,chirps-v2.0.2024.06.tif
2024-06-01,2024,6,Marsabit,1.5060432,chirps-v2.0.2024.06.tif
2024-06-01,2024,6,Meru,2.9781914,chirps-v2.0.2024.06.tif
2024-06-01,2024,6,Narok,24.255676,chirps-v2.0.2024.06.tif
2024-06-01,2024,6,Nyeri,20.237942,chirps-v2.0.2024.06.tif
2024-06-01,2024,6,Samburu,4.8347645,chirps-v2.0.2024.06.tif
2024-06-01,2024,6,Taita Taveta,6.718414,chirps-v2.0.2024.06.tif
2024-06-01,2024,6,Tana River,7.130876,chirps-v2.0.2024.06.tif
2024-06-01,2024,6,Tharaka Nithi,2.074976,chirps-v2.0.2024.06.tif
2024-06-01,2024,6,Turkana,4.801275,chirps-v2.0.2024.06.tif
2024-06-01,2024,6,Wajir,1.0969596,chirps-v2.0.2024.06.tif
2024-06-01,2024,6,West Pokot,16.684927,chirps-v2.0.2024.06.tif
2024-07-01,2024,7,Baringo,70.81063,chirps-v2.0.2024.07.tif
2024-07-01,2024,7,Embu,9.023894,chirps-v2.0.2024.07.tif
2024-07-01,2024,7,Garissa,6.958182,chirps-v2.0.2024.07.tif
2024-07-01,2024,7,Isiolo,0.81973785,chirps-v2.0.2024.07.tif
2024-07-01,2024,7,Kajiado,2.2325099,chirps-v2.0.2024.07.tif
2024-07-01,2024,7,Kilifi,19.695501,chirps-v2.0.2024.07.tif
2024-07-01,2024,7,Kitui,4.680946,chirps-v2.0.2024.07.tif
2024-07-01,2024,7,Kwale,10.265417,chirps-v2.0.2024.07.tif
2024-07-01,2024,7,Laikipia,37.670433,chirps-v2.0.2024.07.tif
2024-07-01,2024,7,Lamu,21.334045,chirps-v2.0.2024.07.tif
2024-07-01,2024,7,Makueni,2.6748004,chirps-v2.0.2024.07.tif
2024-07-01,2024,7,Mandera,2.1195383,chirps-v2.0.2024.07.tif
2024-07-01,2024,7,Marsabit,4.9132047,chirps-v2.0.2024.07.tif
2024-07-01,2024,7,Meru,8.430064,chirps-v2.0.2024.07.tif
2024-07-01,2024,7,Narok,38.046375,chirps-v2.0.2024.07.tif
2024-07-01,2024,7,Nyeri,40.152344,chirps-v2.0.2024.07.tif
2024-07-01,2024,7,Samburu,14.7645,chirps-v2.0.2024.07.tif
2024-07-01,2024,7,Taita Taveta,3.194553,chirps-v2.0.2024.07.tif
2024-07-01,2024,7,Tana River,5.7988353,chirps-v2.0.2024.07.tif
2024-07-01,2024,7,Tharaka Nithi,5.0951257,chirps-v2.0.2024.07.tif
2024-07-01,2024,7,Turkana,33.19311,chirps-v2.0.2024.07.tif
2024-07-01,2024,7,Wajir,2.9604971,chirps-v2.0.2024.07.tif
2024-07-01,2024,7,West Pokot,80.292076,chirps-v2.0.2024.07.tif
2024-08-01,2024,8,Baringo,66.44476,chirps-v2.0.2024.08.tif
2024-08-01,2024,8,Embu,7.529971,chirps-v2.0.2024.08.tif
2024-08-01,2024,8,Garissa,5.361094,chirps-v2.0.2024.08.tif
2024-08-01,2024,8,Isiolo,0.5348433,chirps-v2.0.2024.08.tif
2024-08-01,2024,8,Kajiado,0.8834691,chirps-v2.0.2024.08.tif
2024-08-01,2024,8,Kilifi,24.536402,chirps-v2.0.2024.08.tif
2024-08-01,2024,8,Kitui,4.340374,chirps-v2.0.2024.08.tif
2024-08-01,2024,8,Kwale,29.873804,chirps-v2.0.2024.08.tif
2024-08-01,2024,8,Laikipia,45.902664,chirps-v2.0.2024.08.tif
2024-08-01,2024,8,Lamu,10.62439,chirps-v2.0.2024.08.tif
2024-08-01,2024,8,Makueni,1.7678919,chirps-v2.0.2024.08.tif
2024-08-01,2024,8,Mandera,5.405495,chirps-v2.0.2024.08.tif
2024-08-01,2024,8,Marsabit,3.741609,chirps-v2.0.2024.08.tif
2024-08-01,2024,8,Meru,8.716569,chirps-v2.0.2024.08.tif
2024-08-01,2024,8,Narok,15.598572,chirps-v2.0.2024.08.tif
2024-08-01,2024,8,Nyeri,28.914469,chirps-v2.0.2024.08.tif
2024-08-01,2024,8,Samburu,12.352217,chirps-v2.0.2024.08.tif
2024-08-01,2024,8,Taita Taveta,8.107248,chirps-v2.0.2024.08.tif
2024-08-01,2024,8,Tana River,4.8092003,chirps-v2.0.2024.08.tif
2024-08-01,2024,8,Tharaka Nithi,4.943577,chirps-v2.0.2024.08.tif
2024-08-01,2024,8,Turkana,12.877137,chirps-v2.0.2024.08.tif
2024-08-01,2024,8,Wajir,5.1768894,chirps-v2.0.2024.08.tif
2024-08-01,2024,8,West Pokot,49.52192,chirps-v2.0.2024.08.tif
2024-09-01,2024,9,Baringo,18.40025,chirps-v2.0.2024.09.tif
2024-09-01,2024,9,Embu,3.4588275,chirps-v2.0.2024.09.tif
2024-09-01,2024,9,Garissa,3.5752559,chirps-v2.0.2024.09.tif
2024-09-01,2024,9,Isiolo,0.3489388,chirps-v2.0.2024.09.tif
2024-09-01,2024,9,Kajiado,2.4002233,chirps-v2.0.2024.09.tif
2024-09-01,2024,9,Kilifi,11.55718,chirps-v2.0.2024.09.tif
2024-09-01,2024,9,Kitui,2.9335253,chirps-v2.0.2024.09.tif
2024-09-01,2024,9,Kwale,15.834497,chirps-v2.0.2024.09.tif
2024-09-01,2024,9,Laikipia,9.0019245,chirps-v2.0.2024.09.tif
2024-09-01,2024,9,Lamu,7.998747,chirps-v2.0.2024.09.tif
2024-09-01,2024,9,Makueni,1.5615616,chirps-v2.0.2024.09.tif
2024-09-01,2024,9,Mandera,0.9366447,chirps-v2.0.2024.09.tif
2024-09-01,2024,9,Marsabit,1.9813944,chirps-v2.0.2024.09.tif
2024-09-01,2024,9,Meru,3.105076,chirps-v2.0.2024.09.tif
2024-09-01,2024,9,Narok,28.433266,chirps-v2.0.2024.09.tif
2024-09-01,2024,9,Nyeri,17.913532,chirps-v2.0.2024.09.tif
2024-09-01,2024,9,Samburu,2.6581428,chirps-v2.0.2024.09.tif
2024-09-01,2024,9,Taita Taveta,5.909971,chirps-v2.0.2024.09.tif
2024-09-01,2024,9,Tana River,4.6160364,chirps-v2.0.2024.09.tif
2024-09-01,2024,9,Tharaka Nithi,1.6946357,chirps-v2.0.2024.09.tif
2024-09-01,2024,9,Turkana,5.69006,chirps-v2.0.2024.09.tif
2024-09-01,2024,9,Wajir,2.1930544,chirps-v2.0.2024.09.tif
2024-09-01,2024,9,West Pokot,22.914333,chirps-v2.0.2024.09.tif
2024-10-01,2024,10,Baringo,29.764088,chirps-v2.0.2024.10.tif
2024-10-01,2024,10,Embu,16.775822,chirps-v2.0.2024.10.tif
2024-10-01,2024,10,Garissa,5.565401,chirps-v2.0.2024.10.tif
2024-10-01,2024,10,Isiolo,5.4531517,chirps-v2.0.2024.10.tif
2024-10-01,2024,10,Kajiado,4.5373435,chirps-v2.0.2024.10.tif
2024-10-01,2024,10,Kilifi,21.03141,chirps-v2.0.2024.10.tif
2024-10-01,2024,10,Kitui,10.677968,chirps-v2.0.2024.10.tif
2024-10-01,2024,10,Kwale,27.704514,chirps-v2.0.2024.10.tif
2024-10-01,2024,10,Laikipia,29.758959,chirps-v2.0.2024.10.tif
2024-10-01,2024,10,Lamu,10.784201,chirps-v2.0.2024.10.tif
2024-10-01,2024,10,Makueni,3.9433212,chirps-v2.0.2024.10.tif
2024-10-01,2024,10,Mandera,7.9735193,chirps-v2.0.2024.10.tif
2024-10-01,2024,10,Marsabit,20.367666,chirps-v2.0.2024.10.tif
2024-10-01,2024,10,Meru,24.058796,chirps-v2.0.2024.10.tif
2024-10-01,2024,10,Narok,25.647015,chirps-v2.0.2024.10.tif
2024-10-01,2024,10,Nyeri,51.58444,chirps-v2.0.2024.10.tif
2024-10-01,2024,10,Samburu,21.62705,chirps-v2.0.2024.10.tif
2024-10-01,2024,10,Taita Taveta,10.0664215,chirps-v2.0.2024.10.tif
2024-10-01,2024,10,Tana River,7.6113977,chirps-v2.0.2024.10.tif
2024-10-01,2024,10,Tharaka Nithi,17.252504,chirps-v2.0.2024.10.tif
2024-10-01,2024,10,Turkana,20.216908,chirps-v2.0.2024.10.tif
2024-10-01,2024,10,Wajir,6.5232034,chirps-v2.0.2024.10.tif
2024-10-01,2024,10,West Pokot,71.05484,chirps-v2.0.2024.10.tif
2024-11-01,2024,11,Baringo,60.410637,chirps-v2.0.2024.11.tif
2024-11-01,2024,11,Embu,120.53453,chirps-v2.0.2024.11.tif
2024-11-01,2024,11,Garissa,80.45414,chirps-v2.0.2024.11.tif
2024-11-01,2024,11,Isiolo,38.414444,chirps-v2.0.2024.11.tif
2024-11-01,2024,11,Kajiado,79.0676,chirps-v2.0.2024.11.tif
2024-11-01,2024,11,Kilifi,68.51057,chirps-v2.0.2024.11.tif
2024-11-01,2024,11,Kitui,148.09042,chirps-v2.0.2024.11.tif
2024-11-01,2024,11,Kwale,55.987267,chirps-v2.0.2024.11.tif
2024-11-01,2024,11,Laikipia,56.766384,chirps-v2.0.2024.11.tif
2024-11-01,2024,11,Lamu,63.410572,chirps-v2.0.2024.11.tif
2024-11-01,2024,11,Makueni,79.35393,chirps-v2.0.2024.11.tif
2024-11-01,2024,11,Mandera,27.700306,chirps-v2.0.2024.11.tif
2024-11-01,2024,11,Marsabit,44.233116,chirps-v2.0.2024.11.tif
2024-11-01,2024,11,Meru,158.3935,chirps-v2.0.2024.11.tif
2024-11-01,2024,11,Narok,83.33756,chirps-v2.0.2024.11.tif
2024-11-01,2024,11,Nyeri,115.33847,chirps-v2.0.2024.11.tif
2024-11-01,2024,11,Samburu,50.348732,chirps-v2.0.2024.11.tif
2024-11-01,2024,11,Taita Taveta,80.531494,chirps-v2.0.2024.11.tif
2024-11-01,2024,11,Tana River,75.92171,chirps-v2.0.2024.11.tif
2024-11-01,2024,11,Tharaka Nithi,142.99307,chirps-v2.0.2024.11.tif
2024-11-01,2024,11,Turkana,21.750216,chirps-v2.0.2024.11.tif
2024-11-01,2024,11,Wajir,56.006786,chirps-v2.0.2024.11.tif
2024-11-01,2024,11,West Pokot,38.122852,chirps-v2.0.2024.11.tif
2024-12-01,2024,12,Baringo,6.533936,chirps-v2.0.2024.12.tif
2024-12-01,2024,12,Embu,24.038733,chirps-v2.0.2024.12.tif
2024-12-01,2024,12,Garissa,8.902129,chirps-v2.0.2024.12.tif
2024-12-01,2024,12,Isiolo,4.812787,chirps-v2.0.2024.12.tif
2024-12-01,2024,12,Kajiado,40.19204,chirps-v2.0.2024.12.tif
2024-12-01,2024,12,Kilifi,68.010666,chirps-v2.0.2024.12.tif
2024-12-01,2024,12,Kitui,37.274548,chirps-v2.0.2024.12.tif
2024-12-01,2024,12,Kwale,60.84178,chirps-v2.0.2024.12.tif
2024-12-01,2024,12,Laikipia,13.0393095,chirps-v2.0.2024.12.tif
2024-12-01,2024,12,Lamu,26.518616,chirps-v2.0.2024.12.tif
2024-12-01,2024,12,Makueni,33.62616,chirps-v2.0.2024.12.tif
2024-12-01,2024,12,Mandera,1.8719454,chirps-v2.0.2024.12.tif
2024-12-01,2024,12,Marsabit,3.1534808,chirps-v2.0.2024.12.tif
2024-12-01,2024,12,Meru,23.694414,chirps-v2.0.2024.12.tif
2024-12-01,2024,12,Narok,55.935886,chirps-v2.0.2024.12.tif
2024-12-01,2024,12,Nyeri,33.36473,chirps-v2.0.2024.12.tif
2024-12-01,2024,12,Samburu,7.514679,chirps-v2.0.2024.12.tif
2024-12-01,2024,12,Taita Taveta,77.56457,chirps-v2.0.2024.12.tif
2024-12-01,2024,12,Tana River,26.313734,chirps-v2.0.2024.12.tif
2024-12-01,2024,12,Tharaka Nithi,18.887064,chirps-v2.0.2024.12.tif
2024-12-01,2024,12,Turkana,2.4675255,chirps-v2.0.2024.12.tif
2024-12-01,2024,12,Wajir,2.5446696,chirps-v2.0.2024.12.tif
2024-12-01,2024,12,West Pokot,3.0466416,chirps-v2.0.2024.12.tif
2025-01-01,2025,1,Baringo,14.30354,chirps-v2.0.2025.01.tif
2025-01-01,2025,1,Embu,11.813971,chirps-v2.0.2025.01.tif
2025-01-01,2025,1,Garissa,1.5318428,chirps-v2.0.2025.01.tif
2025-01-01,2025,1,Isiolo,1.9653592,chirps-v2.0.2025.01.tif
2025-01-01,2025,1,Kajiado,31.332243,chirps-v2.0.2025.01.tif
2025-01-01,2025,1,Kilifi,4.5121512,chirps-v2.0.2025.01.tif
2025-01-01,2025,1,Kitui,10.195041,chirps-v2.0.2025.01.tif
2025-01-01,2025,1,Kwale,7.3569403,chirps-v2.0.2025.01.tif
2025-01-01,2025,1,Laikipia,17.582262,chirps-v2.0.2025.01.tif
2025-01-01,2025,1,Lamu,1.5581509,chirps-v2.0.2025.01.tif
2025-01-01,2025,1,Makueni,18.632626,chirps-v2.0.2025.01.tif
2025-01-01,2025,1,Mandera,0.6704539,chirps-v2.0.2025.01.tif
2025-01-01,2025,1,Marsabit,2.8105261,chirps-v2.0.2025.01.tif
2025-01-01,2025,1,Meru,11.572562,chirps-v2.0.2025.01.tif
2025-01-01,2025,1,Narok,52.179092,chirps-v2.0.2025.01.tif
2025-01-01,2025,1,Nyeri,34.13476,chirps-v2.0.2025.01.tif
2025-01-01,2025,1,Samburu,7.6675663,chirps-v2.0.2025.01.tif
2025-01-01,2025,1,Taita Taveta,22.333595,chirps-v2.0.2025.01.tif
2025-01-01,2025,1,Tana River,3.4837494,chirps-v2.0.2025.01.tif
2025-01-01,2025,1,Tharaka Nithi,7.965274,chirps-v2.0.2025.01.tif
2025-01-01,2025,1,Turkana,1.9158734,chirps-v2.0.2025.01.tif
2025-01-01,2025,1,Wajir,1.2413232,chirps-v2.0.2025.01.tif
2025-01-01,2025,1,West Pokot,6.2310166,chirps-v2.0.2025.01.tif
2025-02-01,2025,2,Baringo,2.6826892,chirps-v2.0.2025.02.tif
2025-02-01,2025,2,Embu,2.984739,chirps-v2.0.2025.02.tif
2025-02-01,2025,2,Garissa,1.4780604,chirps-v2.0.2025.02.tif
2025-02-01,2025,2,Isiolo,1.9510442,chirps-v2.0.2025.02.tif
2025-02-01,2025,2,Kajiado,2.2845144,chirps-v2.0.2025.02.tif
2025-02-01,2025,2,Kilifi,2.0250103,chirps-v2.0.2025.02.tif
2025-02-01,2025,2,Kitui,2.114186,chirps-v2.0.2025.02.tif
2025-02-01,2025,2,Kwale,2.5848017,chirps-v2.0.2025.02.tif
2025-02-01,2025,2,Laikipia,4.214961,chirps-v2.0.2025.02.tif
2025-02-01,2025,2,Lamu,1.0833423,chirps-v2.0.2025.02.tif
2025-02-01,2025,2,Makueni,1.3012768,chirps-v2.0.2025.02.tif
2025-02-01,2025,2,Mandera,1.5073358,chirps-v2.0.2025.02.tif
2025-02-01,2025,2,Marsabit,1.9468182,chirps-v2.0.2025.02.tif
2025-02-01,2025,2,Meru,6.364127,chirps-v2.0.2025.02.tif
2025-02-01,2025,2,Narok,9.161417,chirps-v2.0.2025.02.tif
2025-02-01,2025,2,Nyeri,8.826482,chirps-v2.0.2025.02.tif
2025-02-01,2025,2,Samburu,2.8173227,chirps-v2.0.2025.02.tif
2025-02-01,2025,2,Taita Taveta,2.5560799,chirps-v2.0.2025.02.tif
2025-02-01,2025,2,Tana River,1.4407487,chirps-v2.0.2025.02.tif
2025-02-01,2025,2,Tharaka Nithi,3.4368126,chirps-v2.0.2025.02.tif
2025-02-01,2025,2,Turkana,1.5165447,chirps-v2.0.2025.02.tif
2025-02-01,2025,2,Wajir,1.8927037,chirps-v2.0.2025.02.tif
2025-02-01,2025,2,West Pokot,3.2041597,chirps-v2.0.2025.02.tif
2025-03-01,2025,3,Baringo,60.48305,chirps-v2.0.2025.03.tif
2025-03-01,2025,3,Embu,79.10863,chirps-v2.0.2025.03.tif
2025-03-01,2025,3,Garissa,31.06807,chirps-v2.0.2025.03.tif
2025-03-01,2025,3,Isiolo,29.739748,chirps-v2.0.2025.03.tif
2025-03-01,2025,3,Kajiado,84.528786,chirps-v2.0.2025.03.tif
2025-03-01,2025,3,Kilifi,34.722675,chirps-v2.0.2025.03.tif
2025-03-01,2025,3,Kitui,78.915184,chirps-v2.0.2025.03.tif
2025-03-01,2025,3,Kwale,40.4147,chirps-v2.0.2025.03.tif
2025-03-01,2025,3,Laikipia,56.407883,chirps-v2.0.2025.03.tif
2025-03-01,2025,3,Lamu,21.089342,chirps-v2.0.2025.03.tif
2025-03-01,2025,3,Makueni,55.904636,chirps-v2.0.2025.03.tif
2025-03-01,2025,3,Mandera,26.564198,chirps-v2.0.2025.03.tif
2025-03-01,2025,3,Marsabit,36.83676,chirps-v2.0.2025.03.tif
2025-03-01,2025,3,Meru,76.302895,chirps-v2.0.2025.03.tif
2025-03-01,2025,3,Narok,71.90253,chirps-v2.0.2025.03.tif
2025-03-01,2025,3,Nyeri,72.25566,chirps-v2.0.2025.03.tif
2025-03-01,2025,3,Samburu,48.648777,chirps-v2.0.2025.03.tif
2025-03-01,2025,3,Taita Taveta,44.766167,chirps-v2.0.2025.03.tif
2025-03-01,2025,3,Tana River,38.093166,chirps-v2.0.2025.03.tif
2025-03-01,2025,3,Tharaka Nithi,66.213005,chirps-v2.0.2025.03.tif
2025-03-01,2025,3,Turkana,37.28965,chirps-v2.0.2025.03.tif
2025-03-01,2025,3,Wajir,40.286537,chirps-v2.0.2025.03.tif
2025-03-01,2025,3,West Pokot,60.08433,chirps-v2.0.2025.03.tif
2025-04-01,2025,4,Baringo,58.161182,chirps-v2.0.2025.04.tif
2025-04-01,2025,4,Embu,106.72679,chirps-v2.0.2025.04.tif
2025-04-01,2025,4,Garissa,40.27467,chirps-v2.0.2025.04.tif
2025-04-01,2025,4,Isiolo,39.91691,chirps-v2.0.2025.04.tif
2025-04-01,2025,4,Kajiado,60.612434,chirps-v2.0.2025.04.tif
2025-04-01,2025,4,Kilifi,57.23714,chirps-v2.0.2025.04.tif
2025-04-01,2025,4,Kitui,87.68079,chirps-v2.0.2025.04.tif
2025-04-01,2025,4,Kwale,69.73781,chirps-v2.0.2025.04.tif
2025-04-01,2025,4,Laikipia,58.69783,chirps-v2.0.2025.04.tif
2025-04-01,2025,4,Lamu,35.60672,chirps-v2.0.2025.04.tif
2025-04-01,2025,4,Makueni,52.749245,chirps-v2.0.2025.04.tif
2025-04-01,2025,4,Mandera,65.97598,chirps-v2.0.2025.04.tif
2025-04-01,2025,4,Marsabit,61.457607,chirps-v2.0.2025.04.tif
2025-04-01,2025,4,Meru,136.42091,chirps-v2.0.2025.04.tif
2025-04-01,2025,4,Narok,101.738716,chirps-v2.0.2025.04.tif
2025-04-01,2025,4,Nyeri,147.61116,chirps-v2.0.2025.04.tif
2025-04-01,2025,4,Samburu,62.099064,chirps-v2.0.2025.04.tif
2025-04-01,2025,4,Taita Taveta,94.31935,chirps-v2.0.2025.04.tif
2025-04-01,2025,4,Tana River,34.58606,chirps-v2.0.2025.04.tif
2025-04-01,2025,4,Tharaka Nithi,133.95944,chirps-v2.0.2025.04.tif
2025-04-01,2025,4,Turkana,31.115566,chirps-v2.0.2025.04.tif
2025-04-01,2025,4,Wajir,92.64148,chirps-v2.0.2025.04.tif
2025-04-01,2025,4,West Pokot,51.22452,chirps-v2.0.2025.04.tif
2025-05-01,2025,5,Baringo,66.99473,chirps-v2.0.2025.05.tif
2025-05-01,2025,5,Embu,42.755054,chirps-v2.0.2025.05.tif
2025-05-01,2025,5,Garissa,18.722694,chirps-v2.0.2025.05.tif
2025-05-01,2025,5,Isiolo,6.447965,chirps-v2.0.2025.05.tif
2025-05-01,2025,5,Kajiado,25.989378,chirps-v2.0.2025.05.tif
2025-05-01,2025,5,Kilifi,77.493835,chirps-v2.0.2025.05.tif
2025-05-01,2025,5,Kitui,15.994714,chirps-v2.0.2025.05.tif
2025-05-01,2025,5,Kwale,76.236824,chirps-v2.0.2025.05.tif
2025-05-01,2025,5,Laikipia,47.80568,chirps-v2.0.2025.05.tif
2025-05-01,2025,5,Lamu,82.8752,chirps-v2.0.2025.05.tif
2025-05-01,2025,5,Makueni,14.813798,chirps-v2.0.2025.05.tif
2025-05-01,2025,5,Mandera,16.97836,chirps-v2.0.2025.05.tif
2025-05-01,2025,5,Marsabit,19.582943,chirps-v2.0.2025.05.tif
2025-05-01,2025,5,Meru,33.765877,chirps-v2.0.2025.05.tif
2025-05-01,2025,5,Narok,65.05225,chirps-v2.0.2025.05.tif
2025-05-01,2025,5,Nyeri,84.93275,chirps-v2.0.2025.05.tif
2025-05-01,2025,5,Samburu,24.598986,chirps-v2.0.2025.05.tif
2025-05-01,2025,5,Taita Taveta,17.457008,chirps-v2.0.2025.05.tif
2025-05-01,2025,5,Tana River,11.0367155,chirps-v2.0.2025.05.tif
2025-05-01,2025,5,Tharaka Nithi,32.234596,chirps-v2.0.2025.05.tif
2025-05-01,2025,5,Turkana,26.16212,chirps-v2.0.2025.05.tif
2025-05-01,2025,5,Wajir,16.808226,chirps-v2.0.2025.05.tif
2025-05-01,2025,5,West Pokot,59.130493,chirps-v2.0.2025.05.tif
2025-06-01,2025,6,Baringo,41.093628,chirps-v2.0.2025.06.tif
2025-06-01,2025,6,Embu,5.6583576,chirps-v2.0.2025.06.tif
2025-06-01,2025,6,Garissa,21.80736,chirps-v2.0.2025.06.tif
2025-06-01,2025,6,Isiolo,0.3121754,chirps-v2.0.2025.06.tif
2025-06-01,2025,6,Kajiado,3.2720149,chirps-v2.0.2025.06.tif
2025-06-01,2025,6,Kilifi,49.097485,chirps-v2.0.2025.06.tif
2025-06-01,2025,6,Kitui,2.3958144,chirps-v2.0.2025.06.tif
2025-06-01,2025,6,Kwale,44.931843,chirps-v2.0.2025.06.tif
2025-06-01,2025,6,Laikipia,23.359152,chirps-v2.0.2025.06.tif
2025-06-01,2025,6,Lamu,80.970085,chirps-v2.0.2025.06.tif
2025-06-01,2025,6,Makueni,2.4188223,chirps-v2.0.2025.06.tif
2025-06-01,2025,6,Mandera,0.97265166,chirps-v2.0.2025.06.tif
2025-06-01,2025,6,Marsabit,1.2831821,chirps-v2.0.2025.06.tif
2025-06-01,2025,6,Meru,5.507101,chirps-v2.0.2025.06.tif
2025-06-01,2025,6,Narok,28.032444,chirps-v2.0.2025.06.tif
2025-06-01,2025,6,Nyeri,29.2378,chirps-v2.0.2025.06.tif
2025-06-01,2025,6,Samburu,6.758108,chirps-v2.0.2025.06.tif
2025-06-01,2025,6,Taita Taveta,8.550977,chirps-v2.0.2025.06.tif
2025-06-01,2025,6,Tana River,10.9179535,chirps-v2.0.2025.06.tif
2025-06-01,2025,6,Tharaka Nithi,3.7213829,chirps-v2.0.2025.06.tif
2025-06-01,2025,6,Turkana,6.644493,chirps-v2.0.2025.06.tif
2025-06-01,2025,6,Wajir,1.3141721,chirps-v2.0.2025.06.tif
2025-06-01,2025,6,West Pokot,41.48138,chirps-v2.0.2025.06.tif
2025-07-01,2025,7,Baringo,65.479126,chirps-v2.0.2025.07.tif
2025-07-01,2025,7,Embu,6.0780554,chirps-v2.0.2025.07.tif
2025-07-01,2025,7,Garissa,5.2826805,chirps-v2.0.2025.07.tif
2025-07-01,2025,7,Isiolo,0.5705491,chirps-v2.0.2025.07.tif
2025-07-01,2025,7,Kajiado,0.75624037,chirps-v2.0.2025.07.tif
2025-07-01,2025,7,Kilifi,19.685875,chirps-v2.0.2025.07.tif
2025-07-01,2025,7,Kitui,4.3228984,chirps-v2.0.2025.07.tif
2025-07-01,2025,7,Kwale,12.459975,chirps-v2.0.2025.07.tif
2025-07-01,2025,7,Laikipia,24.35846,chirps-v2.0.2025.07.tif
2025-07-01,2025,7,Lamu,19.162472,chirps-v2.0.2025.07.tif
2025-07-01,2025,7,Makueni,1.8642269,chirps-v2.0.2025.07.tif
2025-07-01,2025,7,Mandera,1.6103154,chirps-v2.0.2025.07.tif
2025-07-01,2025,7,Marsabit,2.2027168,chirps-v2.0.2025.07.tif
2025-07-01,2025,7,Meru,5.9186206,chirps-v2.0.2025.07.tif
2025-07-01,2025,7,Narok,19.289358,chirps-v2.0.2025.07.tif
2025-07-01,2025,7,Nyeri,15.251504,chirps-v2.0.2025.07.tif
2025-07-01,2025,7,Samburu,6.031506,chirps-v2.0.2025.07.tif
2025-07-01,2025,7,Taita Taveta,3.351945,chirps-v2.0.2025.07.tif
2025-07-01,2025,7,Tana River,4.616113,chirps-v2.0.2025.07.tif
2025-07-01,2025,7,Tharaka Nithi,4.934526,chirps-v2.0.2025.07.tif
2025-07-01,2025,7,Turkana,9.842959,chirps-v2.0.2025.07.tif
2025-07-01,2025,7,Wajir,2.3692002,chirps-v2.0.2025.07.tif
2025-07-01,2025,7,West Pokot,41.512596,chirps-v2.0.2025.07.tif
2025-08-01,2025,8,Baringo,63.817883,chirps-v2.0.2025.08.tif
2025-08-01,2025,8,Embu,9.9734745,chirps-v2.0.2025.08.tif
2025-08-01,2025,8,Garissa,2.9427936,chirps-v2.0.2025.08.tif
2025-08-01,2025,8,Isiolo,0.66366637,chirps-v2.0.2025.08.tif
2025-08-01,2025,8,Kajiado,2.5492094,chirps-v2.0.2025.08.tif
2025-08-01,2025,8,Kilifi,24.969864,chirps-v2.0.2025.08.tif
2025-08-01,2025,8,Kitui,5.514356,chirps-v2.0.2025.08.tif
2025-08-01,2025,8,Kwale,18.4471,chirps-v2.0.2025.08.tif
2025-08-01,2025,8,Laikipia,54.36351,chirps-v2.0.2025.08.tif
2025-08-01,2025,8,Lamu,14.534377,chirps-v2.0.2025.08.tif
2025-08-01,2025,8,Makueni,3.8837192,chirps-v2.0.2025.08.tif
2025-08-01,2025,8,Mandera,1.7241552,chirps-v2.0.2025.08.tif
2025-08-01,2025,8,Marsabit,4.420658,chirps-v2.0.2025.08.tif
2025-08-01,2025,8,Meru,12.837352,chirps-v2.0.2025.08.tif
2025-08-01,2025,8,Narok,35.256943,chirps-v2.0.2025.08.tif
2025-08-01,2025,8,Nyeri,46.03993,chirps-v2.0.2025.08.tif
2025-08-01,2025,8,Samburu,14.975197,chirps-v2.0.2025.08.tif
2025-08-01,2025,8,Taita Taveta,8.4551935,chirps-v2.0.2025.08.tif
2025-08-01,2025,8,Tana River,6.307008,chirps-v2.0.2025.08.tif
2025-08-01,2025,8,Tharaka Nithi,7.1009607,chirps-v2.0.2025.08.tif
2025-08-01,2025,8,Turkana,26.285917,chirps-v2.0.2025.08.tif
2025-08-01,2025,8,Wajir,1.2701185,chirps-v2.0.2025.08.tif
2025-08-01,2025,8,West Pokot,68.71174,chirps-v2.0.2025.08.tif
2025-09-01,2025,9,Baringo,48.746494,chirps-v2.0.2025.09.tif
2025-09-01,2025,9,Embu,5.3108864,chirps-v2.0.2025.09.tif
2025-09-01,2025,9,Garissa,5.645407,chirps-v2.0.2025.09.tif
2025-09-01,2025,9,Isiolo,0.5038381,chirps-v2.0.2025.09.tif
2025-09-01,2025,9,Kajiado,1.5639732,chirps-v2.0.2025.09.tif
2025-09-01,2025,9,Kilifi,16.066809,chirps-v2.0.2025.09.tif
2025-09-01,2025,9,Kitui,3.8126833,chirps-v2.0.2025.09.tif
2025-09-01,2025,9,Kwale,20.849476,chirps-v2.0.2025.09.tif
2025-09-01,2025,9,Laikipia,35.282322,chirps-v2.0.2025.09.tif
2025-09-01,2025,9,Lamu,8.31897,chirps-v2.0.2025.09.tif
2025-09-01,2025,9,Makueni,2.0423224,chirps-v2.0.2025.09.tif
2025-09-01,2025,9,Mandera,0.82500535,chirps-v2.0.2025.09.tif
2025-09-01,2025,9,Marsabit,2.0333652,chirps-v2.0.2025.09.tif
2025-09-01,2025,9,Meru,6.7167706,chirps-v2.0.2025.09.tif
2025-09-01,2025,9,Narok,17.579348,chirps-v2.0.2025.09.tif
2025-09-01,2025,9,Nyeri,28.968834,chirps-v2.0.2025.09.tif
2025-09-01,2025,9,Samburu,4.568704,chirps-v2.0.2025.09.tif
2025-09-01,2025,9,Taita Taveta,8.124889,chirps-v2.0.2025.09.tif
2025-09-01,2025,9,Tana River,6.4473863,chirps-v2.0.2025.09.tif
2025-09-01,2025,9,Tharaka Nithi,3.4067392,chirps-v2.0.2025.09.tif
2025-09-01,2025,9,Turkana,7.1748524,chirps-v2.0.2025.09.tif
2025-09-01,2025,9,Wajir,1.8146632,chirps-v2.0.2025.09.tif
2025-09-01,2025,9,West Pokot,30.95763,chirps-v2.0.2025.09.tif
2025-10-01,2025,10,Baringo,64.17562,chirps-v2.0.2025.10.tif
2025-10-01,2025,10,Embu,65.51917,chirps-v2.0.2025.10.tif
2025-10-01,2025,10,Garissa,13.654863,chirps-v2.0.2025.10.tif
2025-10-01,2025,10,Isiolo,14.146274,chirps-v2.0.2025.10.tif
2025-10-01,2025,10,Kajiado,15.536529,chirps-v2.0.2025.10.tif
2025-10-01,2025,10,Kilifi,28.593798,chirps-v2.0.2025.10.tif
2025-10-01,2025,10,Kitui,42.278534,chirps-v2.0.2025.10.tif
2025-10-01,2025,10,Kwale,37.78693,chirps-v2.0.2025.10.tif
2025-10-01,2025,10,Laikipia,55.080276,chirps-v2.0.2025.10.tif
2025-10-01,2025,10,Lamu,15.156806,chirps-v2.0.2025.10.tif
2025-10-01,2025,10,Makueni,16.090797,chirps-v2.0.2025.10.tif
2025-10-01,2025,10,Mandera,13.561488,chirps-v2.0.2025.10.tif
2025-10-01,2025,10,Marsabit,34.290264,chirps-v2.0.2025.10.tif
2025-10-01,2025,10,Meru,67.599815,chirps-v2.0.2025.10.tif
2025-10-01,2025,10,Narok,36.224724,chirps-v2.0.2025.10.tif
2025-10-01,2025,10,Nyeri,113.256874,chirps-v2.0.2025.10.tif
2025-10-01,2025,10,Samburu,33.92815,chirps-v2.0.2025.10.tif
2025-10-01,2025,10,Taita Taveta,17.748165,chirps-v2.0.2025.10.tif
2025-10-01,2025,10,Tana River,23.542902,chirps-v2.0.2025.10.tif
2025-10-01,2025,10,Tharaka Nithi,56.102592,chirps-v2.0.2025.10.tif
2025-10-01,2025,10,Turkana,33.085224,chirps-v2.0.2025.10.tif
2025-10-01,2025,10,Wajir,11.298947,chirps-v2.0.2025.10.tif
2025-10-01,2025,10,West Pokot,122.677505,chirps-v2.0.2025.10.tif
2025-11-01,2025,11,Baringo,18.313112,chirps-v2.0.2025.11.tif
2025-11-01,2025,11,Embu,35.508247,chirps-v2.0.2025.11.tif
2025-11-01,2025,11,Garissa,26.818632,chirps-v2.0.2025.11.tif
2025-11-01,2025,11,Isiolo,10.284872,chirps-v2.0.2025.11.tif
2025-11-01,2025,11,Kajiado,14.071665,chirps-v2.0.2025.11.tif
2025-11-01,2025,11,Kilifi,14.183275,chirps-v2.0.2025.11.tif
2025-11-01,2025,11,Kitui,37.920288,chirps-v2.0.2025.11.tif
2025-11-01,2025,11,Kwale,13.306264,chirps-v2.0.2025.11.tif
2025-11-01,2025,11,Laikipia,27.898203,chirps-v2.0.2025.11.tif
2025-11-01,2025,11,Lamu,17.521265,chirps-v2.0.2025.11.tif
2025-11-01,2025,11,Makueni,19.428576,chirps-v2.0.2025.11.tif
2025-11-01,2025,11,Mandera,6.684033,chirps-v2.0.2025.11.tif
2025-11-01,2025,11,Marsabit,6.4298096,chirps-v2.0.2025.11.tif
2025-11-01,2025,11,Meru,43.52924,chirps-v2.0.2025.11.tif
2025-11-01,2025,11,Narok,21.462898,chirps-v2.0.2025.11.tif
2025-11-01,2025,11,Nyeri,40.9937,chirps-v2.0.2025.11.tif
2025-11-01,2025,11,Samburu,17.928461,chirps-v2.0.2025.11.tif
2025-11-01,2025,11,Taita Taveta,15.622255,chirps-v2.0.2025.11.tif
2025-11-01,2025,11,Tana River,21.862385,chirps-v2.0.2025.11.tif
2025-11-01,2025,11,Tharaka Nithi,36.330948,chirps-v2.0.2025.11.tif
2025-11-01,2025,11,Turkana,2.4745562,chirps-v2.0.2025.11.tif
2025-11-01,2025,11,Wajir,15.12964,chirps-v2.0.2025.11.tif
2025-11-01,2025,11,West Pokot,8.808522,chirps-v2.0.2025.11.tif
2025-12-01,2025,12,Baringo,24.925852,chirps-v2.0.2025.12.tif
2025-12-01,2025,12,Embu,39.897346,chirps-v2.0.2025.12.tif
2025-12-01,2025,12,Garissa,16.88813,chirps-v2.0.2025.12.tif
2025-12-01,2025,12,Isiolo,10.050401,chirps-v2.0.2025.12.tif
2025-12-01,2025,12,Kajiado,49.37591,chirps-v2.0.2025.12.tif
2025-12-01,2025,12,Kilifi,19.437685,chirps-v2.0.2025.12.tif
2025-12-01,2025,12,Kitui,62.00538,chirps-v2.0.2025.12.tif
2025-12-01,2025,12,Kwale,19.31342,chirps-v2.0.2025.12.tif
2025-12-01,2025,12,Laikipia,42.90291,chirps-v2.0.2025.12.tif
2025-12-01,2025,12,Lamu,17.324465,chirps-v2.0.2025.12.tif
2025-12-01,2025,12,Makueni,57.017445,chirps-v2.0.2025.12.tif
2025-12-01,2025,12,Mandera,4.846663,chirps-v2.0.2025.12.tif
2025-12-01,2025,12,Marsabit,18.943722,chirps-v2.0.2025.12.tif
2025-12-01,2025,12,Meru,42.72649,chirps-v2.0.2025.12.tif
2025-12-01,2025,12,Narok,55.126183,chirps-v2.0.2025.12.tif
2025-12-01,2025,12,Nyeri,76.80854,chirps-v2.0.2025.12.tif
2025-12-01,2025,12,Samburu,21.718714,chirps-v2.0.2025.12.tif
2025-12-01,2025,12,Taita Taveta,39.302574,chirps-v2.0.2025.12.tif
2025-12-01,2025,12,Tana River,21.199217,chirps-v2.0.2025.12.tif
2025-12-01,2025,12,Tharaka Nithi,29.998915,chirps-v2.0.2025.12.tif
2025-12-01,2025,12,Turkana,18.922663,chirps-v2.0.2025.12.tif
2025-12-01,2025,12,Wajir,8.912676,chirps-v2.0.2025.12.tif
2025-12-01,2025,12,West Pokot,14.237044,chirps-v2.0.2025.12.tif
2026-01-01,2026,1,Baringo,3.6746368,chirps-v2.0.2026.01.tif
2026-01-01,2026,1,Embu,3.2126348,chirps-v2.0.2026.01.tif
2026-01-01,2026,1,Garissa,1.6654311,chirps-v2.0.2026.01.tif
2026-01-01,2026,1,Isiolo,1.4456596,chirps-v2.0.2026.01.tif
2026-01-01,2026,1,Kajiado,3.9547987,chirps-v2.0.2026.01.tif
2026-01-01,2026,1,Kilifi,3.0039284,chirps-v2.0.2026.01.tif
2026-01-01,2026,1,Kitui,3.009862,chirps-v2.0.2026.01.tif
2026-01-01,2026,1,Kwale,2.6501048,chirps-v2.0.2026.01.tif
2026-01-01,2026,1,Laikipia,5.7248864,chirps-v2.0.2026.01.tif
2026-01-01,2026,1,Lamu,1.7380266,chirps-v2.0.2026.01.tif
2026-01-01,2026,1,Makueni,1.8324468,chirps-v2.0.2026.01.tif
2026-01-01,2026,1,Mandera,0.6448039,chirps-v2.0.2026.01.tif
2026-01-01,2026,1,Marsabit,2.0437927,chirps-v2.0.2026.01.tif
2026-01-01,2026,1,Meru,4.813792,chirps-v2.0.2026.01.tif
2026-01-01,2026,1,Narok,10.920747,chirps-v2.0.2026.01.tif
2026-01-01,2026,1,Nyeri,10.846783,chirps-v2.0.2026.01.tif
2026-01-01,2026,1,Samburu,2.5427005,chirps-v2.0.2026.01.tif
2026-01-01,2026,1,Taita Taveta,2.9394364,chirps-v2.0.2026.01.tif
2026-01-01,2026,1,Tana River,2.401842,chirps-v2.0.2026.01.tif
2026-01-01,2026,1,Tharaka Nithi,3.085699,chirps-v2.0.2026.01.tif
2026-01-01,2026,1,Turkana,1.1604667,chirps-v2.0.2026.01.tif
2026-01-01,2026,1,Wajir,1.2657111,chirps-v2.0.2026.01.tif
2026-01-01,2026,1,West Pokot,1.9554592,chirps-v2.0.2026.01.tif
2026-02-01,2026,2,Baringo,52.333755,chirps-v2.0.2026.02.tif
2026-02-01,2026,2,Embu,42.207027,chirps-v2.0.2026.02.tif
2026-02-01,2026,2,Garissa,2.870412,chirps-v2.0.2026.02.tif
2026-02-01,2026,2,Isiolo,7.1797376,chirps-v2.0.2026.02.tif
2026-02-01,2026,2,Kajiado,82.80835,chirps-v2.0.2026.02.tif
2026-02-01,2026,2,Kilifi,7.7894783,chirps-v2.0.2026.02.tif
2026-02-01,2026,2,Kitui,39.710224,chirps-v2.0.2026.02.tif
2026-02-01,2026,2,Kwale,16.322208,chirps-v2.0.2026.02.tif
2026-02-01,2026,2,Laikipia,57.550632,chirps-v2.0.2026.02.tif
2026-02-01,2026,2,Lamu,1.9360744,chirps-v2.0.2026.02.tif
2026-02-01,2026,2,Makueni,52.97183,chirps-v2.0.2026.02.tif
2026-02-01,2026,2,Mandera,2.4034226,chirps-v2.0.2026.02.tif
2026-02-01,2026,2,Marsabit,11.242245,chirps-v2.0.2026.02.tif
2026-02-01,2026,2,Meru,53.593487,chirps-v2.0.2026.02.tif
2026-02-01,2026,2,Narok,90.53834,chirps-v2.0.2026.02.tif
2026-02-01,2026,2,Nyeri,93.707756,chirps-v2.0.2026.02.tif
2026-02-01,2026,2,Samburu,34.17744,chirps-v2.0.2026.02.tif
2026-02-01,2026,2,Taita Taveta,53.763535,chirps-v2.0.2026.02.tif
2026-02-01,2026,2,Tana River,7.1633787,chirps-v2.0.2026.02.tif
2026-02-01,2026,2,Tharaka Nithi,35.597218,chirps-v2.0.2026.02.tif
2026-02-01,2026,2,Turkana,20.343048,chirps-v2.0.2026.02.tif
2026-02-01,2026,2,Wajir,2.4722183,chirps-v2.0.2026.02.tif
2026-02-01,2026,2,West Pokot,44.925198,chirps-v2.0.2026.02.tif
