date,year,month,county,mean_rainfall_mm,source_file,rainfall_3_month_total,rainfall_6_month_total,rainfall_3_month_avg,rainfall_6_month_avg
2019-01-01,2019,1,Baringo,7.184619,chirps-v2.0.2019.01.tif,7.184618949890137,7.184618949890137,7.184618949890137,7.184618949890137
2019-02-01,2019,2,Baringo,4.4092903,chirps-v2.0.2019.02.tif,11.59390926361084,11.59390926361084,5.79695463180542,5.79695463180542
2019-03-01,2019,3,Baringo,17.688416,chirps-v2.0.2019.03.tif,29.28232479095459,29.28232479095459,9.760774930318197,9.760774930318197
2019-04-01,2019,4,Baringo,40.91878,chirps-v2.0.2019.04.tif,63.01648712158203,70.20110607147217,21.00549570719401,17.550276517868042
2019-05-01,2019,5,Baringo,29.830008,chirps-v2.0.2019.05.tif,88.43720436096191,100.03111362457275,29.479068120320637,20.00622272491455
2019-06-01,2019,6,Baringo,72.692665,chirps-v2.0.2019.06.tif,143.44145393371582,172.7237787246704,47.81381797790527,28.787296454111736
2019-07-01,2019,7,Baringo,64.74567,chirps-v2.0.2019.07.tif,167.2683391571045,230.28482627868652,55.756113052368164,38.38080437978109
2019-08-01,2019,8,Baringo,70.05252,chirps-v2.0.2019.08.tif,207.49085235595703,295.92805671691895,69.16361745198567,49.32134278615316
2019-09-01,2019,9,Baringo,32.34783,chirps-v2.0.2019.09.tif,167.1460189819336,310.5874729156494,55.71533966064453,51.7645788192749
2019-10-01,2019,10,Baringo,63.26047,chirps-v2.0.2019.10.tif,165.66082382202148,332.929162979126,55.22027460734049,55.48819382985433
2019-11-01,2019,11,Baringo,51.63457,chirps-v2.0.2019.11.tif,147.2428741455078,354.73372650146484,49.0809580485026,59.12228775024414
2019-12-01,2019,12,Baringo,58.612846,chirps-v2.0.2019.12.tif,173.5078887939453,340.6539077758789,57.8359629313151,56.77565129597982
2020-01-01,2020,1,Baringo,20.164928,chirps-v2.0.2020.01.tif,130.41234588623047,296.07316970825195,43.47078196207682,49.34552828470866
2020-02-01,2020,2,Baringo,13.084544,chirps-v2.0.2020.02.tif,91.86231899261475,239.10519313812256,30.62077299753825,39.850865523020424
2020-03-01,2020,3,Baringo,79.03617,chirps-v2.0.2020.03.tif,112.28564357757568,285.793532371521,37.428547859191895,47.6322553952535
2020-04-01,2020,4,Baringo,101.12289,chirps-v2.0.2020.04.tif,193.24360179901123,323.6559476852417,64.41453393300374,53.94265794754028
2020-05-01,2020,5,Baringo,61.339813,chirps-v2.0.2020.05.tif,241.49887084960938,333.3611898422241,80.49962361653645,55.56019830703735
2020-06-01,2020,6,Baringo,78.555305,chirps-v2.0.2020.06.tif,241.01800537109375,353.30364894866943,80.33933512369792,58.88394149144491
2020-07-01,2020,7,Baringo,100.25511,chirps-v2.0.2020.07.tif,240.15023040771484,433.3938322067261,80.05007680257161,72.23230536778767
2020-08-01,2020,8,Baringo,93.294495,chirps-v2.0.2020.08.tif,272.1049118041992,513.6037826538086,90.7016372680664,85.60063044230144
2020-09-01,2020,9,Baringo,44.079227,chirps-v2.0.2020.09.tif,237.62883377075195,478.6468391418457,79.20961125691731,79.77447319030762
2020-10-01,2020,10,Baringo,45.281048,chirps-v2.0.2020.10.tif,182.65476989746094,422.8050003051758,60.88492329915365,70.46750005086263
2020-11-01,2020,11,Baringo,49.60263,chirps-v2.0.2020.11.tif,138.96290588378906,411.0678176879883,46.32096862792969,68.51130294799805
2020-12-01,2020,12,Baringo,7.767128,chirps-v2.0.2020.12.tif,102.65080642700195,340.2796401977539,34.21693547566732,56.71327336629232
2021-01-01,2021,1,Baringo,16.134064,chirps-v2.0.2021.01.tif,73.50382232666016,256.1585922241211,24.50127410888672,42.69309870402018
2021-02-01,2021,2,Baringo,12.5346,chirps-v2.0.2021.02.tif,36.435791969299316,175.39869785308838,12.14526398976644,29.233116308848064
2021-03-01,2021,3,Baringo,14.227799,chirps-v2.0.2021.03.tif,42.89646339416504,145.547269821167,14.298821131388346,24.257878303527832
2021-04-01,2021,4,Baringo,35.313393,chirps-v2.0.2021.04.tif,62.07579231262207,135.57961463928223,20.691930770874023,22.59660243988037
2021-05-01,2021,5,Baringo,96.53619,chirps-v2.0.2021.05.tif,146.07737827301025,182.51317024230957,48.692459424336754,30.418861707051594
2021-06-01,2021,6,Baringo,29.043015,chirps-v2.0.2021.06.tif,160.89259338378906,203.7890567779541,53.63086446126302,33.964842796325684
2021-07-01,2021,7,Baringo,42.782406,chirps-v2.0.2021.07.tif,168.3616065979004,230.43739891052246,56.12053553263346,38.406233151753746
2021-08-01,2021,8,Baringo,43.675766,chirps-v2.0.2021.08.tif,115.50118637084961,261.57856464385986,38.50039545694987,43.59642744064331
2021-09-01,2021,9,Baringo,44.122658,chirps-v2.0.2021.09.tif,130.58082962036133,291.4734230041504,43.52694320678711,48.57890383402506
2021-10-01,2021,10,Baringo,32.95602,chirps-v2.0.2021.10.tif,120.75444412231445,289.11605072021484,40.25148137410482,48.18600845336914
2021-11-01,2021,11,Baringo,15.069393,chirps-v2.0.2021.11.tif,92.1480712890625,207.6492576599121,30.716023763020832,34.60820960998535
2021-12-01,2021,12,Baringo,13.389502,chirps-v2.0.2021.12.tif,61.41491508483887,191.9957447052002,20.471638361612957,31.99929078420003
2022-01-01,2022,1,Baringo,15.554098,chirps-v2.0.2022.01.tif,44.01299285888672,164.76743698120117,14.670997619628906,27.461239496866863
2022-02-01,2022,2,Baringo,12.743116,chirps-v2.0.2022.02.tif,41.686716079711914,133.8347873687744,13.895572026570639,22.305797894795734
2022-03-01,2022,3,Baringo,18.584452,chirps-v2.0.2022.03.tif,46.88166618347168,108.29658126831055,15.627222061157227,18.04943021138509
2022-04-01,2022,4,Baringo,46.197006,chirps-v2.0.2022.04.tif,77.52457427978516,121.53756713867188,25.841524759928387,20.256261189778645
2022-05-01,2022,5,Baringo,48.25077,chirps-v2.0.2022.05.tif,113.03222846984863,154.71894454956055,37.67740948994955,25.78649075826009
2022-06-01,2022,6,Baringo,26.969236,chirps-v2.0.2022.06.tif,121.41701316833496,168.29867935180664,40.47233772277832,28.049779891967773
2022-07-01,2022,7,Baringo,30.801989,chirps-v2.0.2022.07.tif,106.0219955444336,183.54656982421875,35.34066518147787,30.591094970703125
2022-08-01,2022,8,Baringo,72.146576,chirps-v2.0.2022.08.tif,129.9178009033203,242.95002937316895,43.3059336344401,40.491671562194824
2022-09-01,2022,9,Baringo,40.369465,chirps-v2.0.2022.09.tif,143.31802940368652,264.7350425720215,47.77267646789551,44.122507095336914
2022-10-01,2022,10,Baringo,20.243439,chirps-v2.0.2022.10.tif,132.75947952270508,238.78147506713867,44.253159840901695,39.79691251118978
2022-11-01,2022,11,Baringo,45.558895,chirps-v2.0.2022.11.tif,106.17179870605469,236.089599609375,35.3905995686849,39.3482666015625
2022-12-01,2022,12,Baringo,20.157116,chirps-v2.0.2022.12.tif,85.9594497680664,229.27747917175293,28.6531499226888,38.21291319529215
2023-01-01,2023,1,Baringo,3.475159,chirps-v2.0.2023.01.tif,69.19116997718811,201.9506494998932,23.06372332572937,33.65844158331553
2023-02-01,2023,2,Baringo,1.8207359,chirps-v2.0.2023.02.tif,25.45301079750061,131.6248095035553,8.484336932500204,21.93746825059255
2023-03-01,2023,3,Baringo,52.26639,chirps-v2.0.2023.03.tif,57.562286615371704,143.5217363834381,19.18742887179057,23.920289397239685
2023-04-01,2023,4,Baringo,67.46844,chirps-v2.0.2023.04.tif,121.5555648803711,190.7467348575592,40.51852162679037,31.79112247625987
2023-05-01,2023,5,Baringo,44.534657,chirps-v2.0.2023.05.tif,164.2694854736328,189.72249627113342,54.7564951578776,31.620416045188904
2023-06-01,2023,6,Baringo,37.14415,chirps-v2.0.2023.06.tif,149.14724349975586,206.70953011512756,49.71574783325195,34.45158835252126
2023-07-01,2023,7,Baringo,34.210842,chirps-v2.0.2023.07.tif,115.8896484375,237.4452133178711,38.6298828125,39.57420221964518
2023-08-01,2023,8,Baringo,31.354122,chirps-v2.0.2023.08.tif,102.70911407470703,266.97859954833984,34.23637135823568,44.49643325805664
2023-09-01,2023,9,Baringo,38.924484,chirps-v2.0.2023.09.tif,104.48944854736328,253.63669204711914,34.82981618245443,42.27278200785319
2023-10-01,2023,10,Baringo,42.301327,chirps-v2.0.2023.10.tif,112.5799331665039,228.4695816040039,37.52664438883463,38.07826360066732
2023-11-01,2023,11,Baringo,44.85084,chirps-v2.0.2023.11.tif,126.07665252685547,228.7857666015625,42.025550842285156,38.130961100260414
2023-12-01,2023,12,Baringo,8.375473,chirps-v2.0.2023.12.tif,95.52764129638672,200.01708984375,31.842547098795574,33.336181640625
2024-01-01,2024,1,Baringo,28.33091,chirps-v2.0.2024.01.tif,81.55722427368164,194.13715744018555,27.185741424560547,32.35619290669759
2024-02-01,2024,2,Baringo,19.13329,chirps-v2.0.2024.02.tif,55.83967208862305,181.91632461547852,18.613224029541016,30.319387435913086
2024-03-01,2024,3,Baringo,23.413052,chirps-v2.0.2024.03.tif,70.87725067138672,166.40489196777344,23.625750223795574,27.734148661295574
2024-04-01,2024,4,Baringo,104.48222,chirps-v2.0.2024.04.tif,147.028564453125,228.58578872680664,49.009521484375,38.09763145446777
2024-05-01,2024,5,Baringo,97.36928,chirps-v2.0.2024.05.tif,225.26455307006836,281.1042251586914,75.08818435668945,46.850704193115234
2024-06-01,2024,6,Baringo,22.540413,chirps-v2.0.2024.06.tif,224.39191436767578,295.2691650390625,74.79730478922527,49.211527506510414
2024-07-01,2024,7,Baringo,70.81063,chirps-v2.0.2024.07.tif,190.72032165527344,337.74888610839844,63.57344055175781,56.291481018066406
2024-08-01,2024,8,Baringo,66.44476,chirps-v2.0.2024.08.tif,159.79580688476562,385.060359954834,53.26526896158854,64.17672665913899
2024-09-01,2024,9,Baringo,18.40025,chirps-v2.0.2024.09.tif,155.65564346313477,380.04755783081055,51.885214487711586,63.34125963846842
2024-10-01,2024,10,Baringo,29.764088,chirps-v2.0.2024.10.tif,114.60910034179688,305.3294219970703,38.203033447265625,50.88823699951172
2024-11-01,2024,11,Baringo,60.410637,chirps-v2.0.2024.11.tif,108.5749740600586,268.3707809448242,36.19165802001953,44.72846349080404
2024-12-01,2024,12,Baringo,6.533936,chirps-v2.0.2024.12.tif,96.70866060256958,252.36430406570435,32.23622020085653,42.06071734428406
2025-01-01,2025,1,Baringo,14.30354,chirps-v2.0.2025.01.tif,81.24811315536499,195.85721349716187,27.082704385121662,32.64286891619364
2025-02-01,2025,2,Baringo,2.6826892,chirps-v2.0.2025.02.tif,23.52016544342041,132.095139503479,7.840055147806804,22.015856583913166
2025-03-01,2025,3,Baringo,60.48305,chirps-v2.0.2025.03.tif,77.46928071975708,174.17794132232666,25.82309357325236,29.029656887054443
2025-04-01,2025,4,Baringo,58.161182,chirps-v2.0.2025.04.tif,121.32692289352417,202.57503604888916,40.44230763117472,33.76250600814819
2025-05-01,2025,5,Baringo,66.99473,chirps-v2.0.2025.05.tif,185.6389617919922,209.1591272354126,61.87965393066406,34.859854539235435
2025-06-01,2025,6,Baringo,41.093628,chirps-v2.0.2025.06.tif,166.24953842163086,243.71881914138794,55.41651280721029,40.61980319023132
2025-07-01,2025,7,Baringo,65.479126,chirps-v2.0.2025.07.tif,173.5674819946289,294.8944048881531,57.85582733154297,49.14906748135885
2025-08-01,2025,8,Baringo,63.817883,chirps-v2.0.2025.08.tif,170.3906364440918,356.029598236084,56.796878814697266,59.338266372680664
2025-09-01,2025,9,Baringo,48.746494,chirps-v2.0.2025.09.tif,178.0435028076172,344.29304122924805,59.34783426920573,57.38217353820801
2025-10-01,2025,10,Baringo,64.17562,chirps-v2.0.2025.10.tif,176.73999786376953,350.30747985839844,58.91333262125651,58.38457997639974
2025-11-01,2025,11,Baringo,18.313112,chirps-v2.0.2025.11.tif,131.23522758483887,301.62586402893066,43.74507586161295,50.27097733815511
2025-12-01,2025,12,Baringo,24.925852,chirps-v2.0.2025.12.tif,107.41458511352539,285.4580879211426,35.80486170450846,47.576347986857094
2026-01-01,2026,1,Baringo,3.6746368,chirps-v2.0.2026.01.tif,46.91360092163086,223.6535987854004,15.637866973876953,37.275599797566734
2026-02-01,2026,2,Baringo,52.333755,chirps-v2.0.2026.02.tif,80.93424415588379,212.16947174072266,26.978081385294598,35.361578623453774
2019-01-01,2019,1,Embu,14.658785,chirps-v2.0.2019.01.tif,14.658784866333008,14.658784866333008,14.658784866333008,14.658784866333008
2019-02-01,2019,2,Embu,8.075307,chirps-v2.0.2019.02.tif,22.734091758728027,22.734091758728027,11.367045879364014,11.367045879364014
2019-03-01,2019,3,Embu,9.7070675,chirps-v2.0.2019.03.tif,32.44115924835205,32.44115924835205,10.813719749450684,10.813719749450684
2019-04-01,2019,4,Embu,72.55928,chirps-v2.0.2019.04.tif,90.34165477752686,105.00043964385986,30.113884925842285,26.250109910964966
2019-05-01,2019,5,Embu,43.319553,chirps-v2.0.2019.05.tif,125.58590126037598,148.319993019104,41.86196708679199,29.6639986038208
2019-06-01,2019,6,Embu,8.068131,chirps-v2.0.2019.06.tif,123.94696521759033,156.38812446594238,41.31565507253011,26.0646874109904
2019-07-01,2019,7,Embu,5.888809,chirps-v2.0.2019.07.tif,57.27649402618408,147.61814880371094,19.092164675394695,24.60302480061849
2019-08-01,2019,8,Embu,6.4681163,chirps-v2.0.2019.08.tif,20.42505693435669,146.01095819473267,6.8083523114522295,24.335159699122112
2019-09-01,2019,9,Embu,8.944379,chirps-v2.0.2019.09.tif,21.30130434036255,145.24826955795288,7.10043478012085,24.20804492632548
2019-10-01,2019,10,Embu,148.92053,chirps-v2.0.2019.10.tif,164.3330273628235,221.60952138900757,54.777675787607826,36.93492023150126
2019-11-01,2019,11,Embu,160.23648,chirps-v2.0.2019.11.tif,318.10139179229736,338.52644872665405,106.03379726409912,56.42107478777567
2019-12-01,2019,12,Embu,98.06097,chirps-v2.0.2019.12.tif,407.21797943115234,428.5192837715149,135.73932647705078,71.41988062858582
2020-01-01,2020,1,Embu,33.925316,chirps-v2.0.2020.01.tif,292.22276306152344,456.5557904243469,97.40758768717448,76.09263173739116
2020-02-01,2020,2,Embu,21.696774,chirps-v2.0.2020.02.tif,153.68305587768555,471.7844476699829,51.22768529256185,78.63074127833049
2020-03-01,2020,3,Embu,59.392467,chirps-v2.0.2020.03.tif,115.01455688476562,522.232536315918,38.33818562825521,87.038756052653
2020-04-01,2020,4,Embu,186.62999,chirps-v2.0.2020.04.tif,267.71923065185547,559.9419937133789,89.23974355061848,93.32366561889648
2020-05-01,2020,5,Embu,55.805195,chirps-v2.0.2020.05.tif,301.82765197753906,455.5107078552246,100.60921732584636,75.9184513092041
2020-06-01,2020,6,Embu,9.065764,chirps-v2.0.2020.06.tif,251.50094890594482,366.51550579071045,83.83364963531494,61.08591763178507
2020-07-01,2020,7,Embu,8.877775,chirps-v2.0.2020.07.tif,73.74873447418213,341.4679651260376,24.582911491394043,56.911327521006264
2020-08-01,2020,8,Embu,10.241004,chirps-v2.0.2020.08.tif,28.18454360961914,330.0121955871582,9.394847869873047,55.0020325978597
2020-09-01,2020,9,Embu,9.026124,chirps-v2.0.2020.09.tif,28.1449031829834,279.6458520889282,9.381634394327799,46.60764201482137
2020-10-01,2020,10,Embu,28.539728,chirps-v2.0.2020.10.tif,47.80685615539551,121.55559062957764,15.93561871846517,20.259265104929607
2020-11-01,2020,11,Embu,81.81615,chirps-v2.0.2020.11.tif,119.3819990158081,147.56654262542725,39.793999671936035,24.59442377090454
2020-12-01,2020,12,Embu,24.816837,chirps-v2.0.2020.12.tif,135.1727123260498,163.3176155090332,45.05757077534994,27.219602584838867
2021-01-01,2021,1,Embu,12.597846,chirps-v2.0.2021.01.tif,119.23083019256592,167.03768634796143,39.74361006418864,27.839614391326904
2021-02-01,2021,2,Embu,12.910265,chirps-v2.0.2021.02.tif,50.32494831085205,169.70694732666016,16.774982770284016,28.284491221110027
2021-03-01,2021,3,Embu,22.738325,chirps-v2.0.2021.03.tif,48.24643611907959,183.4191484451294,16.08214537302653,30.569858074188232
2021-04-01,2021,4,Embu,92.71814,chirps-v2.0.2021.04.tif,128.36672973632812,247.59755992889404,42.788909912109375,41.26625998814901
2021-05-01,2021,5,Embu,68.31214,chirps-v2.0.2021.05.tif,183.7686061859131,234.09355449676514,61.25620206197103,39.015592416127525
2021-06-01,2021,6,Embu,2.7308848,chirps-v2.0.2021.06.tif,163.76116585731506,212.00760197639465,54.58705528577169,35.33460032939911
2021-07-01,2021,7,Embu,8.928003,chirps-v2.0.2021.07.tif,79.97102952003479,208.33775925636292,26.657009840011597,34.722959876060486
2021-08-01,2021,8,Embu,5.730952,chirps-v2.0.2021.08.tif,17.38983988761902,201.1584460735321,5.796613295873006,33.52640767892202
2021-09-01,2021,9,Embu,4.475952,chirps-v2.0.2021.09.tif,19.134907245635986,182.89607310295105,6.378302415211995,30.48267885049184
2021-10-01,2021,10,Embu,24.54707,chirps-v2.0.2021.10.tif,34.75397348403931,114.7250030040741,11.584657828013102,19.12083383401235
2021-11-01,2021,11,Embu,61.344788,chirps-v2.0.2021.11.tif,90.3678092956543,107.75764918327332,30.122603098551433,17.95960819721222
2021-12-01,2021,12,Embu,63.84733,chirps-v2.0.2021.12.tif,149.73918533325195,168.87409257888794,49.91306177775065,28.145682096481323
2022-01-01,2022,1,Embu,10.219012,chirps-v2.0.2022.01.tif,135.41112804412842,170.16510152816772,45.13704268137614,28.360850254694622
2022-02-01,2022,2,Embu,6.970302,chirps-v2.0.2022.02.tif,81.03664255142212,171.40445184707642,27.012214183807373,28.5674086411794
2022-03-01,2022,3,Embu,16.647493,chirps-v2.0.2022.03.tif,33.83680772781372,183.57599306106567,11.27893590927124,30.595998843510944
2022-04-01,2022,4,Embu,85.44904,chirps-v2.0.2022.04.tif,109.06683874130249,244.4779667854309,36.355612913767494,40.746327797571816
2022-05-01,2022,5,Embu,14.647058,chirps-v2.0.2022.05.tif,116.7435941696167,197.78023672103882,38.91453138987223,32.963372786839805
2022-06-01,2022,6,Embu,3.1022995,chirps-v2.0.2022.06.tif,103.19840025901794,137.03520798683167,34.39946675300598,22.83920133113861
2022-07-01,2022,7,Embu,8.27888,chirps-v2.0.2022.07.tif,26.028237104415894,135.09507584571838,8.676079034805298,22.515845974286396
2022-08-01,2022,8,Embu,9.371276,chirps-v2.0.2022.08.tif,20.752455472946167,137.49604964256287,6.917485157648723,22.91600827376048
2022-09-01,2022,9,Embu,5.2830114,chirps-v2.0.2022.09.tif,22.933167457580566,126.13156771659851,7.6443891525268555,21.02192795276642
2022-10-01,2022,10,Embu,16.404104,chirps-v2.0.2022.10.tif,31.058391571044922,57.086628675460815,10.352797190348307,9.514438112576803
2022-11-01,2022,11,Embu,99.658714,chirps-v2.0.2022.11.tif,121.34582996368408,142.09828543663025,40.44860998789469,23.68304757277171
2022-12-01,2022,12,Embu,21.258661,chirps-v2.0.2022.12.tif,137.32147979736328,160.25464725494385,45.773826599121094,26.709107875823975
2023-01-01,2023,1,Embu,9.217052,chirps-v2.0.2023.01.tif,130.134428024292,161.1928195953369,43.378142674764,26.865469932556152
2023-02-01,2023,2,Embu,2.5305042,chirps-v2.0.2023.02.tif,33.00621795654297,154.35204792022705,11.00207265218099,25.725341320037842
2023-03-01,2023,3,Embu,38.9041,chirps-v2.0.2023.03.tif,50.651655197143555,187.97313499450684,16.88388506571452,31.328855832417805
2023-04-01,2023,4,Embu,137.75612,chirps-v2.0.2023.04.tif,179.19072151184082,309.3251495361328,59.73024050394694,51.55419158935547
2023-05-01,2023,5,Embu,25.138548,chirps-v2.0.2023.05.tif,201.79876518249512,234.8049831390381,67.26625506083171,39.13416385650635
2023-06-01,2023,6,Embu,7.9523125,chirps-v2.0.2023.06.tif,170.84697914123535,221.4986343383789,56.94899304707845,36.916439056396484
2023-07-01,2023,7,Embu,9.169592,chirps-v2.0.2023.07.tif,42.26045227050781,221.45117378234863,14.086817423502604,36.90852896372477
2023-08-01,2023,8,Embu,6.4115243,chirps-v2.0.2023.08.tif,23.53342866897583,225.33219385147095,7.844476222991943,37.55536564191183
2023-09-01,2023,9,Embu,5.8398776,chirps-v2.0.2023.09.tif,21.42099380493164,192.267972946167,7.140331268310547,32.044662157694496
2023-10-01,2023,10,Embu,54.161697,chirps-v2.0.2023.10.tif,66.41309928894043,108.67355155944824,22.137699762980144,18.112258593241375
2023-11-01,2023,11,Embu,186.63832,chirps-v2.0.2023.11.tif,246.6398959159851,270.17332458496094,82.2132986386617,45.02888743082682
2023-12-01,2023,12,Embu,20.810629,chirps-v2.0.2023.12.tif,261.6106472015381,283.0316410064697,87.20354906717937,47.17194016774496
2024-01-01,2024,1,Embu,20.463709,chirps-v2.0.2024.01.tif,227.91265869140625,294.3257579803467,75.97088623046875,49.05429299672445
2024-02-01,2024,2,Embu,24.856289,chirps-v2.0.2024.02.tif,66.1306266784668,312.7705225944519,22.043542226155598,52.12842043240865
2024-03-01,2024,3,Embu,18.284975,chirps-v2.0.2024.03.tif,63.60497283935547,325.21562004089355,21.20165761311849,54.202603340148926
2024-04-01,2024,4,Embu,198.56699,chirps-v2.0.2024.04.tif,241.70825004577637,469.6209087371826,80.56941668192546,78.2701514561971
2024-05-01,2024,5,Embu,81.82011,chirps-v2.0.2024.05.tif,298.6720676422119,364.8026943206787,99.5573558807373,60.80044905344645
2024-06-01,2024,6,Embu,3.7335608,chirps-v2.0.2024.06.tif,284.1206533908844,347.72562623023987,94.70688446362813,57.954271038373314
2024-07-01,2024,7,Embu,9.023894,chirps-v2.0.2024.07.tif,94.57756161689758,336.28581166267395,31.525853872299194,56.04763527711233
2024-08-01,2024,8,Embu,7.529971,chirps-v2.0.2024.08.tif,20.287426233291626,318.95949387550354,6.762475411097209,53.15991564591726
2024-09-01,2024,9,Embu,3.4588275,chirps-v2.0.2024.09.tif,20.01269292831421,304.1333463191986,6.670897642771403,50.68889105319977
2024-10-01,2024,10,Embu,16.775822,chirps-v2.0.2024.10.tif,27.764620304107666,122.34218192100525,9.254873434702555,20.390363653500874
2024-11-01,2024,11,Embu,120.53453,chirps-v2.0.2024.11.tif,140.7691798210144,161.05660605430603,46.923059940338135,26.84276767571767
2024-12-01,2024,12,Embu,24.038733,chirps-v2.0.2024.12.tif,161.34908485412598,181.36177778244019,53.78302828470866,30.226962963740032
2025-01-01,2025,1,Embu,11.813971,chirps-v2.0.2025.01.tif,156.38723373413086,184.15185403823853,52.12907791137695,30.691975673039753
2025-02-01,2025,2,Embu,2.984739,chirps-v2.0.2025.02.tif,38.83744215965271,179.60662198066711,12.94581405321757,29.93443699677785
2025-03-01,2025,3,Embu,79.10863,chirps-v2.0.2025.03.tif,93.90733695030212,255.2564218044281,31.302445650100708,42.542736967404686
2025-04-01,2025,4,Embu,106.72679,chirps-v2.0.2025.04.tif,188.82015776634216,345.207391500473,62.94005258878072,57.534565250078835
2025-05-01,2025,5,Embu,42.755054,chirps-v2.0.2025.05.tif,228.59047317504883,267.42791533470154,76.19682439168294,44.571319222450256
2025-06-01,2025,6,Embu,5.6583576,chirps-v2.0.2025.06.tif,155.14020347595215,249.04754042625427,51.71340115865072,41.50792340437571
2025-07-01,2025,7,Embu,6.0780554,chirps-v2.0.2025.07.tif,54.49146747589111,243.31162524223328,18.163822491963703,40.551937540372215
2025-08-01,2025,8,Embu,9.9734745,chirps-v2.0.2025.08.tif,21.709887504577637,250.30036067962646,7.236629168192546,41.716726779937744
2025-09-01,2025,9,Embu,5.3108864,chirps-v2.0.2025.09.tif,21.36241626739502,176.50261974334717,7.120805422465007,29.41710329055786
2025-10-01,2025,10,Embu,65.51917,chirps-v2.0.2025.10.tif,80.80353355407715,135.29500102996826,26.934511184692383,22.549166838328045
2025-11-01,2025,11,Embu,35.508247,chirps-v2.0.2025.11.tif,106.33830642700195,128.0481939315796,35.446102142333984,21.341365655263264
2025-12-01,2025,12,Embu,39.897346,chirps-v2.0.2025.12.tif,140.92476654052734,162.28718280792236,46.97492218017578,27.047863801320393
2026-01-01,2026,1,Embu,3.2126348,chirps-v2.0.2026.01.tif,78.61822867393494,159.42176222801208,26.206076224644978,26.570293704668682
2026-02-01,2026,2,Embu,42.207027,chirps-v2.0.2026.02.tif,85.31700873374939,191.65531516075134,28.439002911249798,31.94255252679189
2019-01-01,2019,1,Garissa,4.2588215,chirps-v2.0.2019.01.tif,4.258821487426758,4.258821487426758,4.258821487426758,4.258821487426758
2019-02-01,2019,2,Garissa,3.3260612,chirps-v2.0.2019.02.tif,7.584882736206055,7.584882736206055,3.7924413681030273,3.7924413681030273
2019-03-01,2019,3,Garissa,4.0422587,chirps-v2.0.2019.03.tif,11.62714147567749,11.62714147567749,3.87571382522583,3.87571382522583
2019-04-01,2019,4,Garissa,27.214031,chirps-v2.0.2019.04.tif,34.582351207733154,38.84117269515991,11.527450402577719,9.710293173789978
2019-05-01,2019,5,Garissa,22.553484,chirps-v2.0.2019.05.tif,53.80977392196655,61.39465665817261,17.936591307322185,12.27893133163452
2019-06-01,2019,6,Garissa,5.417682,chirps-v2.0.2019.06.tif,55.18519735336304,66.81233882904053,18.395065784454346,11.135389804840088
2019-07-01,2019,7,Garissa,11.40561,chirps-v2.0.2019.07.tif,39.37677621841431,73.95912742614746,13.12559207280477,12.326521237691244
2019-08-01,2019,8,Garissa,4.2111197,chirps-v2.0.2019.08.tif,21.034411907196045,74.8441858291626,7.011470635732015,12.4740309715271
2019-09-01,2019,9,Garissa,9.957075,chirps-v2.0.2019.09.tif,25.57380485534668,80.75900220870972,8.524601618448893,13.45983370145162
2019-10-01,2019,10,Garissa,58.23535,chirps-v2.0.2019.10.tif,72.40354633331299,111.7803225517273,24.134515444437664,18.630053758621216
2019-11-01,2019,11,Garissa,131.87077,chirps-v2.0.2019.11.tif,200.06319999694824,221.0976119041443,66.68773333231609,36.84960198402405
2019-12-01,2019,12,Garissa,34.55174,chirps-v2.0.2019.12.tif,224.65786361694336,250.23166847229004,74.88595453898112,41.705278078715004
2020-01-01,2020,1,Garissa,17.585268,chirps-v2.0.2020.01.tif,184.00778007507324,256.41132640838623,61.33592669169108,42.73522106806437
2020-02-01,2020,2,Garissa,3.5605633,chirps-v2.0.2020.02.tif,55.69757008552551,255.76077008247375,18.56585669517517,42.62679501374563
2020-03-01,2020,3,Garissa,23.511753,chirps-v2.0.2020.03.tif,44.65758442878723,269.3154480457306,14.885861476262411,44.885908007621765
2020-04-01,2020,4,Garissa,68.15662,chirps-v2.0.2020.04.tif,95.22893261909485,279.2367126941681,31.742977539698284,46.53945211569468
2020-05-01,2020,5,Garissa,18.769821,chirps-v2.0.2020.05.tif,110.43819046020508,166.1357605457306,36.812730153401695,27.689293424288433
2020-06-01,2020,6,Garissa,8.4169035,chirps-v2.0.2020.06.tif,95.34334087371826,140.0009253025055,31.781113624572754,23.333487550417583
2020-07-01,2020,7,Garissa,23.750137,chirps-v2.0.2020.07.tif,50.936861991882324,146.16579461097717,16.97895399729411,24.360965768496197
2020-08-01,2020,8,Garissa,3.4788816,chirps-v2.0.2020.08.tif,35.64592242240906,146.08411288261414,11.881974140803019,24.347352147102356
2020-09-01,2020,9,Garissa,4.5355854,chirps-v2.0.2020.09.tif,31.764604330062866,127.10794520378113,10.588201443354288,21.18465753396352
2020-10-01,2020,10,Garissa,12.45604,chirps-v2.0.2020.10.tif,20.470507383346558,71.40736937522888,6.8235024611155195,11.901228229204813
2020-11-01,2020,11,Garissa,28.460913,chirps-v2.0.2020.11.tif,45.45253849029541,81.09846091270447,15.150846163431803,13.51641015211741
2020-12-01,2020,12,Garissa,13.692744,chirps-v2.0.2020.12.tif,54.609697341918945,86.37430167198181,18.203232447306316,14.395716945330301
2021-01-01,2021,1,Garissa,2.1492,chirps-v2.0.2021.01.tif,44.30285692214966,64.77336430549622,14.767618974049887,10.795560717582703
2021-02-01,2021,2,Garissa,1.7793281,chirps-v2.0.2021.02.tif,17.621272325515747,63.07381081581116,5.873757441838582,10.512301802635193
2021-03-01,2021,3,Garissa,5.8774195,chirps-v2.0.2021.03.tif,9.805947542190552,64.4156448841095,3.268649180730184,10.73594081401825
2021-04-01,2021,4,Garissa,25.031385,chirps-v2.0.2021.04.tif,32.688133001327515,76.99098992347717,10.896044333775839,12.831831653912863
2021-05-01,2021,5,Garissa,10.367426,chirps-v2.0.2021.05.tif,41.276230812072754,58.8975031375885,13.758743604024252,9.816250522931417
2021-06-01,2021,6,Garissa,7.7101912,chirps-v2.0.2021.06.tif,43.10900259017944,52.914950132369995,14.369667530059814,8.819158355394999
2021-07-01,2021,7,Garissa,6.062856,chirps-v2.0.2021.07.tif,24.14047336578369,56.828606367111206,8.04682445526123,9.471434394518534
2021-08-01,2021,8,Garissa,2.6218596,chirps-v2.0.2021.08.tif,16.394906997680664,57.67113780975342,5.464968999226888,9.61185630162557
2021-09-01,2021,9,Garissa,4.406774,chirps-v2.0.2021.09.tif,13.091489791870117,56.20049238204956,4.363829930623372,9.366748730341593
2021-10-01,2021,10,Garissa,5.873425,chirps-v2.0.2021.10.tif,12.902058601379395,37.042531967163086,4.300686200459798,6.173755327860515
2021-11-01,2021,11,Garissa,27.447886,chirps-v2.0.2021.11.tif,37.728084564208984,54.12299156188965,12.576028188069662,9.020498593648275
2021-12-01,2021,12,Garissa,63.756386,chirps-v2.0.2021.12.tif,97.07769632339478,110.16918611526489,32.359232107798256,18.361531019210815
2022-01-01,2022,1,Garissa,3.2852528,chirps-v2.0.2022.01.tif,94.48952412605286,107.39158272743225,31.49650804201762,17.89859712123871
2022-02-01,2022,2,Garissa,2.090823,chirps-v2.0.2022.02.tif,69.13246154785156,106.86054611206055,23.044153849283855,17.810091018676758
2022-03-01,2022,3,Garissa,5.228522,chirps-v2.0.2022.03.tif,10.604597568511963,107.68229389190674,3.5348658561706543,17.947048981984455
2022-04-01,2022,4,Garissa,21.548056,chirps-v2.0.2022.04.tif,28.867400407791138,123.356924533844,9.622466802597046,20.55948742230733
2022-05-01,2022,5,Garissa,20.68986,chirps-v2.0.2022.05.tif,47.46643686294556,116.59889841079712,15.822145620981852,19.433149735132854
2022-06-01,2022,6,Garissa,7.0958076,chirps-v2.0.2022.06.tif,49.33372259140015,59.93832015991211,16.44457419713338,9.989720026652018
2022-07-01,2022,7,Garissa,6.6231465,chirps-v2.0.2022.07.tif,34.4088134765625,63.27621388435364,11.4696044921875,10.546035647392273
2022-08-01,2022,8,Garissa,2.5040581,chirps-v2.0.2022.08.tif,16.2230122089386,63.689449071884155,5.407670736312866,10.61490817864736
2022-09-01,2022,9,Garissa,4.945143,chirps-v2.0.2022.09.tif,14.07234787940979,63.40607047080994,4.69078262646993,10.567678411801657
2022-10-01,2022,10,Garissa,9.549426,chirps-v2.0.2022.10.tif,16.998627424240112,51.40744090080261,5.666209141413371,8.567906816800436
2022-11-01,2022,11,Garissa,49.432804,chirps-v2.0.2022.11.tif,63.92737340927124,80.15038561820984,21.30912446975708,13.358397603034973
2022-12-01,2022,12,Garissa,10.753434,chirps-v2.0.2022.12.tif,69.73566436767578,83.80801224708557,23.245221455891926,13.96800204118093
2023-01-01,2023,1,Garissa,2.4699001,chirps-v2.0.2023.01.tif,62.65613842010498,79.65476584434509,20.885379473368328,13.275794307390848
2023-02-01,2023,2,Garissa,1.611275,chirps-v2.0.2023.02.tif,14.834609270095825,78.76198267936707,4.944869756698608,13.126997113227844
2023-03-01,2023,3,Garissa,24.104294,chirps-v2.0.2023.03.tif,28.185468912124634,97.92113327980042,9.395156304041544,16.320188879966736
2023-04-01,2023,4,Garissa,90.835846,chirps-v2.0.2023.04.tif,116.55141472816467,179.20755314826965,38.85047157605489,29.86792552471161
2023-05-01,2023,5,Garissa,9.014589,chirps-v2.0.2023.05.tif,123.9547290802002,138.78933835029602,41.3182430267334,23.131556391716003
2023-06-01,2023,6,Garissa,5.3623977,chirps-v2.0.2023.06.tif,105.21283292770386,133.3983018398285,35.07094430923462,22.23305030663808
2023-07-01,2023,7,Garissa,6.7168045,chirps-v2.0.2023.07.tif,21.093791484832764,137.64520621299744,7.031263828277588,22.94086770216624
2023-08-01,2023,8,Garissa,4.1767488,chirps-v2.0.2023.08.tif,16.255950927734375,140.21068000793457,5.418650309244792,23.368446667989094
2023-09-01,2023,9,Garissa,5.2074623,chirps-v2.0.2023.09.tif,16.10101556777954,121.3138484954834,5.367005189259847,20.218974749247234
2023-10-01,2023,10,Garissa,20.137472,chirps-v2.0.2023.10.tif,29.52168321609497,50.615474700927734,9.840561072031656,8.435912450154623
2023-11-01,2023,11,Garissa,112.40174,chirps-v2.0.2023.11.tif,137.746675491333,154.00262641906738,45.915558497111,25.6671044031779
2023-12-01,2023,12,Garissa,30.334648,chirps-v2.0.2023.12.tif,162.8738613128662,178.97487688064575,54.291287104288735,29.829146146774292
2024-01-01,2024,1,Garissa,4.0103025,chirps-v2.0.2024.01.tif,146.7466917037964,176.26837491989136,48.915563901265465,29.37806248664856
2024-02-01,2024,2,Garissa,3.2126231,chirps-v2.0.2024.02.tif,37.5575737953186,175.3042492866516,12.519191265106201,29.2173748811086
2024-03-01,2024,3,Garissa,8.927743,chirps-v2.0.2024.03.tif,16.150668621063232,179.02452993392944,5.383556207021077,29.837421655654907
2024-04-01,2024,4,Garissa,60.056553,chirps-v2.0.2024.04.tif,72.19691896438599,218.94361066818237,24.06563965479533,36.490601778030396
2024-05-01,2024,5,Garissa,23.562174,chirps-v2.0.2024.05.tif,92.54646968841553,130.10404348373413,30.848823229471844,21.68400724728902
2024-06-01,2024,6,Garissa,5.9595113,chirps-v2.0.2024.06.tif,89.5782380104065,105.72890663146973,29.859412670135498,17.62148443857829
2024-07-01,2024,7,Garissa,6.958182,chirps-v2.0.2024.07.tif,36.47986698150635,108.67678594589233,12.159955660502115,18.112797657648724
2024-08-01,2024,8,Garissa,5.361094,chirps-v2.0.2024.08.tif,18.27878713607788,110.82525682449341,6.092929045359294,18.47087613741557
2024-09-01,2024,9,Garissa,3.5752559,chirps-v2.0.2024.09.tif,15.894531726837158,105.47276973724365,5.298177242279053,17.578794956207275
2024-10-01,2024,10,Garissa,5.565401,chirps-v2.0.2024.10.tif,14.501750946044922,50.98161792755127,4.833916982014974,8.496936321258545
2024-11-01,2024,11,Garissa,80.45414,chirps-v2.0.2024.11.tif,89.59479665756226,107.87358379364014,29.86493221918742,17.978930632273357
2024-12-01,2024,12,Garissa,8.902129,chirps-v2.0.2024.12.tif,94.92166996002197,110.81620168685913,31.640556653340656,18.469366947809856
2025-01-01,2025,1,Garissa,1.5318428,chirps-v2.0.2025.01.tif,90.8881117105484,105.38986265659332,30.296037236849468,17.56497710943222
2025-02-01,2025,2,Garissa,1.4780604,chirps-v2.0.2025.02.tif,11.91203236579895,101.5068290233612,3.970677455266317,16.917804837226868
2025-03-01,2025,3,Garissa,31.06807,chirps-v2.0.2025.03.tif,34.077972650527954,128.99964261054993,11.359324216842651,21.499940435091656
2025-04-01,2025,4,Garissa,40.27467,chirps-v2.0.2025.04.tif,72.82079946994781,163.70891118049622,24.273599823315937,27.284818530082703
2025-05-01,2025,5,Garissa,18.722694,chirps-v2.0.2025.05.tif,90.06543350219727,101.97746586799622,30.02181116739909,16.996244311332703
2025-06-01,2025,6,Garissa,21.80736,chirps-v2.0.2025.06.tif,80.80472373962402,114.88269639015198,26.934907913208008,19.14711606502533
2025-07-01,2025,7,Garissa,5.2826805,chirps-v2.0.2025.07.tif,45.812734603881836,118.63353407382965,15.27091153462728,19.772255678971607
2025-08-01,2025,8,Garissa,2.9427936,chirps-v2.0.2025.08.tif,30.03283381462097,120.09826731681824,10.010944604873657,20.01637788613637
2025-09-01,2025,9,Garissa,5.645407,chirps-v2.0.2025.09.tif,13.87088131904602,94.67560505867004,4.623627106348674,15.779267509778341
2025-10-01,2025,10,Garissa,13.654863,chirps-v2.0.2025.10.tif,22.243064165115356,68.05579876899719,7.414354721705119,11.342633128166199
2025-11-01,2025,11,Garissa,26.818632,chirps-v2.0.2025.11.tif,46.11890268325806,76.15173649787903,15.37296756108602,12.691956082979837
2025-12-01,2025,12,Garissa,16.88813,chirps-v2.0.2025.12.tif,57.36162567138672,71.23250699043274,19.12054189046224,11.872084498405457
2026-01-01,2026,1,Garissa,1.6654311,chirps-v2.0.2026.01.tif,45.372193455696106,67.61525762081146,15.124064485232035,11.269209603468576
2026-02-01,2026,2,Garissa,2.870412,chirps-v2.0.2026.02.tif,21.423973441123962,67.54287612438202,7.141324480374654,11.257146020730337
2019-01-01,2019,1,Isiolo,4.558505,chirps-v2.0.2019.01.tif,4.558505058288574,4.558505058288574,4.558505058288574,4.558505058288574
2019-02-01,2019,2,Isiolo,3.2640584,chirps-v2.0.2019.02.tif,7.822563409805298,7.822563409805298,3.911281704902649,3.911281704902649
2019-03-01,2019,3,Isiolo,5.648208,chirps-v2.0.2019.03.tif,13.470771551132202,13.470771551132202,4.490257183710734,4.490257183710734
2019-04-01,2019,4,Isiolo,21.9755,chirps-v2.0.2019.04.tif,30.88776659965515,35.446271657943726,10.29592219988505,8.861567914485931
2019-05-01,2019,5,Isiolo,3.6799283,chirps-v2.0.2019.05.tif,31.30363655090332,39.12619996070862,10.434545516967773,7.825239992141723
2019-06-01,2019,6,Isiolo,0.93622947,chirps-v2.0.2019.06.tif,26.591657876968384,40.062429428100586,8.863885958989462,6.677071571350098
2019-07-01,2019,7,Isiolo,0.63887733,chirps-v2.0.2019.07.tif,5.255035102367401,36.14280170202255,1.7516783674558003,6.023800283670425
2019-08-01,2019,8,Isiolo,0.37484175,chirps-v2.0.2019.08.tif,1.9499485492706299,33.25358510017395,0.6499828497568766,5.542264183362325
2019-09-01,2019,9,Isiolo,0.78810173,chirps-v2.0.2019.09.tif,1.8018208146095276,28.39347869157791,0.6006069382031759,4.732246448596318
2019-10-01,2019,10,Isiolo,43.800125,chirps-v2.0.2019.10.tif,44.9630686044693,50.2181037068367,14.9876895348231,8.36968395113945
2019-11-01,2019,11,Isiolo,64.899994,chirps-v2.0.2019.11.tif,109.48822075128555,111.43816930055618,36.49607358376185,18.573028216759365
2019-12-01,2019,12,Isiolo,30.016506,chirps-v2.0.2019.12.tif,138.71662521362305,140.51844602823257,46.23887507120768,23.41974100470543
2020-01-01,2020,1,Isiolo,12.530038,chirps-v2.0.2020.01.tif,107.44653797149658,152.40960657596588,35.81551265716553,25.401601095994312
2020-02-01,2020,2,Isiolo,5.2746415,chirps-v2.0.2020.02.tif,47.82118558883667,157.30940634012222,15.94039519627889,26.21823439002037
2020-03-01,2020,3,Isiolo,23.891497,chirps-v2.0.2020.03.tif,41.696176052093506,180.41280126571655,13.898725350697836,30.06880021095276
2020-04-01,2020,4,Isiolo,68.572266,chirps-v2.0.2020.04.tif,97.73840379714966,205.18494176864624,32.57946793238322,34.197490294774376
2020-05-01,2020,5,Isiolo,3.5042925,chirps-v2.0.2020.05.tif,95.96805477142334,143.78924036026,31.989351590474445,23.964873393376667
2020-06-01,2020,6,Isiolo,0.9979426,chirps-v2.0.2020.06.tif,73.07450073957443,114.77067679166794,24.35816691319148,19.128446131944656
2020-07-01,2020,7,Isiolo,0.7762971,chirps-v2.0.2020.07.tif,5.2785322070121765,103.01693600416183,1.7595107356707256,17.169489334026974
2020-08-01,2020,8,Isiolo,0.79083717,chirps-v2.0.2020.08.tif,2.5650768876075745,98.53313165903091,0.8550256292025248,16.422188609838486
2020-09-01,2020,9,Isiolo,0.57978755,chirps-v2.0.2020.09.tif,2.1469218134880066,75.22142255306244,0.7156406044960022,12.53690375884374
2020-10-01,2020,10,Isiolo,14.96555,chirps-v2.0.2020.10.tif,16.33617514371872,21.614707350730896,5.4453917145729065,3.602451225121816
2020-11-01,2020,11,Isiolo,13.858993,chirps-v2.0.2020.11.tif,29.404330551624298,31.969407439231873,9.8014435172081,5.328234573205312
2020-12-01,2020,12,Isiolo,12.28435,chirps-v2.0.2020.12.tif,41.108893394470215,43.25581520795822,13.702964464823404,7.209302534659703
2021-01-01,2021,1,Isiolo,3.6857092,chirps-v2.0.2021.01.tif,29.829052209854126,46.165227353572845,9.943017403284708,7.694204558928807
2021-02-01,2021,2,Isiolo,2.9058967,chirps-v2.0.2021.02.tif,18.875956296920776,48.280286848545074,6.291985432306926,8.046714474757513
2021-03-01,2021,3,Isiolo,6.906756,chirps-v2.0.2021.03.tif,13.498361825942993,54.60725522041321,4.499453941980998,9.1012092034022
2021-04-01,2021,4,Isiolo,17.009169,chirps-v2.0.2021.04.tif,26.821821212768555,56.65087342262268,8.940607070922852,9.44181223710378
2021-05-01,2021,5,Isiolo,6.392848,chirps-v2.0.2021.05.tif,30.308772563934326,49.1847288608551,10.10292418797811,8.197454810142517
2021-06-01,2021,6,Isiolo,0.21956387,chirps-v2.0.2021.06.tif,23.62158051133156,37.11994233727455,7.8738601704438524,6.186657056212425
2021-07-01,2021,7,Isiolo,0.6211094,chirps-v2.0.2021.07.tif,7.2335213124752045,34.05534252524376,2.411173770825068,5.67589042087396
2021-08-01,2021,8,Isiolo,0.26037621,chirps-v2.0.2021.08.tif,1.1010495126247406,31.409822076559067,0.3670165042082469,5.234970346093178
2021-09-01,2021,9,Isiolo,0.43853006,chirps-v2.0.2021.09.tif,1.320015698671341,24.9415962100029,0.44000523289044696,4.15693270166715
2021-10-01,2021,10,Isiolo,6.4123363,chirps-v2.0.2021.10.tif,7.11124262213707,14.344763934612274,2.370414207379023,2.3907939891020455
2021-11-01,2021,11,Isiolo,16.970224,chirps-v2.0.2021.11.tif,23.821090787649155,24.922140300273895,7.940363595883052,4.1536900500456495
2021-12-01,2021,12,Isiolo,34.088776,chirps-v2.0.2021.12.tif,57.471336364746094,58.791352063417435,19.15711212158203,9.798558677236239
2022-01-01,2022,1,Isiolo,5.265276,chirps-v2.0.2022.01.tif,56.324275970458984,63.435518592596054,18.77475865681966,10.572586432099342
2022-02-01,2022,2,Isiolo,2.6482286,chirps-v2.0.2022.02.tif,42.00228023529053,65.82337102293968,14.000760078430176,10.970561837156614
2022-03-01,2022,3,Isiolo,5.1315117,chirps-v2.0.2022.03.tif,13.045016288757324,70.51635265350342,4.348338762919108,11.75272544225057
2022-04-01,2022,4,Isiolo,24.11234,chirps-v2.0.2022.04.tif,31.892081260681152,88.21635723114014,10.630693753560385,14.702726205190023
2022-05-01,2022,5,Isiolo,3.954524,chirps-v2.0.2022.05.tif,33.19837665557861,75.20065689086914,11.066125551859537,12.533442815144857
2022-06-01,2022,6,Isiolo,0.22437146,chirps-v2.0.2022.06.tif,28.29123643040657,41.336252719163895,9.430412143468857,6.889375453193982
2022-07-01,2022,7,Isiolo,0.75261956,chirps-v2.0.2022.07.tif,4.931515067815781,36.82359632849693,1.6438383559385936,6.137266054749489
2022-08-01,2022,8,Isiolo,0.4785103,chirps-v2.0.2022.08.tif,1.4555013179779053,34.65387797355652,0.4851671059926351,5.775646328926086
2022-09-01,2022,9,Isiolo,0.47692108,chirps-v2.0.2022.09.tif,1.708050936460495,29.999287366867065,0.5693503121534983,4.999881227811177
2022-10-01,2022,10,Isiolo,4.7774897,chirps-v2.0.2022.10.tif,5.7329210340976715,10.664436101913452,1.9109736780325572,1.7774060169855754
2022-11-01,2022,11,Isiolo,25.410961,chirps-v2.0.2022.11.tif,30.665371894836426,32.12087321281433,10.221790631612143,5.353478868802388
2022-12-01,2022,12,Isiolo,15.223699,chirps-v2.0.2022.12.tif,45.41214942932129,47.120200365781784,15.137383143107096,7.853366727630298
2023-01-01,2023,1,Isiolo,3.6161163,chirps-v2.0.2023.01.tif,44.250776052474976,49.98369708657265,14.750258684158325,8.330616181095442
2023-02-01,2023,2,Isiolo,1.7170416,chirps-v2.0.2023.02.tif,20.556856513023376,51.2222284078598,6.8522855043411255,8.537038067976633
2023-03-01,2023,3,Isiolo,28.997374,chirps-v2.0.2023.03.tif,34.33053147792816,79.74268090724945,11.443510492642721,13.290446817874908
2023-04-01,2023,4,Isiolo,84.85889,chirps-v2.0.2023.04.tif,115.57330191135406,159.82407796382904,38.524433970451355,26.63734632730484
2023-05-01,2023,5,Isiolo,3.8052294,chirps-v2.0.2023.05.tif,117.66148972511292,138.2183462381363,39.220496575037636,23.03639103968938
2023-06-01,2023,6,Isiolo,0.5389681,chirps-v2.0.2023.06.tif,89.20308423042297,123.53361570835114,29.73436141014099,20.588935951391857
2023-07-01,2023,7,Isiolo,0.9356258,chirps-v2.0.2023.07.tif,5.279823303222656,120.85312521457672,1.7599411010742188,20.142187535762787
2023-08-01,2023,8,Isiolo,0.37400302,chirps-v2.0.2023.08.tif,1.8485969007015228,119.51008662581444,0.6161989669005076,19.918347770969074
2023-09-01,2023,9,Isiolo,0.53985155,chirps-v2.0.2023.09.tif,1.8494803607463837,91.05256459116936,0.6164934535821279,15.175427431861559
2023-10-01,2023,10,Isiolo,19.888622,chirps-v2.0.2023.10.tif,20.802476853132248,26.082300156354904,6.934158951044083,4.347050026059151
2023-11-01,2023,11,Isiolo,74.31144,chirps-v2.0.2023.11.tif,94.73991334438324,96.58851024508476,31.579971114794414,16.09808504084746
2023-12-01,2023,12,Isiolo,9.4044695,chirps-v2.0.2023.12.tif,103.60453128814697,105.45401164889336,34.53484376271566,17.57566860814889
2024-01-01,2024,1,Isiolo,5.2169094,chirps-v2.0.2024.01.tif,88.93281841278076,109.73529526591301,29.644272804260254,18.28921587765217
2024-02-01,2024,2,Isiolo,7.589804,chirps-v2.0.2024.02.tif,22.211183071136475,116.95109641551971,7.403727690378825,19.49184940258662
2024-03-01,2024,3,Isiolo,4.1020126,chirps-v2.0.2024.03.tif,16.90872621536255,120.51325750350952,5.636242071787517,20.085542917251587
2024-04-01,2024,4,Isiolo,60.045486,chirps-v2.0.2024.04.tif,71.73730325698853,160.6701216697693,23.912434418996174,26.778353611628216
2024-05-01,2024,5,Isiolo,10.726852,chirps-v2.0.2024.05.tif,74.87435150146484,97.08553457260132,24.95811716715495,16.180922428766888
2024-06-01,2024,6,Isiolo,0.21248107,chirps-v2.0.2024.06.tif,70.98481993377209,87.89354614913464,23.661606644590695,14.648924358189106
2024-07-01,2024,7,Isiolo,0.81973785,chirps-v2.0.2024.07.tif,11.759071335196495,83.49637459218502,3.9196904450654984,13.916062432030836
2024-08-01,2024,8,Isiolo,0.5348433,chirps-v2.0.2024.08.tif,1.5670622438192368,76.44141374528408,0.5223540812730789,12.740235624214014
2024-09-01,2024,9,Isiolo,0.3489388,chirps-v2.0.2024.09.tif,1.7035199701786041,72.68833990395069,0.5678399900595347,12.114723317325115
2024-10-01,2024,10,Isiolo,5.4531517,chirps-v2.0.2024.10.tif,6.336933821439743,18.096005156636238,2.1123112738132477,3.016000859439373
2024-11-01,2024,11,Isiolo,38.414444,chirps-v2.0.2024.11.tif,44.216534465551376,45.78359670937061,14.738844821850458,7.6305994515617686
2024-12-01,2024,12,Isiolo,4.812787,chirps-v2.0.2024.12.tif,48.68038272857666,50.383902698755264,16.226794242858887,8.397317116459211
2025-01-01,2025,1,Isiolo,1.9653592,chirps-v2.0.2025.01.tif,45.19259023666382,51.52952405810356,15.064196745554606,8.588254009683927
2025-02-01,2025,2,Isiolo,1.9510442,chirps-v2.0.2025.02.tif,8.729190468788147,52.94572493433952,2.909730156262716,8.824287489056587
2025-03-01,2025,3,Isiolo,29.739748,chirps-v2.0.2025.03.tif,33.65615141391754,82.3365341424942,11.218717137972513,13.7227556904157
2025-04-01,2025,4,Isiolo,39.91691,chirps-v2.0.2025.04.tif,71.60770046710968,116.8002907037735,23.86923348903656,19.466715117295582
2025-05-01,2025,5,Isiolo,6.447965,chirps-v2.0.2025.05.tif,76.10462141036987,84.83381187915802,25.36820713678996,14.138968646526337
2025-06-01,2025,6,Isiolo,0.3121754,chirps-v2.0.2025.06.tif,46.67704880237579,80.33320021629333,15.559016267458597,13.388866702715555
2025-07-01,2025,7,Isiolo,0.5705491,chirps-v2.0.2025.07.tif,7.330689609050751,78.93839007616043,2.4435632030169168,13.156398346026739
2025-08-01,2025,8,Isiolo,0.66366637,chirps-v2.0.2025.08.tif,1.5463908314704895,77.65101224184036,0.5154636104901632,12.94183537364006
2025-09-01,2025,9,Isiolo,0.5038381,chirps-v2.0.2025.09.tif,1.738053560256958,48.41510236263275,0.5793511867523193,8.06918372710546
2025-10-01,2025,10,Isiolo,14.146274,chirps-v2.0.2025.10.tif,15.313778102397919,22.64446771144867,5.104592700799306,3.7740779519081116
2025-11-01,2025,11,Isiolo,10.284872,chirps-v2.0.2025.11.tif,24.934983789920807,26.481374621391296,8.311661263306936,4.413562436898549
2025-12-01,2025,12,Isiolo,10.050401,chirps-v2.0.2025.12.tif,34.48154640197754,36.2195999622345,11.49384880065918,6.0365999937057495
2026-01-01,2026,1,Isiolo,1.4456596,chirps-v2.0.2026.01.tif,21.780932426452637,37.094710528850555,7.260310808817546,6.182451754808426
2026-02-01,2026,2,Isiolo,7.1797376,chirps-v2.0.2026.02.tif,18.675797939300537,43.610781729221344,6.225265979766846,7.268463621536891
2019-01-01,2019,1,Kajiado,8.523644,chirps-v2.0.2019.01.tif,8.52364444732666,8.52364444732666,8.52364444732666,8.52364444732666
2019-02-01,2019,2,Kajiado,9.597023,chirps-v2.0.2019.02.tif,18.120667457580566,18.120667457580566,9.060333728790283,9.060333728790283
2019-03-01,2019,3,Kajiado,7.5071917,chirps-v2.0.2019.03.tif,25.627859115600586,25.627859115600586,8.542619705200195,8.542619705200195
2019-04-01,2019,4,Kajiado,43.13908,chirps-v2.0.2019.04.tif,60.24329471588135,68.76693916320801,20.081098238627117,17.191734790802002
2019-05-01,2019,5,Kajiado,13.186199,chirps-v2.0.2019.05.tif,63.83247089385986,81.95313835144043,21.27749029795329,16.390627670288087
2019-06-01,2019,6,Kajiado,6.3915815,chirps-v2.0.2019.06.tif,62.7168607711792,88.34471988677979,20.905620257059734,14.724119981129965
2019-07-01,2019,7,Kajiado,1.7468777,chirps-v2.0.2019.07.tif,21.324658393859863,81.56795310974121,7.108219464619954,13.594658851623535
2019-08-01,2019,8,Kajiado,2.4213061,chirps-v2.0.2019.08.tif,10.559765338897705,74.39223623275757,3.5199217796325684,12.398706038792929
2019-09-01,2019,9,Kajiado,2.661776,chirps-v2.0.2019.09.tif,6.829959869384766,69.54682064056396,2.276653289794922,11.591136773427328
2019-10-01,2019,10,Kajiado,43.19771,chirps-v2.0.2019.10.tif,48.28079032897949,69.60544872283936,16.093596776326496,11.600908120473227
2019-11-01,2019,11,Kajiado,79.15805,chirps-v2.0.2019.11.tif,125.0175347328186,135.5773000717163,41.6725115776062,22.596216678619385
2019-12-01,2019,12,Kajiado,105.76151,chirps-v2.0.2019.12.tif,228.11727142333984,234.9472312927246,76.03909047444661,39.157871882120766
2020-01-01,2020,1,Kajiado,50.87979,chirps-v2.0.2020.01.tif,235.79935455322266,284.08014488220215,78.59978485107422,47.346690813700356
2020-02-01,2020,2,Kajiado,22.090315,chirps-v2.0.2020.02.tif,178.7316188812256,303.7491536140442,59.57720629374186,50.624858935674034
2020-03-01,2020,3,Kajiado,80.075714,chirps-v2.0.2020.03.tif,153.04582023620605,381.1630916595459,51.01527341206869,63.52718194325765
2020-04-01,2020,4,Kajiado,92.599396,chirps-v2.0.2020.04.tif,194.76542472839355,430.5647792816162,64.92180824279785,71.76079654693604
2020-05-01,2020,5,Kajiado,15.219829,chirps-v2.0.2020.05.tif,187.8949384689331,366.6265573501587,62.631646156311035,61.10442622502645
2020-06-01,2020,6,Kajiado,4.085971,chirps-v2.0.2020.06.tif,111.90519523620605,264.9510154724121,37.301731745402016,44.15850257873535
2020-07-01,2020,7,Kajiado,1.2856907,chirps-v2.0.2020.07.tif,20.591490149497986,215.35691487789154,6.863830049832662,35.892819146315254
2020-08-01,2020,8,Kajiado,1.3579198,chirps-v2.0.2020.08.tif,6.729581356048584,194.6245198249817,2.243193785349528,32.437419970830284
2020-09-01,2020,9,Kajiado,2.5113232,chirps-v2.0.2020.09.tif,5.15493369102478,117.06012892723083,1.7183112303415935,19.510021487871807
2020-10-01,2020,10,Kajiado,6.772906,chirps-v2.0.2020.10.tif,10.642148852348328,31.233639001846313,3.547382950782776,5.205606500307719
2020-11-01,2020,11,Kajiado,45.61269,chirps-v2.0.2020.11.tif,54.8969190120697,61.626500368118286,18.298973004023235,10.27108339468638
2020-12-01,2020,12,Kajiado,26.549051,chirps-v2.0.2020.12.tif,78.93464708328247,84.08958077430725,26.311549027760822,14.014930129051208
2021-01-01,2021,1,Kajiado,18.116121,chirps-v2.0.2021.01.tif,90.27786254882812,100.92001140117645,30.092620849609375,16.820001900196075
2021-02-01,2021,2,Kajiado,21.665518,chirps-v2.0.2021.02.tif,66.33069038391113,121.22760939598083,22.11023012797038,20.204601565996807
2021-03-01,2021,3,Kajiado,15.734265,chirps-v2.0.2021.03.tif,55.51590442657471,134.45055150985718,18.505301475524902,22.408425251642864
2021-04-01,2021,4,Kajiado,45.178425,chirps-v2.0.2021.04.tif,82.57820796966553,172.85607051849365,27.526069323221844,28.809345086415608
2021-05-01,2021,5,Kajiado,41.273846,chirps-v2.0.2021.05.tif,102.18653583526611,168.51722621917725,34.06217861175537,28.086204369862873
2021-06-01,2021,6,Kajiado,1.6658367,chirps-v2.0.2021.06.tif,88.11810719966888,143.6340116262436,29.37270239988963,23.939001937707264
2021-07-01,2021,7,Kajiado,1.6682262,chirps-v2.0.2021.07.tif,44.607908606529236,127.18611657619476,14.869302868843079,21.19768609603246
2021-08-01,2021,8,Kajiado,1.6595291,chirps-v2.0.2021.08.tif,4.993592023849487,107.1801278591156,1.6645306746164958,17.863354643185932
2021-09-01,2021,9,Kajiado,1.2282611,chirps-v2.0.2021.09.tif,4.556016445159912,92.6741236448288,1.5186721483866374,15.445687274138132
2021-10-01,2021,10,Kajiado,6.5998554,chirps-v2.0.2021.10.tif,9.487645626068115,54.09555423259735,3.162548542022705,9.015925705432892
2021-11-01,2021,11,Kajiado,39.025764,chirps-v2.0.2021.11.tif,46.85388100147247,51.84747302532196,15.617960333824158,8.641245504220327
2021-12-01,2021,12,Kajiado,40.85526,chirps-v2.0.2021.12.tif,86.48087882995605,91.03689527511597,28.82695960998535,15.172815879185995
2022-01-01,2022,1,Kajiado,14.930079,chirps-v2.0.2022.01.tif,94.81110286712646,104.29874849319458,31.60370095570882,17.383124748865765
2022-02-01,2022,2,Kajiado,23.855093,chirps-v2.0.2022.02.tif,79.64043140411377,126.49431240558624,26.546810468037922,21.08238540093104
2022-03-01,2022,3,Kajiado,14.220622,chirps-v2.0.2022.03.tif,53.005794525146484,139.48667335510254,17.668598175048828,23.24777889251709
2022-04-01,2022,4,Kajiado,43.54921,chirps-v2.0.2022.04.tif,81.624924659729,176.43602752685547,27.208308219909668,29.406004587809246
2022-05-01,2022,5,Kajiado,11.967585,chirps-v2.0.2022.05.tif,69.73741626739502,149.3778476715088,23.245805422465008,24.896307945251465
2022-06-01,2022,6,Kajiado,1.714534,chirps-v2.0.2022.06.tif,57.23132824897766,110.23712277412415,19.077109416325886,18.37285379568736
2022-07-01,2022,7,Kajiado,0.78176177,chirps-v2.0.2022.07.tif,14.46388041973114,96.08880507946014,4.821293473243713,16.01480084657669
2022-08-01,2022,8,Kajiado,1.0688033,chirps-v2.0.2022.08.tif,3.5650991201400757,73.3025153875351,1.1883663733800252,12.217085897922516
2022-09-01,2022,9,Kajiado,1.2672495,chirps-v2.0.2022.09.tif,3.117814540863037,60.3491427898407,1.0392715136210124,10.05819046497345
2022-10-01,2022,10,Kajiado,6.9731774,chirps-v2.0.2022.10.tif,9.309230208396912,23.77311062812805,3.1030767361323037,3.9621851046880088
2022-11-01,2022,11,Kajiado,42.32652,chirps-v2.0.2022.11.tif,50.566945910453796,54.13204503059387,16.855648636817932,9.022007505098978
2022-12-01,2022,12,Kajiado,25.611103,chirps-v2.0.2022.12.tif,74.91079950332642,78.02861404418945,24.970266501108807,13.004769007364908
2023-01-01,2023,1,Kajiado,8.114522,chirps-v2.0.2023.01.tif,76.05214405059814,85.36137425899506,25.350714683532715,14.22689570983251
2023-02-01,2023,2,Kajiado,2.6735709,chirps-v2.0.2023.02.tif,36.39919590950012,86.96614181995392,12.133065303166708,14.49435696999232
2023-03-01,2023,3,Kajiado,36.749065,chirps-v2.0.2023.03.tif,47.537158250808716,122.44795775413513,15.84571941693624,20.407992959022522
2023-04-01,2023,4,Kajiado,55.735886,chirps-v2.0.2023.04.tif,95.15852189064026,171.2106659412384,31.719507296880085,28.5351109902064
2023-05-01,2023,5,Kajiado,13.40459,chirps-v2.0.2023.05.tif,105.88954067230225,142.28873658180237,35.29651355743408,23.714789430300396
2023-06-01,2023,6,Kajiado,2.3638651,chirps-v2.0.2023.06.tif,71.50434041023254,119.04149866104126,23.834780136744182,19.84024977684021
2023-07-01,2023,7,Kajiado,0.6399977,chirps-v2.0.2023.07.tif,16.40845251083374,111.566974401474,5.469484170277913,18.594495733579
2023-08-01,2023,8,Kajiado,0.92619276,chirps-v2.0.2023.08.tif,3.930055618286133,109.81959629058838,1.310018539428711,18.303266048431396
2023-09-01,2023,9,Kajiado,2.4192085,chirps-v2.0.2023.09.tif,3.985399007797241,75.48973941802979,1.3284663359324138,12.581623236338297
2023-10-01,2023,10,Kajiado,11.544073,chirps-v2.0.2023.10.tif,14.889474391937256,31.297926902770996,4.963158130645752,5.216321150461833
2023-11-01,2023,11,Kajiado,95.80357,chirps-v2.0.2023.11.tif,109.76685523986816,113.6969108581543,36.58895174662272,18.949485143025715
2023-12-01,2023,12,Kajiado,27.09377,chirps-v2.0.2023.12.tif,134.44141578674316,138.4268147945404,44.81380526224772,23.07113579909007
2024-01-01,2024,1,Kajiado,51.112194,chirps-v2.0.2024.01.tif,174.00953674316406,188.89901113510132,58.00317891438802,31.483168522516888
2024-02-01,2024,2,Kajiado,20.384058,chirps-v2.0.2024.02.tif,98.59002113342285,208.35687637329102,32.86334037780762,34.72614606221517
2024-03-01,2024,3,Kajiado,50.60875,chirps-v2.0.2024.03.tif,122.10500144958496,256.5464172363281,40.701667149861656,42.75773620605469
2024-04-01,2024,4,Kajiado,120.472046,chirps-v2.0.2024.04.tif,191.46485328674316,365.4743900299072,63.82161776224772,60.91239833831787
2024-05-01,2024,5,Kajiado,53.83716,chirps-v2.0.2024.05.tif,224.91795349121094,323.5079746246338,74.97265116373698,53.9179957707723
2024-06-01,2024,6,Kajiado,4.4930015,chirps-v2.0.2024.06.tif,178.80220556259155,300.9072070121765,59.60073518753052,50.15120116869608
2024-07-01,2024,7,Kajiado,2.2325099,chirps-v2.0.2024.07.tif,60.56266951560974,252.0275228023529,20.187556505203247,42.00458713372549
2024-08-01,2024,8,Kajiado,0.8834691,chirps-v2.0.2024.08.tif,7.608980417251587,232.52693390846252,2.536326805750529,38.75448898474375
2024-09-01,2024,9,Kajiado,2.4002233,chirps-v2.0.2024.09.tif,5.516202211380005,184.31840777397156,1.8387340704600017,30.71973462899526
2024-10-01,2024,10,Kajiado,4.5373435,chirps-v2.0.2024.10.tif,7.821035861968994,68.38370537757874,2.6070119539896646,11.397284229596456
2024-11-01,2024,11,Kajiado,79.0676,chirps-v2.0.2024.11.tif,86.00516319274902,93.61414361000061,28.66838773091634,15.602357268333435
2024-12-01,2024,12,Kajiado,40.19204,chirps-v2.0.2024.12.tif,123.79697942733765,129.31318163871765,41.26565980911255,21.552196939786274
2025-01-01,2025,1,Kajiado,31.332243,chirps-v2.0.2025.01.tif,150.5918788909912,158.4129147529602,50.197292963663735,26.402152458826702
2025-02-01,2025,2,Kajiado,2.2845144,chirps-v2.0.2025.02.tif,73.8087968826294,159.81396007537842,24.602932294209797,26.63566001256307
2025-03-01,2025,3,Kajiado,84.528786,chirps-v2.0.2025.03.tif,118.1455430984497,241.94252252578735,39.38184769948324,40.32375375429789
2025-04-01,2025,4,Kajiado,60.612434,chirps-v2.0.2025.04.tif,147.4257345199585,298.0176134109497,49.14191150665283,49.66960223515829
2025-05-01,2025,5,Kajiado,25.989378,chirps-v2.0.2025.05.tif,171.1305980682373,244.9393949508667,57.04353268941244,40.82323249181112
2025-06-01,2025,6,Kajiado,3.2720149,chirps-v2.0.2025.06.tif,89.8738272190094,208.0193703174591,29.957942406336468,34.66989505290985
2025-07-01,2025,7,Kajiado,0.75624037,chirps-v2.0.2025.07.tif,30.017633199691772,177.44336771965027,10.00587773323059,29.57389461994171
2025-08-01,2025,8,Kajiado,2.5492094,chirps-v2.0.2025.08.tif,6.577464580535889,177.7080626487732,2.192488193511963,29.6180104414622
2025-09-01,2025,9,Kajiado,1.5639732,chirps-v2.0.2025.09.tif,4.869422912597656,94.74325013160706,1.6231409708658855,15.790541688601175
2025-10-01,2025,10,Kajiado,15.536529,chirps-v2.0.2025.10.tif,19.64971113204956,49.66734433174133,6.5499037106831866,8.277890721956888
2025-11-01,2025,11,Kajiado,14.071665,chirps-v2.0.2025.11.tif,31.17216658592224,37.74963116645813,10.390722195307413,6.291605194409688
2025-12-01,2025,12,Kajiado,49.37591,chirps-v2.0.2025.12.tif,78.98410511016846,83.85352802276611,26.32803503672282,13.975588003794352
2026-01-01,2026,1,Kajiado,3.9547987,chirps-v2.0.2026.01.tif,67.40237522125244,87.052086353302,22.46745840708415,14.508681058883667
2026-02-01,2026,2,Kajiado,82.80835,chirps-v2.0.2026.02.tif,136.13906002044678,167.31122660636902,45.37968667348226,27.885204434394836
2019-01-01,2019,1,Kilifi,13.76618,chirps-v2.0.2019.01.tif,13.766180038452148,13.766180038452148,13.766180038452148,13.766180038452148
2019-02-01,2019,2,Kilifi,2.9940372,chirps-v2.0.2019.02.tif,16.76021718978882,16.76021718978882,8.38010859489441,8.38010859489441
2019-03-01,2019,3,Kilifi,8.788883,chirps-v2.0.2019.03.tif,25.549100399017334,25.549100399017334,8.516366799672445,8.516366799672445
2019-04-01,2019,4,Kilifi,31.235142,chirps-v2.0.2019.04.tif,43.018062114715576,56.784242153167725,14.339354038238525,14.196060538291931
2019-05-01,2019,5,Kilifi,137.28633,chirps-v2.0.2019.05.tif,177.31035614013672,194.07057332992554,59.10345204671224,38.81411466598511
2019-06-01,2019,6,Kilifi,33.56091,chirps-v2.0.2019.06.tif,202.08238220214844,227.63148260116577,67.36079406738281,37.938580433527626
2019-07-01,2019,7,Kilifi,43.6416,chirps-v2.0.2019.07.tif,214.48884201049805,257.5069041252136,71.49628067016602,42.91781735420227
2019-08-01,2019,8,Kilifi,25.112461,chirps-v2.0.2019.08.tif,102.31497192382812,279.62532806396484,34.10499064127604,46.60422134399414
2019-09-01,2019,9,Kilifi,32.604195,chirps-v2.0.2019.09.tif,101.35825729370117,303.4406394958496,33.786085764567055,50.57343991597494
2019-10-01,2019,10,Kilifi,160.3643,chirps-v2.0.2019.10.tif,218.08095932006836,432.5698013305664,72.69365310668945,72.09496688842773
2019-11-01,2019,11,Kilifi,115.60165,chirps-v2.0.2019.11.tif,308.5701446533203,410.88511657714844,102.85671488444011,68.48085276285808
2019-12-01,2019,12,Kilifi,76.80056,chirps-v2.0.2019.12.tif,352.7665100097656,454.1247673034668,117.58883666992188,75.68746121724446
2020-01-01,2020,1,Kilifi,26.058813,chirps-v2.0.2020.01.tif,218.4610195159912,436.54197883605957,72.82033983866374,72.75699647267659
2020-02-01,2020,2,Kilifi,5.100023,chirps-v2.0.2020.02.tif,107.95939588546753,416.52954053878784,35.986465295155845,69.42159008979797
2020-03-01,2020,3,Kilifi,46.684307,chirps-v2.0.2020.03.tif,77.84314298629761,430.60965299606323,25.94771432876587,71.76827549934387
2020-04-01,2020,4,Kilifi,151.15146,chirps-v2.0.2020.04.tif,202.9357886314392,421.3968081474304,67.64526287714641,70.23280135790507
2020-05-01,2020,5,Kilifi,67.32265,chirps-v2.0.2020.05.tif,265.1584129333496,373.11780881881714,88.38613764444987,62.186301469802856
2020-06-01,2020,6,Kilifi,52.87699,chirps-v2.0.2020.06.tif,271.3510971069336,349.1942400932312,90.4503657023112,58.199040015538536
2020-07-01,2020,7,Kilifi,50.907055,chirps-v2.0.2020.07.tif,171.10669326782227,374.0424818992615,57.03556442260742,62.340413649876915
2020-08-01,2020,8,Kilifi,17.64779,chirps-v2.0.2020.08.tif,121.43183708190918,386.5902500152588,40.47727902730306,64.43170833587646
2020-09-01,2020,9,Kilifi,23.598879,chirps-v2.0.2020.09.tif,92.15372467041016,363.50482177734375,30.71790822347005,60.584136962890625
2020-10-01,2020,10,Kilifi,17.587809,chirps-v2.0.2020.10.tif,58.8344783782959,229.94117164611816,19.6114927927653,38.32352860768636
2020-11-01,2020,11,Kilifi,95.09198,chirps-v2.0.2020.11.tif,136.27866744995117,257.71050453186035,45.426222483317055,42.95175075531006
2020-12-01,2020,12,Kilifi,33.41319,chirps-v2.0.2020.12.tif,146.0929775238037,238.24670219421387,48.697659174601235,39.707783699035645
2021-01-01,2021,1,Kilifi,7.2916174,chirps-v2.0.2021.01.tif,135.79678630828857,194.63126468658447,45.26559543609619,32.43854411443075
2021-02-01,2021,2,Kilifi,6.344002,chirps-v2.0.2021.02.tif,47.048808097839355,183.32747554779053,15.682936032613119,30.554579257965088
2021-03-01,2021,3,Kilifi,7.9126115,chirps-v2.0.2021.03.tif,21.54823064804077,167.64120817184448,7.182743549346924,27.94020136197408
2021-04-01,2021,4,Kilifi,36.191334,chirps-v2.0.2021.04.tif,50.44794702529907,186.24473333358765,16.815982341766357,31.040788888931274
2021-05-01,2021,5,Kilifi,51.015965,chirps-v2.0.2021.05.tif,95.11990976333618,142.16871786117554,31.70663658777873,23.694786310195923
2021-06-01,2021,6,Kilifi,31.775717,chirps-v2.0.2021.06.tif,118.9830150604248,140.53124570846558,39.6610050201416,23.421874284744263
2021-07-01,2021,7,Kilifi,40.643047,chirps-v2.0.2021.07.tif,123.43472862243652,173.8826756477356,41.14490954081217,28.980445941289265
2021-08-01,2021,8,Kilifi,27.539158,chirps-v2.0.2021.08.tif,99.95792198181152,195.0778317451477,33.31930732727051,32.51297195752462
2021-09-01,2021,9,Kilifi,15.849697,chirps-v2.0.2021.09.tif,84.03190231323242,203.01491737365723,28.01063410441081,33.83581956227621
2021-10-01,2021,10,Kilifi,16.492857,chirps-v2.0.2021.10.tif,59.88171195983887,183.3164405822754,19.96057065327962,30.5527400970459
2021-11-01,2021,11,Kilifi,30.288246,chirps-v2.0.2021.11.tif,62.63080024719238,162.5887222290039,20.876933415730793,27.098120371500652
2021-12-01,2021,12,Kilifi,98.89886,chirps-v2.0.2021.12.tif,145.6799602508545,229.7118625640869,48.55998675028483,38.28531042734782
2022-01-01,2022,1,Kilifi,5.2924767,chirps-v2.0.2022.01.tif,134.4795799255371,194.36129188537598,44.8265266418457,32.39354864756266
2022-02-01,2022,2,Kilifi,5.162177,chirps-v2.0.2022.02.tif,109.35351085662842,171.9843111038208,36.45117028554281,28.6640518506368
2022-03-01,2022,3,Kilifi,12.265277,chirps-v2.0.2022.03.tif,22.71993064880371,168.3998908996582,7.573310216267903,28.066648483276367
2022-04-01,2022,4,Kilifi,50.626064,chirps-v2.0.2022.04.tif,68.05351829528809,202.5330982208252,22.684506098429363,33.755516370137535
2022-05-01,2022,5,Kilifi,74.98564,chirps-v2.0.2022.05.tif,137.8769826889038,247.23049354553223,45.958994229634605,41.20508225758871
2022-06-01,2022,6,Kilifi,41.304665,chirps-v2.0.2022.06.tif,166.9163703918457,189.6363010406494,55.638790130615234,31.60605017344157
2022-07-01,2022,7,Kilifi,54.511364,chirps-v2.0.2022.07.tif,170.8016700744629,238.85518836975098,56.93389002482096,39.80919806162516
2022-08-01,2022,8,Kilifi,26.149458,chirps-v2.0.2022.08.tif,121.96548652648926,259.84246921539307,40.65516217549642,43.30707820256551
2022-09-01,2022,9,Kilifi,14.720432,chirps-v2.0.2022.09.tif,95.38125419616699,262.2976245880127,31.793751398722332,43.716270764668785
2022-10-01,2022,10,Kilifi,15.297768,chirps-v2.0.2022.10.tif,56.16765785217285,226.96932792663574,18.72255261739095,37.82822132110596
2022-11-01,2022,11,Kilifi,68.18929,chirps-v2.0.2022.11.tif,98.20749282836914,220.1729793548584,32.73583094278971,36.695496559143066
2022-12-01,2022,12,Kilifi,19.349413,chirps-v2.0.2022.12.tif,102.83647346496582,198.2177276611328,34.27882448832194,33.03628794352213
2023-01-01,2023,1,Kilifi,6.485943,chirps-v2.0.2023.01.tif,94.02464866638184,150.1923065185547,31.341549555460613,25.03205108642578
2023-02-01,2023,2,Kilifi,2.4296021,chirps-v2.0.2023.02.tif,28.264957904815674,126.47245073318481,9.421652634938559,21.078741788864136
2023-03-01,2023,3,Kilifi,24.686695,chirps-v2.0.2023.03.tif,33.60224008560181,136.43871355056763,11.200746695200602,22.739785591761272
2023-04-01,2023,4,Kilifi,150.6211,chirps-v2.0.2023.04.tif,177.73739099502563,271.76203966140747,59.24579699834188,45.293673276901245
2023-05-01,2023,5,Kilifi,56.10999,chirps-v2.0.2023.05.tif,231.41777801513672,259.6827359199524,77.1392593383789,43.28045598665873
2023-06-01,2023,6,Kilifi,34.95131,chirps-v2.0.2023.06.tif,241.68239212036133,275.28463220596313,80.56079737345378,45.88077203432719
2023-07-01,2023,7,Kilifi,46.718655,chirps-v2.0.2023.07.tif,137.7799530029297,315.5173439979553,45.92665100097656,52.58622399965922
2023-08-01,2023,8,Kilifi,29.89702,chirps-v2.0.2023.08.tif,111.56698417663574,342.98476219177246,37.18899472554525,57.164127031962074
2023-09-01,2023,9,Kilifi,17.645088,chirps-v2.0.2023.09.tif,94.26076316833496,335.9431552886963,31.420254389444988,55.99052588144938
2023-10-01,2023,10,Kilifi,54.28241,chirps-v2.0.2023.10.tif,101.82451820373535,239.60447120666504,33.94150606791178,39.934078534444176
2023-11-01,2023,11,Kilifi,231.93489,chirps-v2.0.2023.11.tif,303.86238861083984,415.4293727874756,101.28746287027995,69.2382287979126
2023-12-01,2023,12,Kilifi,95.71803,chirps-v2.0.2023.12.tif,381.9353332519531,476.1960964202881,127.31177775065105,79.36601607004802
2024-01-01,2024,1,Kilifi,7.810633,chirps-v2.0.2024.01.tif,335.46355676651,437.28807497024536,111.82118558883667,72.88134582837422
2024-02-01,2024,2,Kilifi,4.291903,chirps-v2.0.2024.02.tif,107.82056903839111,411.68295764923096,35.94018967946371,68.61382627487183
2024-03-01,2024,3,Kilifi,40.19376,chirps-v2.0.2024.03.tif,52.29629611968994,434.23162937164307,17.432098706563313,72.37193822860718
2024-04-01,2024,4,Kilifi,68.409386,chirps-v2.0.2024.04.tif,112.89504861831665,448.35860538482666,37.63168287277222,74.72643423080444
2024-05-01,2024,5,Kilifi,50.22074,chirps-v2.0.2024.05.tif,158.8238868713379,266.644455909729,52.9412956237793,44.4407426516215
2024-06-01,2024,6,Kilifi,32.962852,chirps-v2.0.2024.06.tif,151.59297943115234,203.88927555084229,50.530993143717446,33.98154592514038
2024-07-01,2024,7,Kilifi,19.695501,chirps-v2.0.2024.07.tif,102.87909507751465,215.7741436958313,34.29303169250488,35.96235728263855
2024-08-01,2024,8,Kilifi,24.536402,chirps-v2.0.2024.08.tif,77.19475555419922,236.0186424255371,25.731585184733074,39.33644040425619
2024-09-01,2024,9,Kilifi,11.55718,chirps-v2.0.2024.09.tif,55.78908348083496,207.3820629119873,18.59636116027832,34.56367715199789
2024-10-01,2024,10,Kilifi,21.03141,chirps-v2.0.2024.10.tif,57.12499237060547,160.00408744812012,19.041664123535156,26.66734790802002
2024-11-01,2024,11,Kilifi,68.51057,chirps-v2.0.2024.11.tif,101.09915733337402,178.29391288757324,33.69971911112467,29.715652147928875
2024-12-01,2024,12,Kilifi,68.010666,chirps-v2.0.2024.12.tif,157.55264282226562,213.3417263031006,52.517547607421875,35.5569543838501
2025-01-01,2025,1,Kilifi,4.5121512,chirps-v2.0.2025.01.tif,141.03338384628296,198.15837621688843,47.011127948760986,33.02639603614807
2025-02-01,2025,2,Kilifi,2.0250103,chirps-v2.0.2025.02.tif,74.54782748222351,175.64698481559753,24.849275827407837,29.274497469266255
2025-03-01,2025,3,Kilifi,34.722675,chirps-v2.0.2025.03.tif,41.25983691215515,198.81247973442078,13.753278970718384,33.13541328907013
2025-04-01,2025,4,Kilifi,57.23714,chirps-v2.0.2025.04.tif,93.98482632637024,235.0182101726532,31.328275442123413,39.1697016954422
2025-05-01,2025,5,Kilifi,77.493835,chirps-v2.0.2025.05.tif,169.45365142822266,244.00147891044617,56.48455047607422,40.66691315174103
2025-06-01,2025,6,Kilifi,49.097485,chirps-v2.0.2025.06.tif,183.82846069335938,225.08829760551453,61.276153564453125,37.514716267585754
2025-07-01,2025,7,Kilifi,19.685875,chirps-v2.0.2025.07.tif,146.27719497680664,240.26202130317688,48.75906499226888,40.043670217196144
2025-08-01,2025,8,Kilifi,24.969864,chirps-v2.0.2025.08.tif,93.75322341918945,263.2068748474121,31.251074473063152,43.86781247456869
2025-09-01,2025,9,Kilifi,16.066809,chirps-v2.0.2025.09.tif,60.72254753112793,244.5510082244873,20.240849177042644,40.75850137074789
2025-10-01,2025,10,Kilifi,28.593798,chirps-v2.0.2025.10.tif,69.6304702758789,215.90766525268555,23.2101567586263,35.98461087544759
2025-11-01,2025,11,Kilifi,14.183275,chirps-v2.0.2025.11.tif,58.843881607055664,152.59710502624512,19.614627202351887,25.43285083770752
2025-12-01,2025,12,Kilifi,19.437685,chirps-v2.0.2025.12.tif,62.21475791931152,122.93730545043945,20.738252639770508,20.489550908406574
2026-01-01,2026,1,Kilifi,3.0039284,chirps-v2.0.2026.01.tif,36.62488865852356,106.25535893440247,12.208296219507853,17.709226489067078
2026-02-01,2026,2,Kilifi,7.7894783,chirps-v2.0.2026.02.tif,30.231091737747192,89.07497334480286,10.077030579249064,14.845828890800476
2019-01-01,2019,1,Kitui,9.86318,chirps-v2.0.2019.01.tif,9.863180160522461,9.863180160522461,9.863180160522461,9.863180160522461
2019-02-01,2019,2,Kitui,7.6854115,chirps-v2.0.2019.02.tif,17.54859161376953,17.54859161376953,8.774295806884766,8.774295806884766
2019-03-01,2019,3,Kitui,6.4204426,chirps-v2.0.2019.03.tif,23.96903419494629,23.96903419494629,7.989678064982097,7.989678064982097
2019-04-01,2019,4,Kitui,50.07067,chirps-v2.0.2019.04.tif,64.1765251159668,74.03970527648926,21.392175038655598,18.509926319122314
2019-05-01,2019,5,Kitui,12.217414,chirps-v2.0.2019.05.tif,68.70852756500244,86.25711917877197,22.90284252166748,17.251423835754395
2019-06-01,2019,6,Kitui,2.934999,chirps-v2.0.2019.06.tif,65.22308397293091,89.1921181678772,21.74102799097697,14.865353027979532
2019-07-01,2019,7,Kitui,7.0020647,chirps-v2.0.2019.07.tif,22.15447759628296,86.33100271224976,7.384825865427653,14.388500452041626
2019-08-01,2019,8,Kitui,6.71935,chirps-v2.0.2019.08.tif,16.656413555145264,85.3649411201477,5.552137851715088,14.227490186691284
2019-09-01,2019,9,Kitui,5.2204294,chirps-v2.0.2019.09.tif,18.94184398651123,84.16492795944214,6.313947995503743,14.027487993240356
2019-10-01,2019,10,Kitui,98.21698,chirps-v2.0.2019.10.tif,110.15675926208496,132.31123685836792,36.71891975402832,22.051872809727985
2019-11-01,2019,11,Kitui,180.69286,chirps-v2.0.2019.11.tif,284.1302652359009,300.78667879104614,94.71008841196696,50.131113131841026
2019-12-01,2019,12,Kitui,141.61766,chirps-v2.0.2019.12.tif,420.5274963378906,439.46934032440186,140.17583211263022,73.24489005406697
2020-01-01,2020,1,Kitui,35.35431,chirps-v2.0.2020.01.tif,357.6648254394531,467.8215847015381,119.2216084798177,77.97026411692302
2020-02-01,2020,2,Kitui,16.646929,chirps-v2.0.2020.02.tif,193.61889839172363,477.7491636276245,64.53963279724121,79.62486060460408
2020-03-01,2020,3,Kitui,82.59394,chirps-v2.0.2020.03.tif,134.59517860412598,555.1226749420166,44.86505953470866,92.52044582366943
2020-04-01,2020,4,Kitui,105.08227,chirps-v2.0.2020.04.tif,204.3231372833252,561.9879627227783,68.10771242777507,93.66466045379639
2020-05-01,2020,5,Kitui,11.377108,chirps-v2.0.2020.05.tif,199.053316116333,392.67221450805664,66.35110537211101,65.4453690846761
2020-06-01,2020,6,Kitui,3.1702912,chirps-v2.0.2020.06.tif,119.62966656684875,254.22484517097473,39.87655552228292,42.37080752849579
2020-07-01,2020,7,Kitui,9.123494,chirps-v2.0.2020.07.tif,23.67089295387268,227.99403023719788,7.8902976512908936,37.99900503953298
2020-08-01,2020,8,Kitui,5.319627,chirps-v2.0.2020.08.tif,17.613412141799927,216.66672825813293,5.871137380599976,36.11112137635549
2020-09-01,2020,9,Kitui,4.5341525,chirps-v2.0.2020.09.tif,18.97727346420288,138.60694003105164,6.32575782140096,23.101156671841938
2020-10-01,2020,10,Kitui,13.063625,chirps-v2.0.2020.10.tif,22.917404651641846,46.588297605514526,7.639134883880615,7.764716267585754
2020-11-01,2020,11,Kitui,94.71386,chirps-v2.0.2020.11.tif,112.31163740158081,129.92504954338074,37.4372124671936,21.65417492389679
2020-12-01,2020,12,Kitui,50.014824,chirps-v2.0.2020.12.tif,157.79230880737305,176.76958227157593,52.59743626912435,29.461597045262653
2021-01-01,2021,1,Kitui,6.6453595,chirps-v2.0.2021.01.tif,151.3740429878235,174.29144763946533,50.4580143292745,29.048574606577557
2021-02-01,2021,2,Kitui,8.922866,chirps-v2.0.2021.02.tif,65.58304929733276,177.89468669891357,21.861016432444256,29.649114449818928
2021-03-01,2021,3,Kitui,11.854792,chirps-v2.0.2021.03.tif,27.423017024993896,185.21532583236694,9.141005674997965,30.869220972061157
2021-04-01,2021,4,Kitui,64.73788,chirps-v2.0.2021.04.tif,85.51553440093994,236.88957738876343,28.50517813364665,39.48159623146057
2021-05-01,2021,5,Kitui,28.556772,chirps-v2.0.2021.05.tif,105.14944076538086,170.73249006271362,35.04981358846029,28.45541501045227
2021-06-01,2021,6,Kitui,1.5789114,chirps-v2.0.2021.06.tif,94.87356054782867,122.29657757282257,31.624520182609558,20.38276292880376
2021-07-01,2021,7,Kitui,6.450969,chirps-v2.0.2021.07.tif,36.586652874946594,122.10218727588654,12.19555095831553,20.35036454598109
2021-08-01,2021,8,Kitui,4.506271,chirps-v2.0.2021.08.tif,12.53615152835846,117.68559229373932,4.178717176119487,19.614265382289886
2021-09-01,2021,9,Kitui,3.4198897,chirps-v2.0.2021.09.tif,14.377129793167114,109.25069034099579,4.792376597722371,18.208448390165966
2021-10-01,2021,10,Kitui,13.142409,chirps-v2.0.2021.10.tif,21.068569898605347,57.65522277355194,7.022856632868449,9.60920379559199
2021-11-01,2021,11,Kitui,59.53339,chirps-v2.0.2021.11.tif,76.09568905830383,88.63184058666229,25.365229686101276,14.771973431110382
2021-12-01,2021,12,Kitui,118.80171,chirps-v2.0.2021.12.tif,191.47751140594482,205.85464119911194,63.82583713531494,34.309106866518654
2022-01-01,2022,1,Kitui,7.202064,chirps-v2.0.2022.01.tif,185.53716611862183,206.60573601722717,61.84572203954061,34.43428933620453
2022-02-01,2022,2,Kitui,8.184968,chirps-v2.0.2022.02.tif,134.18874406814575,210.28443312644958,44.729581356048584,35.04740552107493
2022-03-01,2022,3,Kitui,9.4678755,chirps-v2.0.2022.03.tif,24.854907512664795,216.33241891860962,8.284969170888266,36.0554031531016
2022-04-01,2022,4,Kitui,62.464054,chirps-v2.0.2022.04.tif,80.11689758300781,265.65406370162964,26.70563252766927,44.27567728360494
2022-05-01,2022,5,Kitui,7.3014975,chirps-v2.0.2022.05.tif,79.23342704772949,213.42217111587524,26.411142349243164,35.570361852645874
2022-06-01,2022,6,Kitui,2.1500456,chirps-v2.0.2022.06.tif,71.91559720039368,96.77050471305847,23.971865733464558,16.12841745217641
2022-07-01,2022,7,Kitui,5.263988,chirps-v2.0.2022.07.tif,14.71553111076355,94.83242869377136,4.905177036921184,15.805404782295227
2022-08-01,2022,8,Kitui,4.8171782,chirps-v2.0.2022.08.tif,12.23121190071106,91.46463894844055,4.0770706335703535,15.24410649140676
2022-09-01,2022,9,Kitui,3.5505762,chirps-v2.0.2022.09.tif,13.631742477416992,85.54733967781067,4.543914159138997,14.257889946301779
2022-10-01,2022,10,Kitui,9.889665,chirps-v2.0.2022.10.tif,18.257419109344482,32.97295022010803,6.085806369781494,5.495491703351338
2022-11-01,2022,11,Kitui,91.398384,chirps-v2.0.2022.11.tif,104.83862495422363,117.06983685493469,34.94620831807455,19.51163947582245
2022-12-01,2022,12,Kitui,37.241898,chirps-v2.0.2022.12.tif,138.52994632720947,152.16168880462646,46.17664877573649,25.360281467437744
2023-01-01,2023,1,Kitui,7.578055,chirps-v2.0.2023.01.tif,136.21833658218384,154.47575569152832,45.40611219406128,25.745959281921387
2023-02-01,2023,2,Kitui,2.5993361,chirps-v2.0.2023.02.tif,47.419288635253906,152.25791358947754,15.806429545084635,25.37631893157959
2023-03-01,2023,3,Kitui,35.078854,chirps-v2.0.2023.03.tif,45.25624465942383,183.7861909866333,15.08541488647461,30.63103183110555
2023-04-01,2023,4,Kitui,128.15596,chirps-v2.0.2023.04.tif,165.8341498374939,302.05248641967773,55.2780499458313,50.34208106994629
2023-05-01,2023,5,Kitui,14.2717085,chirps-v2.0.2023.05.tif,177.5065221786499,224.9258108139038,59.16884072621664,37.487635135650635
2023-06-01,2023,6,Kitui,3.0462346,chirps-v2.0.2023.06.tif,145.4739031791687,190.73014783859253,48.4913010597229,31.788357973098755
2023-07-01,2023,7,Kitui,6.3506503,chirps-v2.0.2023.07.tif,23.668593406677246,189.50274324417114,7.889531135559082,31.58379054069519
2023-08-01,2023,8,Kitui,4.1683583,chirps-v2.0.2023.08.tif,13.565243244171143,191.07176542282104,4.521747748057048,31.84529423713684
2023-09-01,2023,9,Kitui,3.3131416,chirps-v2.0.2023.09.tif,13.832150220870972,159.30605340003967,4.610716740290324,26.55100890000661
2023-10-01,2023,10,Kitui,38.03737,chirps-v2.0.2023.10.tif,45.51886868476868,69.18746209144592,15.172956228256226,11.531243681907654
2023-11-01,2023,11,Kitui,223.64876,chirps-v2.0.2023.11.tif,264.99926829338074,278.5645115375519,88.33308943112691,46.42741858959198
2023-12-01,2023,12,Kitui,49.80431,chirps-v2.0.2023.12.tif,311.4904365539551,325.32258677482605,103.83014551798503,54.22043112913767
2024-01-01,2024,1,Kitui,12.793272,chirps-v2.0.2024.01.tif,286.24633979797363,331.7652084827423,95.41544659932454,55.29420141379038
2024-02-01,2024,2,Kitui,14.307071,chirps-v2.0.2024.02.tif,76.90465259552002,341.90392088890076,25.634884198506672,56.983986814816795
2024-03-01,2024,3,Kitui,45.368694,chirps-v2.0.2024.03.tif,72.46903705596924,383.9594736099243,24.15634568532308,63.99324560165405
2024-04-01,2024,4,Kitui,126.689,chirps-v2.0.2024.04.tif,186.36476802825928,472.6111078262329,62.12158934275309,78.76851797103882
2024-05-01,2024,5,Kitui,37.497066,chirps-v2.0.2024.05.tif,209.5547637939453,286.45941638946533,69.85158793131511,47.74323606491089
2024-06-01,2024,6,Kitui,1.913127,chirps-v2.0.2024.06.tif,166.099196434021,238.56823348999023,55.36639881134033,39.7613722483317
2024-07-01,2024,7,Kitui,4.680946,chirps-v2.0.2024.07.tif,44.09113931655884,230.45590734481812,14.697046438852945,38.40931789080302
2024-08-01,2024,8,Kitui,4.340374,chirps-v2.0.2024.08.tif,10.934446811676025,220.48921060562134,3.6448156038920083,36.748201767603554
2024-09-01,2024,9,Kitui,2.9335253,chirps-v2.0.2024.09.tif,11.954845190048218,178.0540416240692,3.9849483966827393,29.675673604011536
2024-10-01,2024,10,Kitui,10.677968,chirps-v2.0.2024.10.tif,17.95186734199524,62.04300665855408,5.98395578066508,10.340501109759012
2024-11-01,2024,11,Kitui,148.09042,chirps-v2.0.2024.11.tif,161.7019169330597,172.63636374473572,53.90063897768656,28.772727290789287
2024-12-01,2024,12,Kitui,37.274548,chirps-v2.0.2024.12.tif,196.0429391860962,207.9977843761444,65.3476463953654,34.66629739602407
2025-01-01,2025,1,Kitui,10.195041,chirps-v2.0.2025.01.tif,195.5600118637085,213.51187920570374,65.18667062123616,35.58531320095062
2025-02-01,2025,2,Kitui,2.114186,chirps-v2.0.2025.02.tif,49.58377432823181,211.2856912612915,16.52792477607727,35.21428187688192
2025-03-01,2025,3,Kitui,78.915184,chirps-v2.0.2025.03.tif,91.22441077232361,287.2673499584198,30.40813692410787,47.87789165973663
2025-04-01,2025,4,Kitui,87.68079,chirps-v2.0.2025.04.tif,168.71016383171082,364.2701756954193,56.23672127723694,60.71169594923655
2025-05-01,2025,5,Kitui,15.994714,chirps-v2.0.2025.05.tif,182.59069156646729,232.1744658946991,60.8635638554891,38.69574431578318
2025-06-01,2025,6,Kitui,2.3958144,chirps-v2.0.2025.06.tif,106.07132196426392,197.29573273658752,35.3571073214213,32.88262212276459
2025-07-01,2025,7,Kitui,4.3228984,chirps-v2.0.2025.07.tif,22.71342658996582,191.42359042167664,7.571142196655273,31.903931736946106
2025-08-01,2025,8,Kitui,5.514356,chirps-v2.0.2025.08.tif,12.233068943023682,194.82376050949097,4.0776896476745605,32.470626751581825
2025-09-01,2025,9,Kitui,3.8126833,chirps-v2.0.2025.09.tif,13.649937868118286,119.7212598323822,4.549979289372762,19.953543305397034
2025-10-01,2025,10,Kitui,42.278534,chirps-v2.0.2025.10.tif,51.605573415756226,74.31900000572205,17.201857805252075,12.386500000953674
2025-11-01,2025,11,Kitui,37.920288,chirps-v2.0.2025.11.tif,84.0115053653717,96.24457430839539,28.00383512179057,16.040762384732563
2025-12-01,2025,12,Kitui,62.00538,chirps-v2.0.2025.12.tif,142.2042007446289,155.8541386127472,47.40140024820963,25.9756897687912
2026-01-01,2026,1,Kitui,3.009862,chirps-v2.0.2026.01.tif,102.93552875518799,154.5411021709442,34.311842918395996,25.756850361824036
2026-02-01,2026,2,Kitui,39.710224,chirps-v2.0.2026.02.tif,104.72546482086182,188.73697018623352,34.908488273620605,31.456161697705586
2019-01-01,2019,1,Kwale,11.345544,chirps-v2.0.2019.01.tif,11.34554386138916,11.34554386138916,11.34554386138916,11.34554386138916
2019-02-01,2019,2,Kwale,7.3688207,chirps-v2.0.2019.02.tif,18.714364528656006,18.714364528656006,9.357182264328003,9.357182264328003
2019-03-01,2019,3,Kwale,9.310245,chirps-v2.0.2019.03.tif,28.024609088897705,28.024609088897705,9.341536362965902,9.341536362965902
2019-04-01,2019,4,Kwale,32.651386,chirps-v2.0.2019.04.tif,49.33045148849487,60.67599534988403,16.44348382949829,15.168998837471008
2019-05-01,2019,5,Kwale,161.6905,chirps-v2.0.2019.05.tif,203.65213680267334,222.36650133132935,67.88404560089111,44.473300266265866
2019-06-01,2019,6,Kwale,27.190882,chirps-v2.0.2019.06.tif,221.53277397155762,249.55738306045532,73.84425799051921,41.592897176742554
2019-07-01,2019,7,Kwale,32.33443,chirps-v2.0.2019.07.tif,221.21581840515137,270.54626989364624,73.73860613505046,45.091044982274376
2019-08-01,2019,8,Kwale,35.643642,chirps-v2.0.2019.08.tif,95.16895484924316,298.8210916519165,31.722984949747723,49.80351527531942
2019-09-01,2019,9,Kwale,43.315605,chirps-v2.0.2019.09.tif,111.2936782836914,332.826452255249,37.09789276123047,55.47107537587484
2019-10-01,2019,10,Kwale,195.32747,chirps-v2.0.2019.10.tif,274.28671646118164,495.502534866333,91.42890548706055,82.5837558110555
2019-11-01,2019,11,Kwale,76.306465,chirps-v2.0.2019.11.tif,314.9495391845703,410.1184940338135,104.98317972819011,68.35308233896892
2019-12-01,2019,12,Kwale,86.515656,chirps-v2.0.2019.12.tif,358.1495895385742,469.4432678222656,119.38319651285808,78.24054463704427
2020-01-01,2020,1,Kwale,40.58203,chirps-v2.0.2020.01.tif,203.4041519165039,477.69086837768555,67.80138397216797,79.61514472961426
2020-02-01,2020,2,Kwale,9.478705,chirps-v2.0.2020.02.tif,136.5763921737671,451.5259313583374,45.52546405792236,75.25432189305623
2020-03-01,2020,3,Kwale,57.09212,chirps-v2.0.2020.03.tif,107.15285778045654,465.30244731903076,35.71761926015218,77.55040788650513
2020-04-01,2020,4,Kwale,212.5315,chirps-v2.0.2020.04.tif,279.10232067108154,482.50647258758545,93.03410689036052,80.41774543126424
2020-05-01,2020,5,Kwale,73.57016,chirps-v2.0.2020.05.tif,343.19377517700195,479.77016735076904,114.39792505900066,79.9616945584615
2020-06-01,2020,6,Kwale,46.051914,chirps-v2.0.2020.06.tif,332.15356826782227,439.3064260482788,110.7178560892741,73.21773767471313
2020-07-01,2020,7,Kwale,40.178917,chirps-v2.0.2020.07.tif,159.8009910583496,438.90331172943115,53.26699701944987,73.1505519549052
2020-08-01,2020,8,Kwale,23.12078,chirps-v2.0.2020.08.tif,109.35161209106445,452.5453872680664,36.45053736368815,75.4242312113444
2020-09-01,2020,9,Kwale,33.93252,chirps-v2.0.2020.09.tif,97.23221969604492,429.3857879638672,32.41073989868164,71.56429799397786
2020-10-01,2020,10,Kwale,27.30816,chirps-v2.0.2020.10.tif,84.36146354675293,244.16245460510254,28.120487848917644,40.693742434183754
2020-11-01,2020,11,Kwale,93.848564,chirps-v2.0.2020.11.tif,155.08924674987793,264.4408588409424,51.69641558329264,44.073476473490395
2020-12-01,2020,12,Kwale,41.44131,chirps-v2.0.2020.12.tif,162.59803581237793,259.83025550842285,54.19934527079264,43.305042584737144
2021-01-01,2021,1,Kwale,20.544456,chirps-v2.0.2021.01.tif,155.83433151245117,240.1957950592041,51.944777170817055,40.03263250986735
2021-02-01,2021,2,Kwale,10.120822,chirps-v2.0.2021.02.tif,72.10658931732178,227.1958360671997,24.035529772440594,37.865972677866615
2021-03-01,2021,3,Kwale,12.207089,chirps-v2.0.2021.03.tif,42.87236785888672,205.47040367126465,14.290789286295572,34.245067278544106
2021-04-01,2021,4,Kwale,49.44364,chirps-v2.0.2021.04.tif,71.77155303955078,227.60588455200195,23.923851013183594,37.93431409200033
2021-05-01,2021,5,Kwale,77.26655,chirps-v2.0.2021.05.tif,138.91727924346924,211.02386856079102,46.30575974782308,35.170644760131836
2021-06-01,2021,6,Kwale,25.873672,chirps-v2.0.2021.06.tif,152.5838623046875,195.45623016357422,50.861287434895836,32.5760383605957
2021-07-01,2021,7,Kwale,33.10277,chirps-v2.0.2021.07.tif,136.24299240112305,208.01454544067383,45.41433080037435,34.66909090677897
2021-08-01,2021,8,Kwale,24.326674,chirps-v2.0.2021.08.tif,83.3031177520752,222.22039699554443,27.7677059173584,37.03673283259074
2021-09-01,2021,9,Kwale,24.923767,chirps-v2.0.2021.09.tif,82.35321235656738,234.93707466125488,27.45107078552246,39.156179110209145
2021-10-01,2021,10,Kwale,26.853964,chirps-v2.0.2021.10.tif,76.10440444946289,212.34739685058594,25.36813481648763,35.39123280843099
2021-11-01,2021,11,Kwale,24.482088,chirps-v2.0.2021.11.tif,76.25981903076172,159.5629367828369,25.419939676920574,26.593822797139484
2021-12-01,2021,12,Kwale,82.83637,chirps-v2.0.2021.12.tif,134.17242431640625,216.52563667297363,44.724141438802086,36.08760611216227
2022-01-01,2022,1,Kwale,10.014473,chirps-v2.0.2022.01.tif,117.33293342590332,193.4373378753662,39.11097780863444,32.239556312561035
2022-02-01,2022,2,Kwale,8.969635,chirps-v2.0.2022.02.tif,101.82048034667969,178.0802993774414,33.9401601155599,29.680049896240234
2022-03-01,2022,3,Kwale,13.366657,chirps-v2.0.2022.03.tif,32.350765228271484,166.52318954467773,10.783588409423828,27.753864924112957
2022-04-01,2022,4,Kwale,69.33937,chirps-v2.0.2022.04.tif,91.67566299438477,209.0085964202881,30.55855433146159,34.83476607004801
2022-05-01,2022,5,Kwale,61.504803,chirps-v2.0.2022.05.tif,144.21083068847656,246.03131103515625,48.07027689615885,41.005218505859375
2022-06-01,2022,6,Kwale,35.696507,chirps-v2.0.2022.06.tif,166.54067993164062,198.8914451599121,55.51355997721354,33.14857419331869
2022-07-01,2022,7,Kwale,60.70294,chirps-v2.0.2022.07.tif,157.9042510986328,249.57991409301758,52.63475036621094,41.596652348836265
2022-08-01,2022,8,Kwale,22.20444,chirps-v2.0.2022.08.tif,118.6038875579834,262.81471824645996,39.53462918599447,43.80245304107666
2022-09-01,2022,9,Kwale,23.368652,chirps-v2.0.2022.09.tif,106.27603340148926,272.8167133331299,35.425344467163086,45.469452222188316
2022-10-01,2022,10,Kwale,21.23072,chirps-v2.0.2022.10.tif,66.80381202697754,224.70806312561035,22.267937342325848,37.451343854268394
2022-11-01,2022,11,Kwale,60.11417,chirps-v2.0.2022.11.tif,104.71354293823242,223.31743049621582,34.90451431274414,37.2195717493693
2022-12-01,2022,12,Kwale,30.516464,chirps-v2.0.2022.12.tif,111.86135482788086,218.13738822937012,37.28711827596029,36.356231371561684
2023-01-01,2023,1,Kwale,10.394096,chirps-v2.0.2023.01.tif,101.02473068237305,167.8285427093506,33.67491022745768,27.971423784891766
2023-02-01,2023,2,Kwale,3.4795146,chirps-v2.0.2023.02.tif,44.39007520675659,149.103618144989,14.796691735585531,24.850603024164837
2023-03-01,2023,3,Kwale,24.075392,chirps-v2.0.2023.03.tif,37.949002742767334,149.8103575706482,12.649667580922445,24.968392928441364
2023-04-01,2023,4,Kwale,150.72906,chirps-v2.0.2023.04.tif,178.28397130966187,279.3087019920349,59.427990436553955,46.55145033200582
2023-05-01,2023,5,Kwale,53.655884,chirps-v2.0.2023.05.tif,228.46034049987793,272.8504157066345,76.15344683329265,45.47506928443909
2023-06-01,2023,6,Kwale,31.671862,chirps-v2.0.2023.06.tif,236.05681037902832,274.00581312179565,78.6856034596761,45.66763552029928
2023-07-01,2023,7,Kwale,46.310493,chirps-v2.0.2023.07.tif,131.63823890686035,309.9222102165222,43.87941296895345,51.6537017027537
2023-08-01,2023,8,Kwale,23.708862,chirps-v2.0.2023.08.tif,101.69121742248535,330.1515579223633,33.89707247416178,55.02525965372721
2023-09-01,2023,9,Kwale,18.805267,chirps-v2.0.2023.09.tif,88.82462310791016,324.8814334869385,29.60820770263672,54.14690558115641
2023-10-01,2023,10,Kwale,74.57072,chirps-v2.0.2023.10.tif,117.08484649658203,248.72308540344238,39.028282165527344,41.453847567240395
2023-11-01,2023,11,Kwale,248.21071,chirps-v2.0.2023.11.tif,341.5866928100586,443.27791023254395,113.8622309366862,73.879651705424
2023-12-01,2023,12,Kwale,66.40777,chirps-v2.0.2023.12.tif,389.18919372558594,478.0138168334961,129.72973124186197,79.66896947224934
2024-01-01,2024,1,Kwale,15.809966,chirps-v2.0.2024.01.tif,330.4284429550171,447.5132894515991,110.14281431833903,74.58554824193318
2024-02-01,2024,2,Kwale,8.473,chirps-v2.0.2024.02.tif,90.69073390960693,432.2774267196655,30.230244636535645,72.04623778661092
2024-03-01,2024,3,Kwale,49.796032,chirps-v2.0.2024.03.tif,74.07899761199951,463.26819133758545,24.692999203999836,77.21136522293091
2024-04-01,2024,4,Kwale,70.099174,chirps-v2.0.2024.04.tif,128.36820602416992,458.796648979187,42.78940200805664,76.46610816319783
2024-05-01,2024,5,Kwale,33.079437,chirps-v2.0.2024.05.tif,152.9746437072754,243.66537761688232,50.99154790242513,40.610896269480385
2024-06-01,2024,6,Kwale,28.444471,chirps-v2.0.2024.06.tif,131.62308311462402,205.70208072662354,43.87436103820801,34.28368012110392
2024-07-01,2024,7,Kwale,10.265417,chirps-v2.0.2024.07.tif,71.78932571411133,200.15753173828125,23.92977523803711,33.359588623046875
2024-08-01,2024,8,Kwale,29.873804,chirps-v2.0.2024.08.tif,68.58369255065918,221.55833625793457,22.861230850219727,36.926389376322426
2024-09-01,2024,9,Kwale,15.834497,chirps-v2.0.2024.09.tif,55.97371864318848,187.5968017578125,18.65790621439616,31.266133626302082
2024-10-01,2024,10,Kwale,27.704514,chirps-v2.0.2024.10.tif,73.41281509399414,145.20214080810547,24.470938364664715,24.20035680135091
2024-11-01,2024,11,Kwale,55.987267,chirps-v2.0.2024.11.tif,99.52627754211426,168.10997009277344,33.17542584737142,28.018328348795574
2024-12-01,2024,12,Kwale,60.84178,chirps-v2.0.2024.12.tif,144.53356170654297,200.50728034973145,48.17785390218099,33.417880058288574
2025-01-01,2025,1,Kwale,7.3569403,chirps-v2.0.2025.01.tif,124.1859884262085,197.59880352020264,41.39532947540283,32.933133920033775
2025-02-01,2025,2,Kwale,2.5848017,chirps-v2.0.2025.02.tif,70.78352355957031,170.30980110168457,23.594507853190105,28.38496685028076
2025-03-01,2025,3,Kwale,40.4147,chirps-v2.0.2025.03.tif,50.356441497802734,194.8900032043457,16.785480499267578,32.48166720072428
2025-04-01,2025,4,Kwale,69.73781,chirps-v2.0.2025.04.tif,112.73730945587158,236.92329788208008,37.57910315195719,39.487216313680015
2025-05-01,2025,5,Kwale,76.236824,chirps-v2.0.2025.05.tif,186.38933181762695,257.17285537719727,62.12977727254232,42.86214256286621
2025-06-01,2025,6,Kwale,44.931843,chirps-v2.0.2025.06.tif,190.90647506713867,241.2629165649414,63.635491689046226,40.2104860941569
2025-07-01,2025,7,Kwale,12.459975,chirps-v2.0.2025.07.tif,133.62864208221436,246.36595153808594,44.54288069407145,41.06099192301432
2025-08-01,2025,8,Kwale,18.4471,chirps-v2.0.2025.08.tif,75.83891773223877,262.2282495498657,25.27963924407959,43.70470825831095
2025-09-01,2025,9,Kwale,20.849476,chirps-v2.0.2025.09.tif,51.756550788879395,242.66302585601807,17.252183596293133,40.44383764266968
2025-10-01,2025,10,Kwale,37.78693,chirps-v2.0.2025.10.tif,77.08350563049316,210.71214771270752,25.694501876831055,35.118691285451256
2025-11-01,2025,11,Kwale,13.306264,chirps-v2.0.2025.11.tif,71.94266986846924,147.781587600708,23.980889956156414,24.630264600118
2025-12-01,2025,12,Kwale,19.31342,chirps-v2.0.2025.12.tif,70.40661334991455,122.16316413879395,23.468871116638184,20.360527356465656
2026-01-01,2026,1,Kwale,2.6501048,chirps-v2.0.2026.01.tif,35.26978802680969,112.35329365730286,11.756596008936564,18.725548942883808
2026-02-01,2026,2,Kwale,16.322208,chirps-v2.0.2026.02.tif,38.28573250770569,110.22840237617493,12.761910835901896,18.371400396029156
2019-01-01,2019,1,Laikipia,14.985881,chirps-v2.0.2019.01.tif,14.985880851745605,14.985880851745605,14.985880851745605,14.985880851745605
2019-02-01,2019,2,Laikipia,8.260603,chirps-v2.0.2019.02.tif,23.24648380279541,23.24648380279541,11.623241901397705,11.623241901397705
2019-03-01,2019,3,Laikipia,12.5181675,chirps-v2.0.2019.03.tif,35.76465129852295,35.76465129852295,11.921550432840982,11.921550432840982
2019-04-01,2019,4,Laikipia,44.877426,chirps-v2.0.2019.04.tif,65.65619659423828,80.64207744598389,21.885398864746094,20.16051936149597
2019-05-01,2019,5,Laikipia,33.301453,chirps-v2.0.2019.05.tif,90.69704627990723,113.94353008270264,30.232348759969074,22.788706016540527
2019-06-01,2019,6,Laikipia,53.306343,chirps-v2.0.2019.06.tif,131.48522186279297,167.24987316131592,43.828407287597656,27.87497886021932
2019-07-01,2019,7,Laikipia,29.619131,chirps-v2.0.2019.07.tif,116.22692680358887,181.88312339782715,38.742308934529625,30.31385389963786
2019-08-01,2019,8,Laikipia,40.418316,chirps-v2.0.2019.08.tif,123.34379005432129,214.04083633422852,41.114596684773765,35.67347272237142
2019-09-01,2019,9,Laikipia,24.244226,chirps-v2.0.2019.09.tif,94.28167343139648,225.76689529418945,31.42722447713216,37.62781588236491
2019-10-01,2019,10,Laikipia,78.93096,chirps-v2.0.2019.10.tif,143.59350395202637,259.82043075561523,47.864501317342125,43.303405125935875
2019-11-01,2019,11,Laikipia,96.019966,chirps-v2.0.2019.11.tif,199.19515419006348,322.53894424438477,66.39838473002116,53.75649070739746
2019-12-01,2019,12,Laikipia,70.89974,chirps-v2.0.2019.12.tif,245.85066986083984,340.1323432922363,81.95022328694661,56.68872388203939
2020-01-01,2020,1,Laikipia,29.32322,chirps-v2.0.2020.01.tif,196.24292755126953,339.8364315032959,65.41430918375652,56.639405250549316
2020-02-01,2020,2,Laikipia,23.2581,chirps-v2.0.2020.02.tif,123.4810619354248,322.6762161254883,41.16035397847494,53.77936935424805
2020-03-01,2020,3,Laikipia,68.803764,chirps-v2.0.2020.03.tif,121.38508415222168,367.2357540130615,40.46169471740723,61.20595900217692
2020-04-01,2020,4,Laikipia,132.86456,chirps-v2.0.2020.04.tif,224.92642784118652,421.16935539245605,74.97547594706218,70.19489256540935
2020-05-01,2020,5,Laikipia,60.292587,chirps-v2.0.2020.05.tif,261.9609146118164,385.4419765472412,87.32030487060547,64.2403294245402
2020-06-01,2020,6,Laikipia,50.862263,chirps-v2.0.2020.06.tif,244.01941299438477,365.40449714660645,81.3398043314616,60.90074952443441
2020-07-01,2020,7,Laikipia,37.527737,chirps-v2.0.2020.07.tif,148.68258666992188,373.6090145111084,49.56086222330729,62.26816908518473
2020-08-01,2020,8,Laikipia,64.13915,chirps-v2.0.2020.08.tif,152.5291519165039,414.4900665283203,50.84305063883463,69.08167775472005
2020-09-01,2020,9,Laikipia,23.849445,chirps-v2.0.2020.09.tif,125.5163345336914,369.5357475280762,41.83877817789713,61.58929125467936
2020-10-01,2020,10,Laikipia,39.21357,chirps-v2.0.2020.10.tif,127.20216751098633,275.8847541809082,42.40072250366211,45.9807923634847
2020-11-01,2020,11,Laikipia,37.798374,chirps-v2.0.2020.11.tif,100.86138916015625,253.39054107666016,33.620463053385414,42.231756846110024
2020-12-01,2020,12,Laikipia,16.714722,chirps-v2.0.2020.12.tif,93.72666549682617,219.24300003051758,31.24222183227539,36.540500005086265
2021-01-01,2021,1,Laikipia,20.666714,chirps-v2.0.2021.01.tif,75.1798095703125,202.38197708129883,25.0599365234375,33.730329513549805
2021-02-01,2021,2,Laikipia,19.910547,chirps-v2.0.2021.02.tif,57.291982650756836,158.1533718109131,19.097327550252277,26.358895301818848
2021-03-01,2021,3,Laikipia,22.261671,chirps-v2.0.2021.03.tif,62.838932037353516,156.5655975341797,20.94631067911784,26.094266255696613
2021-04-01,2021,4,Laikipia,29.773838,chirps-v2.0.2021.04.tif,71.9460563659668,147.1258659362793,23.982018788655598,24.52097765604655
2021-05-01,2021,5,Laikipia,74.4783,chirps-v2.0.2021.05.tif,126.5138111114502,183.80579376220703,42.1712703704834,30.63429896036784
2021-06-01,2021,6,Laikipia,10.902432,chirps-v2.0.2021.06.tif,115.15457248687744,177.99350452423096,38.384857495625816,29.665584087371826
2021-07-01,2021,7,Laikipia,23.313862,chirps-v2.0.2021.07.tif,108.69459629058838,180.64065265655518,36.23153209686279,30.106775442759197
2021-08-01,2021,8,Laikipia,29.257011,chirps-v2.0.2021.08.tif,63.47330570220947,189.98711681365967,21.157768567403156,31.66451946894328
2021-09-01,2021,9,Laikipia,21.997063,chirps-v2.0.2021.09.tif,74.56793594360352,189.72250843048096,24.85597864786784,31.620418071746826
2021-10-01,2021,10,Laikipia,35.145317,chirps-v2.0.2021.10.tif,86.3993911743164,195.09398746490479,28.79979705810547,32.51566457748413
2021-11-01,2021,11,Laikipia,28.383745,chirps-v2.0.2021.11.tif,85.52612495422363,148.9994306564331,28.508708318074543,24.83323844273885
2021-12-01,2021,12,Laikipia,34.979816,chirps-v2.0.2021.12.tif,98.50887870788574,173.07681465148926,32.83629290262858,28.84613577524821
2022-01-01,2022,1,Laikipia,15.399285,chirps-v2.0.2022.01.tif,78.76284694671631,165.16223812103271,26.2542823155721,27.527039686838787
2022-02-01,2022,2,Laikipia,10.561347,chirps-v2.0.2022.02.tif,60.94044876098633,146.46657371520996,20.313482920328777,24.41109561920166
2022-03-01,2022,3,Laikipia,18.96128,chirps-v2.0.2022.03.tif,44.921913146972656,143.4307918548584,14.973971048990885,23.905131975809734
2022-04-01,2022,4,Laikipia,49.212555,chirps-v2.0.2022.04.tif,78.735182762146,157.4980297088623,26.245060920715332,26.24967161814372
2022-05-01,2022,5,Laikipia,21.456184,chirps-v2.0.2022.05.tif,89.63002014160156,150.5704689025879,29.876673380533855,25.095078150431316
2022-06-01,2022,6,Laikipia,13.326724,chirps-v2.0.2022.06.tif,83.99546337127686,128.9173765182495,27.998487790425617,21.486229419708252
2022-07-01,2022,7,Laikipia,17.324131,chirps-v2.0.2022.07.tif,52.10703945159912,130.84222221374512,17.36901315053304,21.807037035624187
2022-08-01,2022,8,Laikipia,40.638412,chirps-v2.0.2022.08.tif,71.28926753997803,160.9192876815796,23.763089179992676,26.819881280263264
2022-09-01,2022,9,Laikipia,26.310846,chirps-v2.0.2022.09.tif,84.27338981628418,168.26885318756104,28.091129938761394,28.044808864593506
2022-10-01,2022,10,Laikipia,19.440805,chirps-v2.0.2022.10.tif,86.39006423950195,138.49710369110107,28.796688079833984,23.082850615183514
2022-11-01,2022,11,Laikipia,54.501373,chirps-v2.0.2022.11.tif,100.25302505493164,171.54229259490967,33.41767501831055,28.59038209915161
2022-12-01,2022,12,Laikipia,24.726799,chirps-v2.0.2022.12.tif,98.66897773742676,182.94236755371094,32.88965924580892,30.490394592285156
2023-01-01,2023,1,Laikipia,11.49197,chirps-v2.0.2023.01.tif,90.72014236450195,177.1102066040039,30.240047454833984,29.518367767333984
2023-02-01,2023,2,Laikipia,2.9072778,chirps-v2.0.2023.02.tif,39.126046895980835,139.37907195091248,13.042015631993612,23.22984532515208
2023-03-01,2023,3,Laikipia,49.61308,chirps-v2.0.2023.03.tif,64.01232695579529,162.68130469322205,21.33744231859843,27.113550782203674
2023-04-01,2023,4,Laikipia,96.74475,chirps-v2.0.2023.04.tif,149.26510787010193,239.98525023460388,49.755035956700645,39.99754170576731
2023-05-01,2023,5,Laikipia,29.21566,chirps-v2.0.2023.05.tif,175.57349014282227,214.6995370388031,58.524496714274086,35.78325617313385
2023-06-01,2023,6,Laikipia,30.57742,chirps-v2.0.2023.06.tif,156.5378303527832,220.5501573085785,52.17927678426107,36.75835955142975
2023-07-01,2023,7,Laikipia,18.975874,chirps-v2.0.2023.07.tif,78.76895332336426,228.0340611934662,26.256317774454754,38.0056768655777
2023-08-01,2023,8,Laikipia,19.117823,chirps-v2.0.2023.08.tif,68.67111587524414,244.2446060180664,22.890371958414715,40.7074343363444
2023-09-01,2023,9,Laikipia,18.587717,chirps-v2.0.2023.09.tif,56.681413650512695,213.2192440032959,18.8938045501709,35.53654066721598
2023-10-01,2023,10,Laikipia,50.036438,chirps-v2.0.2023.10.tif,87.74197769165039,166.51093101501465,29.247325897216797,27.751821835835774
2023-11-01,2023,11,Laikipia,86.75853,chirps-v2.0.2023.11.tif,155.3826847076416,224.05380058288574,51.79422823588053,37.34230009714762
2023-12-01,2023,12,Laikipia,18.701893,chirps-v2.0.2023.12.tif,155.4968605041504,212.1782741546631,51.8322868347168,35.36304569244385
2024-01-01,2024,1,Laikipia,29.864908,chirps-v2.0.2024.01.tif,135.32533073425293,223.06730842590332,45.10844357808431,37.17788473765055
2024-02-01,2024,2,Laikipia,33.44578,chirps-v2.0.2024.02.tif,82.01258277893066,237.39526748657227,27.337527592976887,39.56587791442871
2024-03-01,2024,3,Laikipia,13.827873,chirps-v2.0.2024.03.tif,77.13856315612793,232.63542366027832,25.712854385375977,38.77257061004639
2024-04-01,2024,4,Laikipia,114.65468,chirps-v2.0.2024.04.tif,161.9283332824707,297.25366401672363,53.9761110941569,49.542277336120605
2024-05-01,2024,5,Laikipia,74.63724,chirps-v2.0.2024.05.tif,203.11978912353516,285.1323719024658,67.70659637451172,47.5220619837443
2024-06-01,2024,6,Laikipia,9.828373,chirps-v2.0.2024.06.tif,199.12028884887695,276.2588520050049,66.37342961629231,46.043142000834145
2024-07-01,2024,7,Laikipia,37.670433,chirps-v2.0.2024.07.tif,122.13604354858398,284.0643768310547,40.712014516194664,47.34406280517578
2024-08-01,2024,8,Laikipia,45.902664,chirps-v2.0.2024.08.tif,93.40147018432617,296.5212593078613,31.13382339477539,49.420209884643555
2024-09-01,2024,9,Laikipia,9.0019245,chirps-v2.0.2024.09.tif,92.57502174377441,291.69531059265137,30.858340581258137,48.61588509877523
2024-10-01,2024,10,Laikipia,29.758959,chirps-v2.0.2024.10.tif,84.66354751586914,206.79959106445312,28.221182505289715,34.46659851074219
2024-11-01,2024,11,Laikipia,56.766384,chirps-v2.0.2024.11.tif,95.52726745605469,188.92873764038086,31.842422485351562,31.488122940063477
2024-12-01,2024,12,Laikipia,13.0393095,chirps-v2.0.2024.12.tif,99.56465244293213,192.13967418670654,33.18821748097738,32.02327903111776
2025-01-01,2025,1,Laikipia,17.582262,chirps-v2.0.2025.01.tif,87.38795566558838,172.05150318145752,29.129318555196125,28.67525053024292
2025-02-01,2025,2,Laikipia,4.214961,chirps-v2.0.2025.02.tif,34.83653259277344,130.36380004882812,11.612177530924479,21.72730000813802
2025-03-01,2025,3,Laikipia,56.407883,chirps-v2.0.2025.03.tif,78.20510578155518,177.7697582244873,26.068368593851726,29.62829303741455
2025-04-01,2025,4,Laikipia,58.69783,chirps-v2.0.2025.04.tif,119.32067394256592,206.7086296081543,39.77355798085531,34.45143826802572
2025-05-01,2025,5,Laikipia,47.80568,chirps-v2.0.2025.05.tif,162.91139221191406,197.7479248046875,54.30379740397135,32.957987467447914
2025-06-01,2025,6,Laikipia,23.359152,chirps-v2.0.2025.06.tif,129.86266136169434,208.0677671432495,43.287553787231445,34.67796119054159
2025-07-01,2025,7,Laikipia,24.35846,chirps-v2.0.2025.07.tif,95.52329063415527,214.8439645767212,31.841096878051758,35.80732742945353
2025-08-01,2025,8,Laikipia,54.36351,chirps-v2.0.2025.08.tif,102.08112144470215,264.9925136566162,34.02704048156738,44.16541894276937
2025-09-01,2025,9,Laikipia,35.282322,chirps-v2.0.2025.09.tif,114.00429153442383,243.86695289611816,38.00143051147461,40.64449214935303
2025-10-01,2025,10,Laikipia,55.080276,chirps-v2.0.2025.10.tif,144.7261085510254,240.24939918518066,48.24203618367513,40.04156653086344
2025-11-01,2025,11,Laikipia,27.898203,chirps-v2.0.2025.11.tif,118.26080131530762,220.34192276000977,39.42026710510254,36.72365379333496
2025-12-01,2025,12,Laikipia,42.90291,chirps-v2.0.2025.12.tif,125.88138771057129,239.88567924499512,41.96046257019043,39.98094654083252
2026-01-01,2026,1,Laikipia,5.7248864,chirps-v2.0.2026.01.tif,76.52599763870239,221.25210618972778,25.508665879567463,36.8753510316213
2026-02-01,2026,2,Laikipia,57.550632,chirps-v2.0.2026.02.tif,106.17842721939087,224.4392285346985,35.39280907313029,37.40653808911642
2019-01-01,2019,1,Lamu,6.7746863,chirps-v2.0.2019.01.tif,6.774686336517334,6.774686336517334,6.774686336517334,6.774686336517334
2019-02-01,2019,2,Lamu,1.9278057,chirps-v2.0.2019.02.tif,8.702491998672485,8.702491998672485,4.351245999336243,4.351245999336243
2019-03-01,2019,3,Lamu,4.857215,chirps-v2.0.2019.03.tif,13.559706926345825,13.559706926345825,4.519902308781941,4.519902308781941
2019-04-01,2019,4,Lamu,22.237661,chirps-v2.0.2019.04.tif,29.022681951522827,35.79736828804016,9.674227317174276,8.94934207201004
2019-05-01,2019,5,Lamu,125.964905,chirps-v2.0.2019.05.tif,153.05978107452393,161.7622730731964,51.01992702484131,32.352454614639285
2019-06-01,2019,6,Lamu,26.783705,chirps-v2.0.2019.06.tif,174.98627090454102,188.54597783088684,58.328756968180336,31.42432963848114
2019-07-01,2019,7,Lamu,37.82546,chirps-v2.0.2019.07.tif,190.574068069458,219.59675002098083,63.524689356486,36.59945833683014
2019-08-01,2019,8,Lamu,10.900412,chirps-v2.0.2019.08.tif,75.50957489013672,228.56935596466064,25.16985829671224,38.09489266077677
2019-09-01,2019,9,Lamu,14.566272,chirps-v2.0.2019.09.tif,63.292141914367676,238.2784128189087,21.09738063812256,39.71306880315145
2019-10-01,2019,10,Lamu,64.82716,chirps-v2.0.2019.10.tif,90.29384708404541,280.8679151535034,30.097949028015137,46.81131919225057
2019-11-01,2019,11,Lamu,75.09945,chirps-v2.0.2019.11.tif,154.4928846359253,230.002459526062,51.4976282119751,38.333743254343666
2019-12-01,2019,12,Lamu,38.474434,chirps-v2.0.2019.12.tif,178.4010467529297,241.69318866729736,59.4670155843099,40.282198111216225
2020-01-01,2020,1,Lamu,16.551762,chirps-v2.0.2020.01.tif,130.1256446838379,220.4194917678833,43.37521489461263,36.73658196131388
2020-02-01,2020,2,Lamu,1.799038,chirps-v2.0.2020.02.tif,56.825233578681946,211.31811821460724,18.941744526227314,35.219686369101204
2020-03-01,2020,3,Lamu,25.221916,chirps-v2.0.2020.03.tif,43.57271587848663,221.97376263141632,14.52423862616221,36.99562710523605
2020-04-01,2020,4,Lamu,96.88984,chirps-v2.0.2020.04.tif,123.91079342365265,254.03643810749054,41.303597807884216,42.33940635124842
2020-05-01,2020,5,Lamu,90.73933,chirps-v2.0.2020.05.tif,212.85108184814453,269.6763154268265,70.95036061604817,44.94605257113775
2020-06-01,2020,6,Lamu,39.06479,chirps-v2.0.2020.06.tif,226.69395446777344,270.26667034626007,75.56465148925781,45.044445057710014
2020-07-01,2020,7,Lamu,39.84865,chirps-v2.0.2020.07.tif,169.65276718139648,293.56356060504913,56.55092239379883,48.92726010084152
2020-08-01,2020,8,Lamu,12.258868,chirps-v2.0.2020.08.tif,91.17230892181396,304.0233907699585,30.390769640604656,50.670565128326416
2020-09-01,2020,9,Lamu,9.615204,chirps-v2.0.2020.09.tif,61.722723960876465,288.4166784286499,20.574241320292156,48.069446404774986
2020-10-01,2020,10,Lamu,11.786131,chirps-v2.0.2020.10.tif,33.660202980041504,203.312970161438,11.220067660013834,33.885495026906334
2020-11-01,2020,11,Lamu,30.67061,chirps-v2.0.2020.11.tif,52.07194519042969,143.24425411224365,17.357315063476562,23.874042352040608
2020-12-01,2020,12,Lamu,11.138682,chirps-v2.0.2020.12.tif,53.59542369842529,115.31814765930176,17.86514123280843,19.219691276550293
2021-01-01,2021,1,Lamu,2.6676986,chirps-v2.0.2021.01.tif,44.476991415023804,78.13719439506531,14.825663805007935,13.022865732510885
2021-02-01,2021,2,Lamu,1.7882936,chirps-v2.0.2021.02.tif,15.594674587249756,67.66661977767944,5.198224862416585,11.277769962946573
2021-03-01,2021,3,Lamu,6.6464343,chirps-v2.0.2021.03.tif,11.102426528930664,64.69785022735596,3.700808842976888,10.78297503789266
2021-04-01,2021,4,Lamu,21.504868,chirps-v2.0.2021.04.tif,29.939595460891724,74.41658687591553,9.979865153630575,12.402764479319254
2021-05-01,2021,5,Lamu,28.479988,chirps-v2.0.2021.05.tif,56.63128995895386,72.22596454620361,18.87709665298462,12.037660757700602
2021-06-01,2021,6,Lamu,40.175186,chirps-v2.0.2021.06.tif,90.16004180908203,101.2624683380127,30.05334726969401,16.87707805633545
2021-07-01,2021,7,Lamu,24.460594,chirps-v2.0.2021.07.tif,93.11576843261719,123.05536389350891,31.038589477539062,20.50922731558482
2021-08-01,2021,8,Lamu,7.3520927,chirps-v2.0.2021.08.tif,71.98787307739258,128.61916303634644,23.99595769246419,21.436527172724407
2021-09-01,2021,9,Lamu,7.795407,chirps-v2.0.2021.09.tif,39.60809373855591,129.76813554763794,13.202697912851969,21.62802259127299
2021-10-01,2021,10,Lamu,6.4102497,chirps-v2.0.2021.10.tif,21.557749271392822,114.67351770401001,7.185916423797607,19.112252950668335
2021-11-01,2021,11,Lamu,14.94274,chirps-v2.0.2021.11.tif,29.148396968841553,101.13627004623413,9.716132322947184,16.85604500770569
2021-12-01,2021,12,Lamu,69.33589,chirps-v2.0.2021.12.tif,90.68888187408447,130.29697561264038,30.229627291361492,21.71616260210673
2022-01-01,2022,1,Lamu,2.6896691,chirps-v2.0.2022.01.tif,86.96830129623413,108.52605056762695,28.989433765411377,18.087675094604492
2022-02-01,2022,2,Lamu,2.343604,chirps-v2.0.2022.02.tif,74.36916494369507,103.51756191253662,24.789721647898357,17.25292698542277
2022-03-01,2022,3,Lamu,4.0466814,chirps-v2.0.2022.03.tif,9.079954624176025,99.7688364982605,3.0266515413920083,16.62813941637675
2022-04-01,2022,4,Lamu,28.73928,chirps-v2.0.2022.04.tif,35.12956619262695,122.09786748886108,11.709855397542318,20.34964458147685
2022-05-01,2022,5,Lamu,103.22502,chirps-v2.0.2022.05.tif,136.01098346710205,210.38014841079712,45.33699448903402,35.06335806846619
2022-06-01,2022,6,Lamu,36.456547,chirps-v2.0.2022.06.tif,168.42084884643555,177.50080347061157,56.14028294881185,29.58346724510193
2022-07-01,2022,7,Lamu,29.943869,chirps-v2.0.2022.07.tif,169.6254367828369,204.75500297546387,56.54181226094564,34.12583382924398
2022-08-01,2022,8,Lamu,7.499941,chirps-v2.0.2022.08.tif,73.90035629272461,209.91133975982666,24.63345209757487,34.98522329330444
2022-09-01,2022,9,Lamu,4.8783107,chirps-v2.0.2022.09.tif,42.32212018966675,210.7429690361023,14.107373396555582,35.123828172683716
2022-10-01,2022,10,Lamu,8.347267,chirps-v2.0.2022.10.tif,20.725518703460693,190.3509554862976,6.9085062344868975,31.725159247716267
2022-11-01,2022,11,Lamu,38.775402,chirps-v2.0.2022.11.tif,52.00097990036011,125.90133619308472,17.3336599667867,20.983556032180786
2022-12-01,2022,12,Lamu,8.182904,chirps-v2.0.2022.12.tif,55.30557346343994,97.62769365310669,18.43519115447998,16.27128227551778
2023-01-01,2023,1,Lamu,2.8552697,chirps-v2.0.2023.01.tif,49.813575983047485,70.53909468650818,16.604525327682495,11.756515781084696
2023-02-01,2023,2,Lamu,1.2808897,chirps-v2.0.2023.02.tif,12.319063663482666,64.32004356384277,4.106354554494222,10.720007260640463
2023-03-01,2023,3,Lamu,18.05482,chirps-v2.0.2023.03.tif,22.190978527069092,77.49655199050903,7.396992842356364,12.916091998418173
2023-04-01,2023,4,Lamu,147.0271,chirps-v2.0.2023.04.tif,166.36280846595764,216.17638444900513,55.45426948865255,36.02939740816752
2023-05-01,2023,5,Lamu,35.70109,chirps-v2.0.2023.05.tif,200.7830104827881,213.10207414627075,66.92767016092937,35.51701235771179
2023-06-01,2023,6,Lamu,25.897732,chirps-v2.0.2023.06.tif,208.62592315673828,230.81690168380737,69.54197438557942,38.469483613967896
2023-07-01,2023,7,Lamu,29.08937,chirps-v2.0.2023.07.tif,90.68819427490234,257.05100274086,30.229398091634113,42.84183379014333
2023-08-01,2023,8,Lamu,21.514433,chirps-v2.0.2023.08.tif,76.50153541564941,277.2845458984375,25.500511805216473,46.214090983072914
2023-09-01,2023,9,Lamu,13.009772,chirps-v2.0.2023.09.tif,63.61357593536377,272.23949909210205,21.204525311787922,45.37324984868368
2023-10-01,2023,10,Lamu,24.941767,chirps-v2.0.2023.10.tif,59.46597194671631,150.15416622161865,19.821990648905437,25.025694370269775
2023-11-01,2023,11,Lamu,100.60432,chirps-v2.0.2023.11.tif,138.5558557510376,215.057391166687,46.18528525034586,35.842898527781166
2023-12-01,2023,12,Lamu,84.560165,chirps-v2.0.2023.12.tif,210.10624885559082,273.7198247909546,70.03541628519694,45.61997079849243
2024-01-01,2024,1,Lamu,3.8889258,chirps-v2.0.2024.01.tif,189.05340790748596,248.51937985420227,63.01780263582865,41.41989664236704
2024-02-01,2024,2,Lamu,1.3738793,chirps-v2.0.2024.02.tif,89.82297050952911,228.3788262605667,29.940990169843037,38.06313771009445
2024-03-01,2024,3,Lamu,15.706325,chirps-v2.0.2024.03.tif,20.96912968158722,231.07537853717804,6.989709893862407,38.51256308952967
2024-04-01,2024,4,Lamu,52.168217,chirps-v2.0.2024.04.tif,69.24842059612274,258.3018285036087,23.08280686537425,43.05030475060145
2024-05-01,2024,5,Lamu,94.013725,chirps-v2.0.2024.05.tif,161.88826656341553,251.71123707294464,53.96275552113851,41.951872845490776
2024-06-01,2024,6,Lamu,23.537714,chirps-v2.0.2024.06.tif,169.7196559906006,190.6887856721878,56.57321866353353,31.781464278697968
2024-07-01,2024,7,Lamu,21.334045,chirps-v2.0.2024.07.tif,138.88548469543457,208.1339052915573,46.29516156514486,34.68898421525955
2024-08-01,2024,8,Lamu,10.62439,chirps-v2.0.2024.08.tif,55.49614906311035,217.38441562652588,18.498716354370117,36.23073593775431
2024-09-01,2024,9,Lamu,7.998747,chirps-v2.0.2024.09.tif,39.95718193054199,209.67683792114258,13.319060643513998,34.946139653523765
2024-10-01,2024,10,Lamu,10.784201,chirps-v2.0.2024.10.tif,29.407337188720703,168.29282188415527,9.802445729573568,28.04880364735921
2024-11-01,2024,11,Lamu,63.410572,chirps-v2.0.2024.11.tif,82.19351959228516,137.6896686553955,27.39783986409505,22.948278109232586
2024-12-01,2024,12,Lamu,26.518616,chirps-v2.0.2024.12.tif,100.71338844299316,140.67057037353516,33.57112948099772,23.44509506225586
2025-01-01,2025,1,Lamu,1.5581509,chirps-v2.0.2025.01.tif,91.48733866214752,120.89467585086823,30.495779554049175,20.14911264181137
2025-02-01,2025,2,Lamu,1.0833423,chirps-v2.0.2025.02.tif,29.16010892391205,111.3536285161972,9.720036307970682,18.558938086032867
2025-03-01,2025,3,Lamu,21.089342,chirps-v2.0.2025.03.tif,23.73083531856537,124.44422376155853,7.9102784395217896,20.740703960259754
2025-04-01,2025,4,Lamu,35.60672,chirps-v2.0.2025.04.tif,57.779404401779175,149.2667430639267,19.259801467259724,24.87779051065445
2025-05-01,2025,5,Lamu,82.8752,chirps-v2.0.2025.05.tif,139.5712604522705,168.73136937618256,46.52375348409017,28.121894896030426
2025-06-01,2025,6,Lamu,80.970085,chirps-v2.0.2025.06.tif,199.4520034790039,223.18283879756927,66.48400115966797,37.19713979959488
2025-07-01,2025,7,Lamu,19.162472,chirps-v2.0.2025.07.tif,183.00775527954102,240.7871596813202,61.002585093180336,40.13119328022003
2025-08-01,2025,8,Lamu,14.534377,chirps-v2.0.2025.08.tif,114.6669340133667,254.2381944656372,38.2223113377889,42.37303241093954
2025-09-01,2025,9,Lamu,8.31897,chirps-v2.0.2025.09.tif,42.01581859588623,241.46782207489014,14.00527286529541,40.24463701248169
2025-10-01,2025,10,Lamu,15.156806,chirps-v2.0.2025.10.tif,38.01015281677246,221.01790809631348,12.670050938924154,36.836318016052246
2025-11-01,2025,11,Lamu,17.521265,chirps-v2.0.2025.11.tif,40.99704074859619,155.6639747619629,13.665680249532064,25.94399579366048
2025-12-01,2025,12,Lamu,17.324465,chirps-v2.0.2025.12.tif,50.002535820007324,92.01835441589355,16.66751194000244,15.336392402648926
2026-01-01,2026,1,Lamu,1.7380266,chirps-v2.0.2026.01.tif,36.58375644683838,74.59390926361084,12.194585482279459,12.432318210601807
2026-02-01,2026,2,Lamu,1.9360744,chirps-v2.0.2026.02.tif,20.998565793037415,61.995606541633606,6.999521931012471,10.332601090272268
2019-01-01,2019,1,Makueni,4.154815,chirps-v2.0.2019.01.tif,4.154815196990967,4.154815196990967,4.154815196990967,4.154815196990967
2019-02-01,2019,2,Makueni,5.047375,chirps-v2.0.2019.02.tif,9.202190399169922,9.202190399169922,4.601095199584961,4.601095199584961
2019-03-01,2019,3,Makueni,4.2605414,chirps-v2.0.2019.03.tif,13.462731838226318,13.462731838226318,4.4875772794087725,4.4875772794087725
2019-04-01,2019,4,Makueni,32.157345,chirps-v2.0.2019.04.tif,41.465261459350586,45.62007665634155,13.82175381978353,11.405019164085388
2019-05-01,2019,5,Makueni,10.102253,chirps-v2.0.2019.05.tif,46.52013921737671,55.72232961654663,15.506713072458902,11.144465923309326
2019-06-01,2019,6,Makueni,2.44064,chirps-v2.0.2019.06.tif,44.70023775100708,58.1629695892334,14.900079250335693,9.693828264872232
2019-07-01,2019,7,Makueni,3.88025,chirps-v2.0.2019.07.tif,16.423142910003662,57.88840436935425,5.474380970001221,9.648067394892374
2019-08-01,2019,8,Makueni,3.9796128,chirps-v2.0.2019.08.tif,10.30050277709961,56.82064199447632,3.4335009256998696,9.470106999079386
2019-09-01,2019,9,Makueni,2.7049909,chirps-v2.0.2019.09.tif,10.56485366821289,55.26509141921997,3.521617889404297,9.210848569869995
2019-10-01,2019,10,Makueni,48.36232,chirps-v2.0.2019.10.tif,55.04692363739014,71.4700665473938,18.34897454579671,11.911677757898966
2019-11-01,2019,11,Makueni,86.82766,chirps-v2.0.2019.11.tif,137.8949704170227,148.19547319412231,45.96499013900757,24.699245532353718
2019-12-01,2019,12,Makueni,91.78771,chirps-v2.0.2019.12.tif,226.97769165039062,237.54254531860352,75.6592305501302,39.59042421976725
2020-01-01,2020,1,Makueni,36.09556,chirps-v2.0.2020.01.tif,214.71092987060547,269.7578535079956,71.57030995686848,44.9596422513326
2020-02-01,2020,2,Makueni,17.383804,chirps-v2.0.2020.02.tif,145.26707458496094,283.16204500198364,48.42235819498698,47.193674166997276
2020-03-01,2020,3,Makueni,52.080154,chirps-v2.0.2020.03.tif,105.55951690673828,332.5372085571289,35.18650563557943,55.42286809285482
2020-04-01,2020,4,Makueni,61.638622,chirps-v2.0.2020.04.tif,131.10258102416992,345.8135108947754,43.700860341389976,57.635585149129234
2020-05-01,2020,5,Makueni,6.8081875,chirps-v2.0.2020.05.tif,120.52696418762207,265.794038772583,40.17565472920736,44.29900646209717
2020-06-01,2020,6,Makueni,2.7190506,chirps-v2.0.2020.06.tif,71.165860414505,176.7253773212433,23.721953471501667,29.454229553540547
2020-07-01,2020,7,Makueni,3.4799373,chirps-v2.0.2020.07.tif,13.00717544555664,144.10975646972656,4.33572514851888,24.018292744954426
2020-08-01,2020,8,Makueni,2.3408654,chirps-v2.0.2020.08.tif,8.53985333442688,129.06681752204895,2.8466177781422934,21.511136253674824
2020-09-01,2020,9,Makueni,2.4590425,chirps-v2.0.2020.09.tif,8.279845237731934,79.44570565223694,2.759948412577311,13.24095094203949
2020-10-01,2020,10,Makueni,5.9826894,chirps-v2.0.2020.10.tif,10.782597303390503,23.789772748947144,3.5941991011301675,3.964962124824524
2020-11-01,2020,11,Makueni,62.23242,chirps-v2.0.2020.11.tif,70.67415380477905,79.21400713920593,23.558051268259685,13.202334523200989
2020-12-01,2020,12,Makueni,34.871555,chirps-v2.0.2020.12.tif,103.08666658401489,111.36651182174683,34.36222219467163,18.56108530362447
2021-01-01,2021,1,Makueni,5.782452,chirps-v2.0.2021.01.tif,102.88642930984497,113.66902661323547,34.29547643661499,18.944837768872578
2021-02-01,2021,2,Makueni,11.379264,chirps-v2.0.2021.02.tif,52.03327131271362,122.70742511749268,17.34442377090454,20.45123751958211
2021-03-01,2021,3,Makueni,12.217131,chirps-v2.0.2021.03.tif,29.378846645355225,132.46551322937012,9.792948881785074,22.07758553822835
2021-04-01,2021,4,Makueni,30.351778,chirps-v2.0.2021.04.tif,53.9481725692749,156.83460187911987,17.9827241897583,26.139100313186646
2021-05-01,2021,5,Makueni,25.01418,chirps-v2.0.2021.05.tif,67.58308792114258,119.6163592338562,22.52769597371419,19.936059872309368
2021-06-01,2021,6,Makueni,1.3389118,chirps-v2.0.2021.06.tif,56.70486903190613,86.08371567726135,18.901623010635376,14.347285946210226
2021-07-01,2021,7,Makueni,3.7396789,chirps-v2.0.2021.07.tif,30.092769861221313,84.04094243049622,10.03092328707377,14.006823738416037
2021-08-01,2021,8,Makueni,2.4725525,chirps-v2.0.2021.08.tif,7.551143169403076,75.13423109054565,2.517047723134359,12.522371848424276
2021-09-01,2021,9,Makueni,1.5515661,chirps-v2.0.2021.09.tif,7.7637975215911865,64.46866655349731,2.587932507197062,10.74477775891622
2021-10-01,2021,10,Makueni,6.651535,chirps-v2.0.2021.10.tif,10.67565369606018,40.768423557281494,3.55855123202006,6.794737259546916
2021-11-01,2021,11,Makueni,46.67529,chirps-v2.0.2021.11.tif,54.878390312194824,62.4295334815979,18.29279677073161,10.404922246932983
2021-12-01,2021,12,Makueni,56.35976,chirps-v2.0.2021.12.tif,109.68658447265625,117.45038199424744,36.56219482421875,19.575063665707905
2022-01-01,2022,1,Makueni,5.2226214,chirps-v2.0.2022.01.tif,108.25767087936401,118.9333245754242,36.08589029312134,19.822220762570698
2022-02-01,2022,2,Makueni,10.717322,chirps-v2.0.2022.02.tif,72.29970407485962,127.17809438705444,24.09990135828654,21.196349064509075
2022-03-01,2022,3,Makueni,8.296997,chirps-v2.0.2022.03.tif,24.23694086074829,133.92352533340454,8.078980286916098,22.320587555567425
2022-04-01,2022,4,Makueni,37.2467,chirps-v2.0.2022.04.tif,56.261019706726074,164.5186905860901,18.75367323557536,27.419781764348347
2022-05-01,2022,5,Makueni,5.716839,chirps-v2.0.2022.05.tif,51.260536193847656,123.56024026870728,17.08684539794922,20.593373378117878
2022-06-01,2022,6,Makueni,1.76589,chirps-v2.0.2022.06.tif,44.72942912578583,68.96636998653412,14.909809708595276,11.494394997755686
2022-07-01,2022,7,Makueni,1.914764,chirps-v2.0.2022.07.tif,9.3974928855896,65.65851259231567,3.1324976285298667,10.943085432052612
2022-08-01,2022,8,Makueni,1.952284,chirps-v2.0.2022.08.tif,5.632938027381897,56.89347422122955,1.877646009127299,9.48224570353826
2022-09-01,2022,9,Makueni,1.6368532,chirps-v2.0.2022.09.tif,5.503901243209839,50.23333036899567,1.834633747736613,8.372221728165945
2022-10-01,2022,10,Makueni,5.643234,chirps-v2.0.2022.10.tif,9.232370972633362,18.62986385822296,3.077456990877787,3.104977309703827
2022-11-01,2022,11,Makueni,43.65619,chirps-v2.0.2022.11.tif,50.93627595901489,56.56921398639679,16.978758653004963,9.428202331066132
2022-12-01,2022,12,Makueni,21.96653,chirps-v2.0.2022.12.tif,71.26595258712769,76.76985383033752,23.75531752904256,12.794975638389587
2023-01-01,2023,1,Makueni,4.439595,chirps-v2.0.2023.01.tif,70.0623140335083,79.29468500614166,23.3541046778361,13.215780834356943
2023-02-01,2023,2,Makueni,1.7203549,chirps-v2.0.2023.02.tif,28.126479983329773,79.06275594234467,9.37549332777659,13.177125990390778
2023-03-01,2023,3,Makueni,18.7054,chirps-v2.0.2023.03.tif,24.865350604057312,96.131303191185,8.288450201352438,16.0218838651975
2023-04-01,2023,4,Makueni,49.870087,chirps-v2.0.2023.04.tif,70.29584205150604,140.35815608501434,23.431947350502014,23.393026014169056
2023-05-01,2023,5,Makueni,10.109137,chirps-v2.0.2023.05.tif,78.68462371826172,106.81110370159149,26.22820790608724,17.801850616931915
2023-06-01,2023,6,Makueni,2.5919192,chirps-v2.0.2023.06.tif,62.57114243507385,87.43649303913116,20.857047478357952,14.572748839855194
2023-07-01,2023,7,Makueni,2.2721126,chirps-v2.0.2023.07.tif,14.97316837310791,85.26901042461395,4.991056124369304,14.21150173743566
2023-08-01,2023,8,Makueni,1.9477293,chirps-v2.0.2023.08.tif,6.811761140823364,85.49638485908508,2.2705870469411216,14.249397476514181
2023-09-01,2023,9,Makueni,1.7180827,chirps-v2.0.2023.09.tif,5.93792462348938,68.50906705856323,1.9793082078297932,11.418177843093872
2023-10-01,2023,10,Makueni,12.917369,chirps-v2.0.2023.10.tif,16.583180904388428,31.556349277496338,5.527726968129476,5.25939154624939
2023-11-01,2023,11,Makueni,123.044,chirps-v2.0.2023.11.tif,137.6794502735138,144.49121141433716,45.893150091171265,24.081868569056194
2023-12-01,2023,12,Makueni,28.090055,chirps-v2.0.2023.12.tif,164.05142307281494,169.98934769630432,54.683807690938316,28.331557949384052
2024-01-01,2024,1,Makueni,19.38775,chirps-v2.0.2024.01.tif,170.5218048095703,187.10498571395874,56.8406016031901,31.18416428565979
2024-02-01,2024,2,Makueni,14.925999,chirps-v2.0.2024.02.tif,62.403804779052734,200.08325505256653,20.801268259684246,33.34720917542776
2024-03-01,2024,3,Makueni,39.45049,chirps-v2.0.2024.03.tif,73.76423835754395,237.8156614303589,24.58807945251465,39.63594357172648
2024-04-01,2024,4,Makueni,92.989334,chirps-v2.0.2024.04.tif,147.3658218383789,317.8876266479492,49.12194061279297,52.98127110799154
2024-05-01,2024,5,Makueni,25.523664,chirps-v2.0.2024.05.tif,157.96348762512207,220.3672924041748,52.65449587504069,36.727882067362465
2024-06-01,2024,6,Makueni,2.4105601,chirps-v2.0.2024.06.tif,120.92355871200562,194.68779706954956,40.30785290400187,32.44796617825826
2024-07-01,2024,7,Makueni,2.6748004,chirps-v2.0.2024.07.tif,30.60902500152588,177.97484683990479,10.203008333841959,29.662474473317463
2024-08-01,2024,8,Makueni,1.7678919,chirps-v2.0.2024.08.tif,6.853252410888672,164.81674003601074,2.284417470296224,27.469456672668457
2024-09-01,2024,9,Makueni,1.5615616,chirps-v2.0.2024.09.tif,6.00425386428833,126.92781257629395,2.001417954762777,21.154635429382324
2024-10-01,2024,10,Makueni,3.9433212,chirps-v2.0.2024.10.tif,7.272774696350098,37.88179969787598,2.424258232116699,6.313633282979329
2024-11-01,2024,11,Makueni,79.35393,chirps-v2.0.2024.11.tif,84.85881042480469,91.71206283569336,28.286270141601562,15.285343805948893
2024-12-01,2024,12,Makueni,33.62616,chirps-v2.0.2024.12.tif,116.92340850830078,122.92766237258911,38.97446950276693,20.48794372876485
2025-01-01,2025,1,Makueni,18.632626,chirps-v2.0.2025.01.tif,131.61271286010742,138.88548755645752,43.870904286702476,23.147581259409588
2025-02-01,2025,2,Makueni,1.3012768,chirps-v2.0.2025.02.tif,53.5600620508194,138.41887247562408,17.8533540169398,23.06981207927068
2025-03-01,2025,3,Makueni,55.904636,chirps-v2.0.2025.03.tif,75.83853876590729,192.76194727420807,25.279512921969097,32.12699121236801
2025-04-01,2025,4,Makueni,52.749245,chirps-v2.0.2025.04.tif,109.95515787601471,241.56787073612213,36.651719292004906,40.26131178935369
2025-05-01,2025,5,Makueni,14.813798,chirps-v2.0.2025.05.tif,123.46767902374268,177.02774107456207,41.15589300791422,29.504623512427013
2025-06-01,2025,6,Makueni,2.4188223,chirps-v2.0.2025.06.tif,69.98186492919922,145.8204036951065,23.327288309733074,24.303400615851086
2025-07-01,2025,7,Makueni,1.8642269,chirps-v2.0.2025.07.tif,19.09684717655182,129.05200505256653,6.365615725517273,21.50866750876109
2025-08-01,2025,8,Makueni,3.8837192,chirps-v2.0.2025.08.tif,8.166768431663513,131.6344474554062,2.722256143887838,21.93907457590103
2025-09-01,2025,9,Makueni,2.0423224,chirps-v2.0.2025.09.tif,7.790268540382385,77.7721334695816,2.596756180127462,12.962022244930267
2025-10-01,2025,10,Makueni,16.090797,chirps-v2.0.2025.10.tif,22.016839027404785,41.113686203956604,7.338946342468262,6.852281033992767
2025-11-01,2025,11,Makueni,19.428576,chirps-v2.0.2025.11.tif,37.56169533729553,45.728463768959045,12.520565112431845,7.621410628159841
2025-12-01,2025,12,Makueni,57.017445,chirps-v2.0.2025.12.tif,92.53681755065918,100.32708609104156,30.845605850219727,16.721181015173595
2026-01-01,2026,1,Makueni,1.8324468,chirps-v2.0.2026.01.tif,78.27846693992615,100.29530596733093,26.092822313308716,16.71588432788849
2026-02-01,2026,2,Makueni,52.97183,chirps-v2.0.2026.02.tif,111.82171988487244,149.38341522216797,37.27390662829081,24.897235870361328
2019-01-01,2019,1,Mandera,0.7523778,chirps-v2.0.2019.01.tif,0.7523778080940247,0.7523778080940247,0.7523778080940247,0.7523778080940247
2019-02-01,2019,2,Mandera,1.7239759,chirps-v2.0.2019.02.tif,2.476353704929352,2.476353704929352,1.238176852464676,1.238176852464676
2019-03-01,2019,3,Mandera,6.2910075,chirps-v2.0.2019.03.tif,8.767361223697662,8.767361223697662,2.922453741232554,2.922453741232554
2019-04-01,2019,4,Mandera,32.382645,chirps-v2.0.2019.04.tif,40.39762806892395,41.150005877017975,13.46587602297465,10.287501469254494
2019-05-01,2019,5,Mandera,24.655956,chirps-v2.0.2019.05.tif,63.32960844039917,65.80596214532852,21.109869480133057,13.161192429065704
2019-06-01,2019,6,Mandera,0.9861694,chirps-v2.0.2019.06.tif,58.02477031946182,66.79213154315948,19.341590106487274,11.132021923859915
2019-07-01,2019,7,Mandera,2.7337174,chirps-v2.0.2019.07.tif,28.375843107700348,68.7734711766243,9.45861436923345,11.46224519610405
2019-08-01,2019,8,Mandera,2.010253,chirps-v2.0.2019.08.tif,5.730139791965485,69.05974823236465,1.9100465973218281,11.509958038727442
2019-09-01,2019,9,Mandera,1.6339593,chirps-v2.0.2019.09.tif,6.3779296875,64.40270000696182,2.1259765625,10.733783334493637
2019-10-01,2019,10,Mandera,77.59735,chirps-v2.0.2019.10.tif,81.24156332015991,109.61740642786026,27.08052110671997,18.26956773797671
2019-11-01,2019,11,Mandera,69.03203,chirps-v2.0.2019.11.tif,148.26333856582642,153.9934783577919,49.421112855275474,25.66557972629865
2019-12-01,2019,12,Mandera,19.75537,chirps-v2.0.2019.12.tif,166.3847484588623,172.7626781463623,55.461582819620766,28.793779691060383
2020-01-01,2020,1,Mandera,0.91201055,chirps-v2.0.2020.01.tif,89.69940793514252,170.94097125530243,29.899802645047505,28.49016187588374
2020-02-01,2020,2,Mandera,1.5480838,chirps-v2.0.2020.02.tif,22.215463519096375,170.4788020849228,7.4051545063654585,28.413133680820465
2020-03-01,2020,3,Mandera,21.89601,chirps-v2.0.2020.03.tif,24.356103777885437,190.74085223674774,8.118701259295145,31.790142039457958
2020-04-01,2020,4,Mandera,89.43723,chirps-v2.0.2020.04.tif,112.88132619857788,202.5807341337204,37.62710873285929,33.7634556889534
2020-05-01,2020,5,Mandera,9.706363,chirps-v2.0.2020.05.tif,121.03960514068604,143.2550686597824,40.34653504689535,23.8758447766304
2020-06-01,2020,6,Mandera,1.1992064,chirps-v2.0.2020.06.tif,100.34280204772949,124.69890582561493,33.4476006825765,20.78315097093582
2020-07-01,2020,7,Mandera,4.651261,chirps-v2.0.2020.07.tif,15.556829929351807,128.4381561279297,5.1856099764506025,21.40635935465495
2020-08-01,2020,8,Mandera,2.1411958,chirps-v2.0.2020.08.tif,7.991662979125977,129.031268119812,2.6638876597086587,21.505211353302002
2020-09-01,2020,9,Mandera,1.2136499,chirps-v2.0.2020.09.tif,8.006106495857239,108.34890854358673,2.668702165285746,18.058151423931122
2020-10-01,2020,10,Mandera,19.398743,chirps-v2.0.2020.10.tif,22.753588318824768,38.310418248176575,7.584529439608256,6.385069708029429
2020-11-01,2020,11,Mandera,17.208916,chirps-v2.0.2020.11.tif,37.82130825519562,45.812971234321594,12.607102751731873,7.635495205720265
2020-12-01,2020,12,Mandera,4.27219,chirps-v2.0.2020.12.tif,40.87984848022461,48.88595497608185,13.62661616007487,8.147659162680307
2021-01-01,2021,1,Mandera,1.0686378,chirps-v2.0.2021.01.tif,22.54974365234375,45.30333197116852,7.516581217447917,7.550555328528087
2021-02-01,2021,2,Mandera,2.1633174,chirps-v2.0.2021.02.tif,7.504145383834839,45.32545363903046,2.501381794611613,7.5542422731717425
2021-03-01,2021,3,Mandera,4.8075695,chirps-v2.0.2021.03.tif,8.039524793624878,48.91937327384949,2.6798415978749595,8.153228878974915
2021-04-01,2021,4,Mandera,63.97962,chirps-v2.0.2021.04.tif,70.95050883293152,93.50025248527527,23.650169610977173,15.583375414212545
2021-05-01,2021,5,Mandera,16.286316,chirps-v2.0.2021.05.tif,85.07350730895996,92.5776526927948,28.35783576965332,15.429608782132467
2021-06-01,2021,6,Mandera,1.005475,chirps-v2.0.2021.06.tif,81.27141284942627,89.31093764305115,27.090470949808758,14.885156273841858
2021-07-01,2021,7,Mandera,1.778771,chirps-v2.0.2021.07.tif,19.07056200504303,90.02107083797455,6.35685400168101,15.003511806329092
2021-08-01,2021,8,Mandera,1.9075259,chirps-v2.0.2021.08.tif,4.691771984100342,89.7652792930603,1.563923994700114,14.960879882176718
2021-09-01,2021,9,Mandera,1.0321314,chirps-v2.0.2021.09.tif,4.718428373336792,85.98984122276306,1.5728094577789307,14.331640203793844
2021-10-01,2021,10,Mandera,9.529924,chirps-v2.0.2021.10.tif,12.469581723213196,31.540143728256226,4.156527241071065,5.256690621376038
2021-11-01,2021,11,Mandera,25.779293,chirps-v2.0.2021.11.tif,36.34134888648987,41.03312087059021,12.11378296216329,6.838853478431702
2021-12-01,2021,12,Mandera,7.5389643,chirps-v2.0.2021.12.tif,42.84818172454834,47.56661009788513,14.282727241516113,7.927768349647522
2022-01-01,2022,1,Mandera,0.9084579,chirps-v2.0.2022.01.tif,34.226715207099915,46.69629693031311,11.408905069033304,7.782716155052185
2022-02-01,2022,2,Mandera,1.6440195,chirps-v2.0.2022.02.tif,10.091441631317139,46.43279051780701,3.363813877105713,7.738798419634501
2022-03-01,2022,3,Mandera,7.1863995,chirps-v2.0.2022.03.tif,9.738876819610596,52.587058544158936,3.2462922732035318,8.764509757359823
2022-04-01,2022,4,Mandera,48.93134,chirps-v2.0.2022.04.tif,57.76175820827484,91.98847341537476,19.25391940275828,15.331412235895792
2022-05-01,2022,5,Mandera,13.8941345,chirps-v2.0.2022.05.tif,70.01187324523926,80.1033148765564,23.337291081746418,13.350552479426065
2022-06-01,2022,6,Mandera,1.1229537,chirps-v2.0.2022.06.tif,63.94842743873596,73.68730425834656,21.316142479578655,12.281217376391092
2022-07-01,2022,7,Mandera,2.7408001,chirps-v2.0.2022.07.tif,17.757888317108154,75.519646525383,5.919296105702718,12.5866077542305
2022-08-01,2022,8,Mandera,2.0813437,chirps-v2.0.2022.08.tif,5.94509744644165,75.95697069168091,1.9816991488138835,12.659495115280151
2022-09-01,2022,9,Mandera,0.95726573,chirps-v2.0.2022.09.tif,5.7794095277786255,69.72783696651459,1.9264698425928752,11.621306161085764
2022-10-01,2022,10,Mandera,19.923012,chirps-v2.0.2022.10.tif,22.961621165275574,40.71950948238373,7.653873721758525,6.786584913730621
2022-11-01,2022,11,Mandera,15.916332,chirps-v2.0.2022.11.tif,36.79660975933075,42.7417072057724,12.265536586443583,7.123617867628734
2022-12-01,2022,12,Mandera,4.667781,chirps-v2.0.2022.12.tif,40.50712490081787,46.2865344285965,13.502374966939291,7.714422404766083
2023-01-01,2023,1,Mandera,1.5425448,chirps-v2.0.2023.01.tif,22.126657962799072,45.088279128074646,7.375552654266357,7.514713188012441
2023-02-01,2023,2,Mandera,1.5264078,chirps-v2.0.2023.02.tif,7.736733555793762,44.53334331512451,2.5789111852645874,7.422223885854085
2023-03-01,2023,3,Mandera,57.70686,chirps-v2.0.2023.03.tif,60.77581226825714,101.28293716907501,20.258604089419048,16.88048952817917
2023-04-01,2023,4,Mandera,59.03268,chirps-v2.0.2023.04.tif,118.2659479379654,140.39260590076447,39.421982645988464,23.39876765012741
2023-05-01,2023,5,Mandera,12.6157255,chirps-v2.0.2023.05.tif,129.3552656173706,137.09199917316437,43.11842187245687,22.84866652886073
2023-06-01,2023,6,Mandera,0.9470579,chirps-v2.0.2023.06.tif,72.59546393156052,133.37127619981766,24.19848797718684,22.228546033302944
2023-07-01,2023,7,Mandera,1.8143283,chirps-v2.0.2023.07.tif,15.377111732959747,133.64305967092514,5.125703910986583,22.273843278487522
2023-08-01,2023,8,Mandera,2.0339735,chirps-v2.0.2023.08.tif,4.795359671115875,134.15062528848648,1.5984532237052917,22.35843754808108
2023-09-01,2023,9,Mandera,0.8846931,chirps-v2.0.2023.09.tif,4.732994854450226,77.32845878601074,1.5776649514834087,12.888076464335123
2023-10-01,2023,10,Mandera,81.36835,chirps-v2.0.2023.10.tif,84.28701370954514,99.66412544250488,28.095671236515045,16.610687573750813
2023-11-01,2023,11,Mandera,150.70392,chirps-v2.0.2023.11.tif,232.9569587111473,237.75231838226318,77.65231957038243,39.62538639704386
2023-12-01,2023,12,Mandera,3.6806037,chirps-v2.0.2023.12.tif,235.7528693675995,240.4858642220497,78.58428978919983,40.08097737034162
2024-01-01,2024,1,Mandera,0.82243603,chirps-v2.0.2024.01.tif,155.20695823431015,239.49397194385529,51.73565274477005,39.91566199064255
2024-02-01,2024,2,Mandera,2.0402212,chirps-v2.0.2024.02.tif,6.543260991573334,239.50021970272064,2.181086997191111,39.916703283786774
2024-03-01,2024,3,Mandera,5.877474,chirps-v2.0.2024.03.tif,8.740131080150604,244.4930004477501,2.913377026716868,40.74883340795835
2024-04-01,2024,4,Mandera,110.58636,chirps-v2.0.2024.04.tif,118.50405216217041,273.71101039648056,39.50135072072347,45.61850173274676
2024-05-01,2024,5,Mandera,19.551313,chirps-v2.0.2024.05.tif,136.01514434814453,142.55840533971786,45.33838144938151,23.759734223286312
2024-06-01,2024,6,Mandera,0.9496922,chirps-v2.0.2024.06.tif,131.08736270666122,139.82749378681183,43.69578756888708,23.30458229780197
2024-07-01,2024,7,Mandera,2.1195383,chirps-v2.0.2024.07.tif,22.620543897151947,141.12459605932236,7.540181299050649,23.52076600988706
2024-08-01,2024,8,Mandera,5.405495,chirps-v2.0.2024.08.tif,8.474725663661957,144.4898700118065,2.8249085545539856,24.081645001967747
2024-09-01,2024,9,Mandera,0.9366447,chirps-v2.0.2024.09.tif,8.461678147315979,139.5490408539772,2.8205593824386597,23.25817347566287
2024-10-01,2024,10,Mandera,7.9735193,chirps-v2.0.2024.10.tif,14.315659165382385,36.93620306253433,4.771886388460795,6.156033843755722
2024-11-01,2024,11,Mandera,27.700306,chirps-v2.0.2024.11.tif,36.610469937324524,45.08519560098648,12.203489979108175,7.51419926683108
2024-12-01,2024,12,Mandera,1.8719454,chirps-v2.0.2024.12.tif,37.5457706451416,46.00744879245758,12.515256881713867,7.667908132076263
2025-01-01,2025,1,Mandera,0.6704539,chirps-v2.0.2025.01.tif,30.24270522594452,44.558364391326904,10.080901741981506,7.42639406522115
2025-02-01,2025,2,Mandera,1.5073358,chirps-v2.0.2025.02.tif,4.049735069274902,40.660205006599426,1.3499116897583008,6.776700834433238
2025-03-01,2025,3,Mandera,26.564198,chirps-v2.0.2025.03.tif,28.741987228393555,66.28775787353516,9.580662409464518,11.047959645589193
2025-04-01,2025,4,Mandera,65.97598,chirps-v2.0.2025.04.tif,94.04751598834991,124.29022121429443,31.349171996116638,20.715036869049072
2025-05-01,2025,5,Mandera,16.97836,chirps-v2.0.2025.05.tif,109.51853942871094,113.56827449798584,36.50617980957031,18.928045749664307
2025-06-01,2025,6,Mandera,0.97265166,chirps-v2.0.2025.06.tif,83.92699354887009,112.66898077726364,27.975664516290028,18.778163462877274
2025-07-01,2025,7,Mandera,1.6103154,chirps-v2.0.2025.07.tif,19.561326324939728,113.60884231328964,6.520442108313243,18.93480705221494
2025-08-01,2025,8,Mandera,1.7241552,chirps-v2.0.2025.08.tif,4.30712229013443,113.82566171884537,1.43570743004481,18.97094361980756
2025-09-01,2025,9,Mandera,0.82500535,chirps-v2.0.2025.09.tif,4.1594759821891785,88.08646953105927,1.3864919940630596,14.681078255176544
2025-10-01,2025,10,Mandera,13.561488,chirps-v2.0.2025.10.tif,16.110648691654205,35.67197501659393,5.370216230551402,5.9453291694323225
2025-11-01,2025,11,Mandera,6.684033,chirps-v2.0.2025.11.tif,21.0705264210701,25.37764871120453,7.023508807023366,4.229608118534088
2025-12-01,2025,12,Mandera,4.846663,chirps-v2.0.2025.12.tif,25.09218406677246,29.25166004896164,8.36406135559082,4.87527667482694
2026-01-01,2026,1,Mandera,0.6448039,chirps-v2.0.2026.01.tif,12.17549979686737,28.286148488521576,4.0584999322891235,4.714358081420262
2026-02-01,2026,2,Mandera,2.4034226,chirps-v2.0.2026.02.tif,7.8948894739151,28.9654158949852,2.6316298246383667,4.827569315830867
2019-01-01,2019,1,Marsabit,3.8047903,chirps-v2.0.2019.01.tif,3.8047902584075928,3.8047902584075928,3.8047902584075928,3.8047902584075928
2019-02-01,2019,2,Marsabit,4.9953074,chirps-v2.0.2019.02.tif,8.800097703933716,8.800097703933716,4.400048851966858,4.400048851966858
2019-03-01,2019,3,Marsabit,13.556519,chirps-v2.0.2019.03.tif,22.356616258621216,22.356616258621216,7.452205419540405,7.452205419540405
2019-04-01,2019,4,Marsabit,42.36735,chirps-v2.0.2019.04.tif,60.919177532196045,64.72396779060364,20.306392510732014,16.18099194765091
2019-05-01,2019,5,Marsabit,12.96483,chirps-v2.0.2019.05.tif,68.88870048522949,77.68879818916321,22.962900161743164,15.537759637832641
2019-06-01,2019,6,Marsabit,3.5487874,chirps-v2.0.2019.06.tif,58.880969285964966,81.23758554458618,19.626989761988323,13.539597590764364
2019-07-01,2019,7,Marsabit,4.8301797,chirps-v2.0.2019.07.tif,21.34379744529724,82.26297497749329,7.114599148432414,13.710495829582214
2019-08-01,2019,8,Marsabit,2.3564522,chirps-v2.0.2019.08.tif,10.735419273376465,79.62411975860596,3.5784730911254883,13.270686626434326
2019-09-01,2019,9,Marsabit,1.7710155,chirps-v2.0.2019.09.tif,8.957647442817688,67.83861672878265,2.9858824809392295,11.306436121463776
2019-10-01,2019,10,Marsabit,66.19371,chirps-v2.0.2019.10.tif,70.32117807865143,91.66497552394867,23.440392692883808,15.277495920658112
2019-11-01,2019,11,Marsabit,59.13511,chirps-v2.0.2019.11.tif,127.09983479976654,137.835254073143,42.36661159992218,22.972542345523834
2019-12-01,2019,12,Marsabit,33.156853,chirps-v2.0.2019.12.tif,158.4856719970703,167.443319439888,52.82855733235677,27.907219906648
2020-01-01,2020,1,Marsabit,11.450822,chirps-v2.0.2020.01.tif,103.74278354644775,174.06396162509918,34.58092784881592,29.010660270849865
2020-02-01,2020,2,Marsabit,6.874012,chirps-v2.0.2020.02.tif,51.48168659210205,178.5815213918686,17.16056219736735,29.763586898644764
2020-03-01,2020,3,Marsabit,41.880077,chirps-v2.0.2020.03.tif,60.20491123199463,218.69058322906494,20.06830374399821,36.44843053817749
2020-04-01,2020,4,Marsabit,93.658295,chirps-v2.0.2020.04.tif,142.41238403320312,246.15516757965088,47.470794677734375,41.02586126327515
2020-05-01,2020,5,Marsabit,13.950958,chirps-v2.0.2020.05.tif,149.48933029174805,200.9710168838501,49.829776763916016,33.495169480641685
2020-06-01,2020,6,Marsabit,3.0289757,chirps-v2.0.2020.06.tif,110.63822865486145,170.84313988685608,36.87940955162048,28.473856647809345
2020-07-01,2020,7,Marsabit,5.742441,chirps-v2.0.2020.07.tif,22.72237515449524,165.13475918769836,7.574125051498413,27.522459864616394
2020-08-01,2020,8,Marsabit,3.3396168,chirps-v2.0.2020.08.tif,12.11103367805481,161.60036396980286,4.03701122601827,26.933393994967144
2020-09-01,2020,9,Marsabit,2.535697,chirps-v2.0.2020.09.tif,11.617754936218262,122.25598359107971,3.8725849787394204,20.37599726517995
2020-10-01,2020,10,Marsabit,29.619272,chirps-v2.0.2020.10.tif,35.49458599090576,58.216961145401,11.831528663635254,9.702826857566833
2020-11-01,2020,11,Marsabit,14.631334,chirps-v2.0.2020.11.tif,46.78630352020264,58.897337198257446,15.595434506734213,9.816222866376242
2020-12-01,2020,12,Marsabit,18.767464,chirps-v2.0.2020.12.tif,63.018070220947266,74.63582515716553,21.006023406982422,12.439304192860922
2021-01-01,2021,1,Marsabit,3.3086882,chirps-v2.0.2021.01.tif,36.707486152648926,72.20207214355469,12.235828717549643,12.033678690592447
2021-02-01,2021,2,Marsabit,6.6533933,chirps-v2.0.2021.02.tif,28.72954511642456,75.5158486366272,9.576515038808187,12.5859747727712
2021-03-01,2021,3,Marsabit,11.90847,chirps-v2.0.2021.03.tif,21.870551586151123,84.88862180709839,7.290183862050374,14.148103634516398
2021-04-01,2021,4,Marsabit,29.19373,chirps-v2.0.2021.04.tif,47.755592823028564,84.46307897567749,15.918530941009521,14.077179829279581
2021-05-01,2021,5,Marsabit,25.133204,chirps-v2.0.2021.05.tif,66.23540306091309,94.96494817733765,22.078467686971027,15.827491362889608
2021-06-01,2021,6,Marsabit,1.5479752,chirps-v2.0.2021.06.tif,55.874908089637756,77.74545967578888,18.624969363212585,12.95757661263148
2021-07-01,2021,7,Marsabit,3.5413017,chirps-v2.0.2021.07.tif,30.222480416297913,77.97807323932648,10.07416013876597,12.996345539887747
2021-08-01,2021,8,Marsabit,2.1110034,chirps-v2.0.2021.08.tif,7.20028030872345,73.43568336963654,2.40009343624115,12.239280561606089
2021-09-01,2021,9,Marsabit,1.9329076,chirps-v2.0.2021.09.tif,7.585212707519531,63.46012079715729,2.5284042358398438,10.576686799526215
2021-10-01,2021,10,Marsabit,10.806748,chirps-v2.0.2021.10.tif,14.850659370422363,45.073139786720276,4.950219790140788,7.51218996445338
2021-11-01,2021,11,Marsabit,18.712812,chirps-v2.0.2021.11.tif,31.452468395233154,38.652748703956604,10.484156131744385,6.442124783992767
2021-12-01,2021,12,Marsabit,11.23961,chirps-v2.0.2021.12.tif,40.75917053222656,48.344383239746094,13.586390177408854,8.05739720662435
2022-01-01,2022,1,Marsabit,10.090366,chirps-v2.0.2022.01.tif,40.0427885055542,54.89344787597656,13.347596168518066,9.148907979329428
2022-02-01,2022,2,Marsabit,4.4433527,chirps-v2.0.2022.02.tif,25.77332878112793,57.225797176361084,8.59110959370931,9.537632862726847
2022-03-01,2022,3,Marsabit,11.566281,chirps-v2.0.2022.03.tif,26.100000381469727,66.85917091369629,8.700000127156576,11.143195152282715
2022-04-01,2022,4,Marsabit,50.44646,chirps-v2.0.2022.04.tif,66.45609474182129,106.49888324737549,22.152031580607098,17.74981387456258
2022-05-01,2022,5,Marsabit,13.118199,chirps-v2.0.2022.05.tif,75.13094139099121,100.90427017211914,25.043647130330402,16.817378362019856
2022-06-01,2022,6,Marsabit,1.7075921,chirps-v2.0.2022.06.tif,65.272252202034,91.37225258350372,21.757417400677998,15.228708763917288
2022-07-01,2022,7,Marsabit,3.1850398,chirps-v2.0.2022.07.tif,18.010831236839294,84.46692597866058,6.003610412279765,14.07782099644343
2022-08-01,2022,8,Marsabit,2.6601481,chirps-v2.0.2022.08.tif,7.552780032157898,82.68372142314911,2.517593344052633,13.780620237191519
2022-09-01,2022,9,Marsabit,1.7278703,chirps-v2.0.2022.09.tif,7.573058247566223,72.84531044960022,2.524352749188741,12.14088507493337
2022-10-01,2022,10,Marsabit,17.659504,chirps-v2.0.2022.10.tif,22.04752242565155,40.058353662490845,7.34917414188385,6.676392277081807
2022-11-01,2022,11,Marsabit,15.513078,chirps-v2.0.2022.11.tif,34.90045201778412,42.45323204994202,11.63348400592804,7.075538674990336
2022-12-01,2022,12,Marsabit,13.655577,chirps-v2.0.2022.12.tif,46.828158378601074,54.4012166261673,15.609386126200357,9.06686943769455
2023-01-01,2023,1,Marsabit,3.690568,chirps-v2.0.2023.01.tif,32.859222412109375,54.906744837760925,10.953074137369791,9.151124139626821
2023-02-01,2023,2,Marsabit,2.6964777,chirps-v2.0.2023.02.tif,20.042622327804565,54.943074345588684,6.6808741092681885,9.157179057598114
2023-03-01,2023,3,Marsabit,56.471203,chirps-v2.0.2023.03.tif,62.858248472213745,109.68640685081482,20.952749490737915,18.281067808469135
2023-04-01,2023,4,Marsabit,104.99604,chirps-v2.0.2023.04.tif,164.16372084617615,197.02294325828552,54.721240282058716,32.837157209714256
2023-05-01,2023,5,Marsabit,14.901024,chirps-v2.0.2023.05.tif,176.36826705932617,196.41088938713074,58.789422353108726,32.735148231188454
2023-06-01,2023,6,Marsabit,1.6567788,chirps-v2.0.2023.06.tif,121.55384302139282,184.41209149360657,40.51794767379761,30.73534858226776
2023-07-01,2023,7,Marsabit,2.8299348,chirps-v2.0.2023.07.tif,19.3877375125885,183.55145835876465,6.462579170862834,30.591909726460774
2023-08-01,2023,8,Marsabit,2.0068479,chirps-v2.0.2023.08.tif,6.493561506271362,182.86182856559753,2.164520502090454,30.47697142759959
2023-09-01,2023,9,Marsabit,1.2069771,chirps-v2.0.2023.09.tif,6.043759822845459,127.59760284423828,2.014586607615153,21.26626714070638
2023-10-01,2023,10,Marsabit,60.48171,chirps-v2.0.2023.10.tif,63.69553351402283,83.08327102661133,21.231844504674275,13.847211837768555
2023-11-01,2023,11,Marsabit,81.68139,chirps-v2.0.2023.11.tif,143.37007451057434,149.8636360168457,47.790024836858116,24.977272669474285
2023-12-01,2023,12,Marsabit,9.189199,chirps-v2.0.2023.12.tif,151.35229682922363,157.3960566520691,50.45076560974121,26.23267610867818
2024-01-01,2024,1,Marsabit,6.4679303,chirps-v2.0.2024.01.tif,97.33851861953735,161.03405213356018,32.446172873179115,26.839008688926697
2024-02-01,2024,2,Marsabit,13.894774,chirps-v2.0.2024.02.tif,29.55190420150757,172.9219787120819,9.850634733835856,28.820329785346985
2024-03-01,2024,3,Marsabit,10.6874075,chirps-v2.0.2024.03.tif,31.05011224746704,182.40240907669067,10.350037415822348,30.40040151278178
2024-04-01,2024,4,Marsabit,113.47599,chirps-v2.0.2024.04.tif,138.05817222595215,235.3966908454895,46.01939074198405,39.23278180758158
2024-05-01,2024,5,Marsabit,25.516161,chirps-v2.0.2024.05.tif,149.67955875396729,179.23146295547485,49.893186251322426,29.871910492579143
2024-06-01,2024,6,Marsabit,1.5060432,chirps-v2.0.2024.06.tif,140.49819445610046,171.5483067035675,46.83273148536682,28.591384450594585
2024-07-01,2024,7,Marsabit,4.9132047,chirps-v2.0.2024.07.tif,31.9354088306427,169.99358105659485,10.6451362768809,28.332263509432476
2024-08-01,2024,8,Marsabit,3.741609,chirps-v2.0.2024.08.tif,10.16085696220398,159.84041571617126,3.3869523207346597,26.640069286028545
2024-09-01,2024,9,Marsabit,1.9813944,chirps-v2.0.2024.09.tif,10.636208176612854,151.13440263271332,3.545402725537618,25.18906710545222
2024-10-01,2024,10,Marsabit,20.367666,chirps-v2.0.2024.10.tif,26.090669751167297,58.02607858181,8.696889917055765,9.671013096968332
2024-11-01,2024,11,Marsabit,44.233116,chirps-v2.0.2024.11.tif,66.58217680454254,76.74303376674652,22.194058934847515,12.790505627791086
2024-12-01,2024,12,Marsabit,3.1534808,chirps-v2.0.2024.12.tif,67.75426316261292,78.39047133922577,22.58475438753764,13.065078556537628
2025-01-01,2025,1,Marsabit,2.8105261,chirps-v2.0.2025.01.tif,50.1971230506897,76.287792801857,16.7323743502299,12.714632133642832
2025-02-01,2025,2,Marsabit,1.9468182,chirps-v2.0.2025.02.tif,7.910825133323669,74.49300193786621,2.6369417111078897,12.415500322977701
2025-03-01,2025,3,Marsabit,36.83676,chirps-v2.0.2025.03.tif,41.59410583972931,109.34836900234222,13.864701946576437,18.224728167057037
2025-04-01,2025,4,Marsabit,61.457607,chirps-v2.0.2025.04.tif,100.2411869764328,150.4383100271225,33.413728992144264,25.073051671187084
2025-05-01,2025,5,Marsabit,19.582943,chirps-v2.0.2025.05.tif,117.87731170654297,125.78813683986664,39.29243723551432,20.964689473311108
2025-06-01,2025,6,Marsabit,1.2831821,chirps-v2.0.2025.06.tif,82.32373237609863,123.91783821582794,27.44124412536621,20.652973035971325
2025-07-01,2025,7,Marsabit,2.2027168,chirps-v2.0.2025.07.tif,23.0688419342041,123.3100289106369,7.689613978068034,20.55167148510615
2025-08-01,2025,8,Marsabit,4.420658,chirps-v2.0.2025.08.tif,7.906557083129883,125.78386878967285,2.635519027709961,20.96397813161214
2025-09-01,2025,9,Marsabit,2.0333652,chirps-v2.0.2025.09.tif,8.656740188598633,90.98047256469727,2.885580062866211,15.163412094116211
2025-10-01,2025,10,Marsabit,34.290264,chirps-v2.0.2025.10.tif,40.74428749084473,63.81312942504883,13.581429163614908,10.63552157084147
2025-11-01,2025,11,Marsabit,6.4298096,chirps-v2.0.2025.11.tif,42.75343894958496,50.659996032714844,14.25114631652832,8.44333267211914
2025-12-01,2025,12,Marsabit,18.943722,chirps-v2.0.2025.12.tif,59.663795471191406,68.32053565979004,19.88793182373047,11.38675594329834
2026-01-01,2026,1,Marsabit,2.0437927,chirps-v2.0.2026.01.tif,27.41732406616211,68.16161155700684,9.139108022054037,11.360268592834473
2026-02-01,2026,2,Marsabit,11.242245,chirps-v2.0.2026.02.tif,32.229759216308594,74.98319816589355,10.743253072102865,12.497199694315592
2019-01-01,2019,1,Meru,19.827806,chirps-v2.0.2019.01.tif,19.82780647277832,19.82780647277832,19.82780647277832,19.82780647277832
2019-02-01,2019,2,Meru,14.503452,chirps-v2.0.2019.02.tif,34.33125877380371,34.33125877380371,17.165629386901855,17.165629386901855
2019-03-01,2019,3,Meru,10.8770485,chirps-v2.0.2019.03.tif,45.20830726623535,45.20830726623535,15.069435755411783,15.069435755411783
2019-04-01,2019,4,Meru,68.07146,chirps-v2.0.2019.04.tif,93.45195770263672,113.27976417541504,31.150652567545574,28.31994104385376
2019-05-01,2019,5,Meru,41.189312,chirps-v2.0.2019.05.tif,120.1378173828125,154.4690761566162,40.045939127604164,30.89381523132324
2019-06-01,2019,6,Meru,11.755141,chirps-v2.0.2019.06.tif,121.0159101486206,166.22421741485596,40.33863671620687,27.704036235809326
2019-07-01,2019,7,Meru,5.8867483,chirps-v2.0.2019.07.tif,58.83120155334473,152.28315925598145,19.610400517781574,25.380526542663574
2019-08-01,2019,8,Meru,7.482509,chirps-v2.0.2019.08.tif,25.124398708343506,145.262216091156,8.374799569447836,24.210369348526
2019-09-01,2019,9,Meru,9.526624,chirps-v2.0.2019.09.tif,22.895881175994873,143.91179132461548,7.631960391998291,23.98529855410258
2019-10-01,2019,10,Meru,180.8239,chirps-v2.0.2019.10.tif,197.83303117752075,256.6642327308655,65.94434372584026,42.77737212181091
2019-11-01,2019,11,Meru,204.20045,chirps-v2.0.2019.11.tif,394.55097675323486,419.67537546157837,131.51699225107828,69.94589591026306
2019-12-01,2019,12,Meru,112.81268,chirps-v2.0.2019.12.tif,497.8370361328125,520.7329173088074,165.9456787109375,86.7888195514679
2020-01-01,2020,1,Meru,45.020275,chirps-v2.0.2020.01.tif,362.0334129333496,559.8664441108704,120.67780431111653,93.3110740184784
2020-02-01,2020,2,Meru,29.767908,chirps-v2.0.2020.02.tif,187.60086631774902,582.1518430709839,62.53362210591634,97.02530717849731
2020-03-01,2020,3,Meru,62.287704,chirps-v2.0.2020.03.tif,137.0758876800537,634.9129238128662,45.691962560017906,105.8188206354777
2020-04-01,2020,4,Meru,226.55688,chirps-v2.0.2020.04.tif,318.6124973297119,680.6459102630615,106.20416577657063,113.44098504384358
2020-05-01,2020,5,Meru,46.03761,chirps-v2.0.2020.05.tif,334.88219833374023,522.4830646514893,111.62739944458008,87.08051077524821
2020-06-01,2020,6,Meru,10.590222,chirps-v2.0.2020.06.tif,283.1847162246704,420.2606039047241,94.39490540822347,70.04343398412068
2020-07-01,2020,7,Meru,9.212425,chirps-v2.0.2020.07.tif,65.840256690979,384.4527540206909,21.946752230326336,64.07545900344849
2020-08-01,2020,8,Meru,13.691871,chirps-v2.0.2020.08.tif,33.4945182800293,368.37671661376953,11.164839426676432,61.39611943562826
2020-09-01,2020,9,Meru,10.975648,chirps-v2.0.2020.09.tif,33.87994384765625,317.06466007232666,11.293314615885416,52.84411001205444
2020-10-01,2020,10,Meru,50.09238,chirps-v2.0.2020.10.tif,74.7598991394043,140.6001558303833,24.919966379801433,23.433359305063885
2020-11-01,2020,11,Meru,88.80065,chirps-v2.0.2020.11.tif,149.86868000030518,183.36319828033447,49.956226666768394,30.560533046722412
2020-12-01,2020,12,Meru,32.953785,chirps-v2.0.2020.12.tif,171.84681701660156,205.7267608642578,57.28227233886719,34.287793477376304
2021-01-01,2021,1,Meru,18.40076,chirps-v2.0.2021.01.tif,140.1551971435547,214.91509628295898,46.71839904785156,35.8191827138265
2021-02-01,2021,2,Meru,12.732329,chirps-v2.0.2021.02.tif,64.08687496185303,213.9555549621582,21.362291653951008,35.6592591603597
2021-03-01,2021,3,Meru,24.853806,chirps-v2.0.2021.03.tif,55.98689556121826,227.83371257781982,18.662298520406086,37.972285429636635
2021-04-01,2021,4,Meru,77.90415,chirps-v2.0.2021.04.tif,115.4902868270874,255.6454839706421,38.4967622756958,42.60758066177368
2021-05-01,2021,5,Meru,78.72757,chirps-v2.0.2021.05.tif,181.48552703857422,245.57240200042725,60.49517567952474,40.92873366673788
2021-06-01,2021,6,Meru,2.8676302,chirps-v2.0.2021.06.tif,159.49935173988342,215.48624730110168,53.16645057996114,35.91437455018362
2021-07-01,2021,7,Meru,6.9701815,chirps-v2.0.2021.07.tif,88.56538128852844,204.05566811561584,29.521793762842815,34.00927801926931
2021-08-01,2021,8,Meru,5.1432877,chirps-v2.0.2021.08.tif,14.981099367141724,196.46662640571594,4.993699789047241,32.74443773428599
2021-09-01,2021,9,Meru,4.901481,chirps-v2.0.2021.09.tif,17.014950275421143,176.51430201530457,5.671650091807048,29.419050335884094
2021-10-01,2021,10,Meru,34.03647,chirps-v2.0.2021.10.tif,44.08123731613159,132.64661860466003,14.693745772043863,22.10776976744334
2021-11-01,2021,11,Meru,66.752335,chirps-v2.0.2021.11.tif,105.69028425216675,120.67138361930847,35.23009475072225,20.111897269884746
2021-12-01,2021,12,Meru,85.40633,chirps-v2.0.2021.12.tif,186.19512939453125,203.2100796699524,62.065043131510414,33.86834661165873
2022-01-01,2022,1,Meru,17.469297,chirps-v2.0.2022.01.tif,169.6279582977295,213.70919561386108,56.54265276590983,35.618199268976845
2022-02-01,2022,2,Meru,10.414026,chirps-v2.0.2022.02.tif,113.2896499633789,218.97993421554565,37.76321665445963,36.49665570259094
2022-03-01,2022,3,Meru,16.393507,chirps-v2.0.2022.03.tif,44.27683067321777,230.47196006774902,14.758943557739258,38.41199334462484
2022-04-01,2022,4,Meru,71.19888,chirps-v2.0.2022.04.tif,98.00641632080078,267.6343746185303,32.66880544026693,44.60572910308838
2022-05-01,2022,5,Meru,13.455254,chirps-v2.0.2022.05.tif,101.04764366149902,214.33729362487793,33.68254788716634,35.72288227081299
2022-06-01,2022,6,Meru,3.2767591,chirps-v2.0.2022.06.tif,87.93089580535889,132.20772647857666,29.310298601786297,22.034621079762776
2022-07-01,2022,7,Meru,7.7823358,chirps-v2.0.2022.07.tif,24.51434850692749,122.52076482772827,8.171449502309164,20.420127471288044
2022-08-01,2022,8,Meru,12.933777,chirps-v2.0.2022.08.tif,23.99287176132202,125.04051542282104,7.997623920440674,20.84008590380351
2022-09-01,2022,9,Meru,6.7851834,chirps-v2.0.2022.09.tif,27.501296043395996,115.43219184875488,9.167098681131998,19.23869864145915
2022-10-01,2022,10,Meru,19.053146,chirps-v2.0.2022.10.tif,38.772106647491455,63.286455154418945,12.924035549163818,10.54774252573649
2022-11-01,2022,11,Meru,120.01047,chirps-v2.0.2022.11.tif,145.84879732131958,169.8416690826416,48.61626577377319,28.306944847106934
2022-12-01,2022,12,Meru,44.232445,chirps-v2.0.2022.12.tif,183.29605865478516,210.79735469818115,61.09868621826172,35.13289244969686
2023-01-01,2023,1,Meru,12.732744,chirps-v2.0.2023.01.tif,176.9756565093994,215.74776315689087,58.99188550313314,35.957960526148476
2023-02-01,2023,2,Meru,3.975306,chirps-v2.0.2023.02.tif,60.940495014190674,206.78929233551025,20.313498338063557,34.46488205591837
2023-03-01,2023,3,Meru,56.182056,chirps-v2.0.2023.03.tif,72.89010667800903,256.1861653327942,24.29670222600301,42.69769422213236
2023-04-01,2023,4,Meru,208.64676,chirps-v2.0.2023.04.tif,268.8041214942932,445.7797780036926,89.60137383143108,74.2966296672821
2023-05-01,2023,5,Meru,20.436474,chirps-v2.0.2023.05.tif,285.2652893066406,346.2057843208313,95.0884297688802,57.700964053471886
2023-06-01,2023,6,Meru,9.265021,chirps-v2.0.2023.06.tif,238.3482542037964,311.2383608818054,79.44941806793213,51.87306014696757
2023-07-01,2023,7,Meru,10.174162,chirps-v2.0.2023.07.tif,39.875657081604004,308.6797785758972,13.291885693868002,51.446629762649536
2023-08-01,2023,8,Meru,7.8994102,chirps-v2.0.2023.08.tif,27.33859348297119,312.6038827896118,9.11286449432373,52.10064713160197
2023-09-01,2023,9,Meru,6.343263,chirps-v2.0.2023.09.tif,24.41683530807495,262.76508951187134,8.13894510269165,43.79418158531189
2023-10-01,2023,10,Meru,105.37462,chirps-v2.0.2023.10.tif,119.61729192733765,159.49294900894165,39.872430642445885,26.58215816815694
2023-11-01,2023,11,Meru,209.21707,chirps-v2.0.2023.11.tif,320.93495321273804,348.27354669570923,106.97831773757935,58.04559111595154
2023-12-01,2023,12,Meru,35.678947,chirps-v2.0.2023.12.tif,350.27063751220703,374.687472820282,116.75687917073567,62.44791213671366
2024-01-01,2024,1,Meru,26.763397,chirps-v2.0.2024.01.tif,271.65941619873047,391.2767081260681,90.55313873291016,65.21278468767802
2024-02-01,2024,2,Meru,39.495693,chirps-v2.0.2024.02.tif,101.93803787231445,422.8729910850525,33.97934595743815,70.47883184750874
2024-03-01,2024,3,Meru,15.360032,chirps-v2.0.2024.03.tif,81.61912250518799,431.889760017395,27.206374168395996,71.98162666956584
2024-04-01,2024,4,Meru,200.68956,chirps-v2.0.2024.04.tif,255.54528522491455,527.204701423645,85.18176174163818,87.86745023727417
2024-05-01,2024,5,Meru,59.730865,chirps-v2.0.2024.05.tif,275.78045749664307,377.7184953689575,91.92681916554768,62.95308256149292
2024-06-01,2024,6,Meru,2.9781914,chirps-v2.0.2024.06.tif,263.3986167907715,345.0177392959595,87.79953893025716,57.502956549326576
2024-07-01,2024,7,Meru,8.430064,chirps-v2.0.2024.07.tif,71.13912105560303,326.6844062805176,23.713040351867676,54.44740104675293
2024-08-01,2024,8,Meru,8.716569,chirps-v2.0.2024.08.tif,20.12482452392578,295.90528202056885,6.708274841308594,49.31754700342814
2024-09-01,2024,9,Meru,3.105076,chirps-v2.0.2024.09.tif,20.25170922279358,283.65032601356506,6.750569740931193,47.27505433559418
2024-10-01,2024,10,Meru,24.058796,chirps-v2.0.2024.10.tif,35.88044095039368,107.0195620059967,11.96014698346456,17.83659366766612
2024-11-01,2024,11,Meru,158.3935,chirps-v2.0.2024.11.tif,185.55736565589905,205.68219017982483,61.85245521863302,34.2803650299708
2024-12-01,2024,12,Meru,23.694414,chirps-v2.0.2024.12.tif,206.14670372009277,226.39841294288635,68.71556790669759,37.73306882381439
2025-01-01,2025,1,Meru,11.572562,chirps-v2.0.2025.01.tif,193.6604700088501,229.54091095924377,64.55349000295003,38.2568184932073
2025-02-01,2025,2,Meru,6.364127,chirps-v2.0.2025.02.tif,41.631103515625,227.18846917152405,13.877034505208334,37.86474486192068
2025-03-01,2025,3,Meru,76.302895,chirps-v2.0.2025.03.tif,94.23958396911621,300.386287689209,31.41319465637207,50.06438128153483
2025-04-01,2025,4,Meru,136.42091,chirps-v2.0.2025.04.tif,219.08793544769287,412.74840545654297,73.02931181589763,68.79140090942383
2025-05-01,2025,5,Meru,33.765877,chirps-v2.0.2025.05.tif,246.48968505859375,288.12078857421875,82.16322835286458,48.02013142903646
2025-06-01,2025,6,Meru,5.507101,chirps-v2.0.2025.06.tif,175.69389152526855,269.93347549438477,58.56463050842285,44.98891258239746
2025-07-01,2025,7,Meru,5.9186206,chirps-v2.0.2025.07.tif,45.191598415374756,264.2795338630676,15.063866138458252,44.04658897717794
2025-08-01,2025,8,Meru,12.837352,chirps-v2.0.2025.08.tif,24.263073444366455,270.7527585029602,8.087691148122152,45.12545975049337
2025-09-01,2025,9,Meru,6.7167706,chirps-v2.0.2025.09.tif,25.472743034362793,201.16663455963135,8.490914344787598,33.527772426605225
2025-10-01,2025,10,Meru,67.599815,chirps-v2.0.2025.10.tif,87.15393781661987,132.34553623199463,29.05131260553996,22.057589371999104
2025-11-01,2025,11,Meru,43.52924,chirps-v2.0.2025.11.tif,117.84582567214966,142.1088991165161,39.28194189071655,23.684816519419353
2025-12-01,2025,12,Meru,42.72649,chirps-v2.0.2025.12.tif,153.8555450439453,179.3282880783081,51.2851816813151,29.88804801305135
2026-01-01,2026,1,Meru,4.813792,chirps-v2.0.2026.01.tif,91.0695219039917,178.22345972061157,30.356507301330566,29.70390995343526
2026-02-01,2026,2,Meru,53.593487,chirps-v2.0.2026.02.tif,101.13376903533936,218.979594707489,33.71125634511312,36.49659911791483
2019-01-01,2019,1,Narok,13.918582,chirps-v2.0.2019.01.tif,13.91858196258545,13.91858196258545,13.91858196258545,13.91858196258545
2019-02-01,2019,2,Narok,14.320092,chirps-v2.0.2019.02.tif,28.23867416381836,28.23867416381836,14.11933708190918,14.11933708190918
2019-03-01,2019,3,Narok,25.966732,chirps-v2.0.2019.03.tif,54.205406188964844,54.205406188964844,18.06846872965495,18.06846872965495
2019-04-01,2019,4,Narok,77.127144,chirps-v2.0.2019.04.tif,117.41396808624268,131.33255004882812,39.137989362080894,32.83313751220703
2019-05-01,2019,5,Narok,39.176285,chirps-v2.0.2019.05.tif,142.27016067504883,170.5088348388672,47.423386891682945,34.101766967773436
2019-06-01,2019,6,Narok,55.062008,chirps-v2.0.2019.06.tif,171.36543655395508,225.57084274291992,57.121812184651695,37.59514045715332
2019-07-01,2019,7,Narok,20.227468,chirps-v2.0.2019.07.tif,114.46576118469238,231.87972927093506,38.1552537282308,38.646621545155845
2019-08-01,2019,8,Narok,38.03501,chirps-v2.0.2019.08.tif,113.32448768615723,255.59464836120605,37.77482922871908,42.59910806020101
2019-09-01,2019,9,Narok,33.917686,chirps-v2.0.2019.09.tif,92.18016624450684,263.5456027984619,30.726722081502277,43.92426713307699
2019-10-01,2019,10,Narok,52.472137,chirps-v2.0.2019.10.tif,124.42483520507812,238.8905963897705,41.474945068359375,39.81509939829508
2019-11-01,2019,11,Narok,85.067375,chirps-v2.0.2019.11.tif,171.4571990966797,284.7816867828369,57.15239969889323,47.46361446380615
2019-12-01,2019,12,Narok,129.87831,chirps-v2.0.2019.12.tif,267.4178237915039,359.59799003601074,89.13927459716797,59.93299833933512
2020-01-01,2020,1,Narok,80.73269,chirps-v2.0.2020.01.tif,295.6783752441406,420.10321044921875,98.55945841471355,70.01720174153645
2020-02-01,2020,2,Narok,36.15679,chirps-v2.0.2020.02.tif,246.76779174804688,418.22499084472656,82.2559305826823,69.70416514078777
2020-03-01,2020,3,Narok,120.113434,chirps-v2.0.2020.03.tif,237.00291442871094,504.42073822021484,79.00097147623698,84.07012303670247
2020-04-01,2020,4,Narok,136.94702,chirps-v2.0.2020.04.tif,293.21724700927734,588.895622253418,97.73908233642578,98.14927037556966
2020-05-01,2020,5,Narok,47.748596,chirps-v2.0.2020.05.tif,304.8090515136719,551.5768432617188,101.60301717122395,91.92947387695312
2020-06-01,2020,6,Narok,37.3481,chirps-v2.0.2020.06.tif,222.04371643066406,459.046630859375,74.01457214355469,76.50777180989583
2020-07-01,2020,7,Narok,16.751587,chirps-v2.0.2020.07.tif,101.84828186035156,395.0655288696289,33.94942728678385,65.84425481160481
2020-08-01,2020,8,Narok,26.780462,chirps-v2.0.2020.08.tif,80.88014793395996,385.68919944763184,26.960049311319988,64.28153324127197
2020-09-01,2020,9,Narok,33.64868,chirps-v2.0.2020.09.tif,77.18073081970215,299.2244472503662,25.72691027323405,49.87074120839437
2020-10-01,2020,10,Narok,43.710148,chirps-v2.0.2020.10.tif,104.13929176330566,205.98757362365723,34.71309725443522,34.331262270609535
2020-11-01,2020,11,Narok,85.02579,chirps-v2.0.2020.11.tif,162.38461685180664,243.2647647857666,54.12820561726888,40.544127464294434
2020-12-01,2020,12,Narok,30.642649,chirps-v2.0.2020.12.tif,159.37858390808105,236.5593147277832,53.126194636027016,39.42655245463053
2021-01-01,2021,1,Narok,31.17004,chirps-v2.0.2021.01.tif,146.83847618103027,250.97776794433594,48.94615872701009,41.829627990722656
2021-02-01,2021,2,Narok,48.179447,chirps-v2.0.2021.02.tif,109.99213600158691,272.37675285339355,36.664045333862305,45.39612547556559
2021-03-01,2021,3,Narok,32.23134,chirps-v2.0.2021.03.tif,111.58082580566406,270.9594097137451,37.19360860188802,45.15990161895752
2021-04-01,2021,4,Narok,80.00834,chirps-v2.0.2021.04.tif,160.41912460327148,307.25760078430176,53.47304153442383,51.20960013071696
2021-05-01,2021,5,Narok,77.09121,chirps-v2.0.2021.05.tif,189.3308868408203,299.3230228424072,63.11029561360677,49.887170473734535
2021-06-01,2021,6,Narok,20.283321,chirps-v2.0.2021.06.tif,177.38286972045898,288.96369552612305,59.12762324015299,48.16061592102051
2021-07-01,2021,7,Narok,24.346157,chirps-v2.0.2021.07.tif,121.72068786621094,282.1398124694824,40.57356262207031,47.02330207824707
2021-08-01,2021,8,Narok,38.404125,chirps-v2.0.2021.08.tif,83.03360366821289,272.3644905090332,27.677867889404297,45.39408175150553
2021-09-01,2021,9,Narok,28.648808,chirps-v2.0.2021.09.tif,91.39908981323242,268.7819595336914,30.466363271077473,44.796993255615234
2021-10-01,2021,10,Narok,25.621017,chirps-v2.0.2021.10.tif,92.6739501953125,214.39463806152344,30.891316731770832,35.73243967692057
2021-11-01,2021,11,Narok,40.059616,chirps-v2.0.2021.11.tif,94.32944107055664,177.36304473876953,31.44314702351888,29.56050745646159
2021-12-01,2021,12,Narok,36.375256,chirps-v2.0.2021.12.tif,102.05588912963867,193.4549789428711,34.018629709879555,32.242496490478516
2022-01-01,2022,1,Narok,50.978107,chirps-v2.0.2022.01.tif,127.41297912597656,220.08692932128906,42.47099304199219,36.68115488688151
2022-02-01,2022,2,Narok,84.44059,chirps-v2.0.2022.02.tif,171.79395294189453,266.1233940124512,57.26465098063151,44.353899002075195
2022-03-01,2022,3,Narok,30.132547,chirps-v2.0.2022.03.tif,165.55124473571777,267.60713386535645,55.18374824523926,44.60118897755941
2022-04-01,2022,4,Narok,79.33033,chirps-v2.0.2022.04.tif,193.90346717834473,321.3164463043213,64.63448905944824,53.552741050720215
2022-05-01,2022,5,Narok,58.79349,chirps-v2.0.2022.05.tif,168.25636863708496,340.0503215789795,56.085456212361656,56.67505359649658
2022-06-01,2022,6,Narok,23.733849,chirps-v2.0.2022.06.tif,161.85766983032227,327.40891456604004,53.95255661010742,54.56815242767334
2022-07-01,2022,7,Narok,15.637245,chirps-v2.0.2022.07.tif,98.16458511352539,292.0680522918701,32.72152837117513,48.678008715311684
2022-08-01,2022,8,Narok,40.827423,chirps-v2.0.2022.08.tif,80.19851684570312,248.4548854827881,26.732838948567707,41.40914758046468
2022-09-01,2022,9,Narok,34.306854,chirps-v2.0.2022.09.tif,90.77152252197266,252.62919235229492,30.257174173990887,42.104865392049156
2022-10-01,2022,10,Narok,24.509073,chirps-v2.0.2022.10.tif,99.64335060119629,197.80793571472168,33.214450200398765,32.96798928578695
2022-11-01,2022,11,Narok,71.02364,chirps-v2.0.2022.11.tif,129.8395709991455,210.03808784484863,43.27985699971517,35.00634797414144
2022-12-01,2022,12,Narok,57.17893,chirps-v2.0.2022.12.tif,152.71164512634277,243.48316764831543,50.90388170878092,40.5805279413859
2023-01-01,2023,1,Narok,13.288112,chirps-v2.0.2023.01.tif,141.49068355560303,241.13403415679932,47.16356118520101,40.18900569279989
2023-02-01,2023,2,Narok,6.780598,chirps-v2.0.2023.02.tif,77.24763822555542,207.08720922470093,25.749212741851807,34.514534870783486
2023-03-01,2023,3,Narok,82.76433,chirps-v2.0.2023.03.tif,102.83303785324097,255.54468297958374,34.27767928441366,42.59078049659729
2023-04-01,2023,4,Narok,90.15874,chirps-v2.0.2023.04.tif,179.7036633491516,321.19434690475464,59.90122111638387,53.53239115079244
2023-05-01,2023,5,Narok,43.607628,chirps-v2.0.2023.05.tif,216.53069305419922,293.77833127975464,72.17689768473308,48.96305521329244
2023-06-01,2023,6,Narok,34.020763,chirps-v2.0.2023.06.tif,167.78712844848633,270.6201663017273,55.92904281616211,45.10336105028788
2023-07-01,2023,7,Narok,10.470272,chirps-v2.0.2023.07.tif,88.09866333007812,267.80232667922974,29.366221110026043,44.633721113204956
2023-08-01,2023,8,Narok,17.980925,chirps-v2.0.2023.08.tif,62.47196006774902,279.00265312194824,20.823986689249676,46.50044218699137
2023-09-01,2023,9,Narok,52.34849,chirps-v2.0.2023.09.tif,80.7996883392334,248.58681678771973,26.933229446411133,41.43113613128662
2023-10-01,2023,10,Narok,30.95981,chirps-v2.0.2023.10.tif,101.28922653198242,189.38788986206055,33.763075510660805,31.564648310343426
2023-11-01,2023,11,Narok,101.50263,chirps-v2.0.2023.11.tif,184.81093406677246,247.28289413452148,61.603644688924156,41.213815689086914
2023-12-01,2023,12,Narok,52.19102,chirps-v2.0.2023.12.tif,184.65346336364746,265.45315170288086,61.551154454549156,44.24219195048014
2024-01-01,2024,1,Narok,107.58857,chirps-v2.0.2024.01.tif,261.28222274780273,362.57144927978516,87.09407424926758,60.428574879964195
2024-02-01,2024,2,Narok,36.407455,chirps-v2.0.2024.02.tif,196.1870460510254,380.99798011779785,65.39568201700847,63.49966335296631
2024-03-01,2024,3,Narok,57.308033,chirps-v2.0.2024.03.tif,201.30405807495117,385.95752143859863,67.10135269165039,64.32625357309978
2024-04-01,2024,4,Narok,171.67445,chirps-v2.0.2024.04.tif,265.38994216918945,526.6721649169922,88.46331405639648,87.77869415283203
2024-05-01,2024,5,Narok,94.1029,chirps-v2.0.2024.05.tif,323.0853843688965,519.2724304199219,107.6951281229655,86.54540506998698
2024-06-01,2024,6,Narok,24.255676,chirps-v2.0.2024.06.tif,290.0330276489258,491.33708572387695,96.67767588297527,81.88951428731282
2024-07-01,2024,7,Narok,38.046375,chirps-v2.0.2024.07.tif,156.40494918823242,421.7948913574219,52.13498306274414,70.29914855957031
2024-08-01,2024,8,Narok,15.598572,chirps-v2.0.2024.08.tif,77.9006233215332,400.9860076904297,25.966874440511067,66.83100128173828
2024-09-01,2024,9,Narok,28.433266,chirps-v2.0.2024.09.tif,82.07821273803711,372.1112403869629,27.35940424601237,62.01854006449381
2024-10-01,2024,10,Narok,25.647015,chirps-v2.0.2024.10.tif,69.67885208129883,226.08380126953125,23.22628402709961,37.680633544921875
2024-11-01,2024,11,Narok,83.33756,chirps-v2.0.2024.11.tif,137.41784286499023,215.31846618652344,45.805947621663414,35.88641103108724
2024-12-01,2024,12,Narok,55.935886,chirps-v2.0.2024.12.tif,164.92046356201172,246.99867630004883,54.973487854003906,41.16644605000814
2025-01-01,2025,1,Narok,52.179092,chirps-v2.0.2025.01.tif,191.45254135131836,261.1313934326172,63.81751378377279,43.521898905436196
2025-02-01,2025,2,Narok,9.161417,chirps-v2.0.2025.02.tif,117.27639579772949,254.69423866271973,39.0921319325765,42.44903977711996
2025-03-01,2025,3,Narok,71.90253,chirps-v2.0.2025.03.tif,133.2430362701416,298.1634998321533,44.41434542338053,49.69391663869222
2025-04-01,2025,4,Narok,101.738716,chirps-v2.0.2025.04.tif,182.80265998840332,374.2552013397217,60.93421999613444,62.37586688995361
2025-05-01,2025,5,Narok,65.05225,chirps-v2.0.2025.05.tif,238.69349670410156,355.96989250183105,79.56449890136719,59.32831541697184
2025-06-01,2025,6,Narok,28.032444,chirps-v2.0.2025.06.tif,194.82341384887695,328.06645011901855,64.94113794962566,54.67774168650309
2025-07-01,2025,7,Narok,19.289358,chirps-v2.0.2025.07.tif,112.37405586242676,295.1767158508301,37.45801862080892,49.19611930847168
2025-08-01,2025,8,Narok,35.256943,chirps-v2.0.2025.08.tif,82.57874488830566,321.2722415924072,27.526248296101887,53.545373598734535
2025-09-01,2025,9,Narok,17.579348,chirps-v2.0.2025.09.tif,72.12564849853516,266.9490623474121,24.04188283284505,44.49151039123535
2025-10-01,2025,10,Narok,36.224724,chirps-v2.0.2025.10.tif,89.06101417541504,201.4350700378418,29.687004725138348,33.57251167297363
2025-11-01,2025,11,Narok,21.462898,chirps-v2.0.2025.11.tif,75.26696968078613,157.8457145690918,25.08898989359538,26.307619094848633
2025-12-01,2025,12,Narok,55.126183,chirps-v2.0.2025.12.tif,112.81380462646484,184.939453125,37.604601542154946,30.8232421875
2026-01-01,2026,1,Narok,10.920747,chirps-v2.0.2026.01.tif,87.50982761383057,176.5708417892456,29.169942537943523,29.428473631540935
2026-02-01,2026,2,Narok,90.53834,chirps-v2.0.2026.02.tif,156.58526706695557,231.8522367477417,52.19508902231852,38.64203945795695
2019-01-01,2019,1,Nyeri,28.069643,chirps-v2.0.2019.01.tif,28.069643020629883,28.069643020629883,28.069643020629883,28.069643020629883
2019-02-01,2019,2,Nyeri,15.2943735,chirps-v2.0.2019.02.tif,43.36401653289795,43.36401653289795,21.682008266448975,21.682008266448975
2019-03-01,2019,3,Nyeri,18.392487,chirps-v2.0.2019.03.tif,61.756503105163574,61.756503105163574,20.585501035054524,20.585501035054524
2019-04-01,2019,4,Nyeri,100.52871,chirps-v2.0.2019.04.tif,134.21556949615479,162.28521251678467,44.738523165384926,40.57130312919617
2019-05-01,2019,5,Nyeri,81.76763,chirps-v2.0.2019.05.tif,200.68882751464844,244.0528440475464,66.89627583821614,48.81056880950928
2019-06-01,2019,6,Nyeri,51.85834,chirps-v2.0.2019.06.tif,234.15468215942383,295.9111852645874,78.05156071980794,49.318530877431236
2019-07-01,2019,7,Nyeri,21.794931,chirps-v2.0.2019.07.tif,155.4209041595459,289.6364736557007,51.80696805318197,48.27274560928345
2019-08-01,2019,8,Nyeri,36.475883,chirps-v2.0.2019.08.tif,110.1291561126709,310.81798362731934,36.70971870422363,51.80299727121989
2019-09-01,2019,9,Nyeri,29.10285,chirps-v2.0.2019.09.tif,87.37366485595703,321.52834701538086,29.124554951985676,53.58805783589681
2019-10-01,2019,10,Nyeri,178.35904,chirps-v2.0.2019.10.tif,243.9377727508545,399.3586769104004,81.31259091695149,66.55977948506673
2019-11-01,2019,11,Nyeri,144.21953,chirps-v2.0.2019.11.tif,351.68141746520996,461.81057357788086,117.22713915506999,76.9684289296468
2019-12-01,2019,12,Nyeri,110.37703,chirps-v2.0.2019.12.tif,432.9555969238281,520.3292617797852,144.31853230794272,86.72154362996419
2020-01-01,2020,1,Nyeri,55.162937,chirps-v2.0.2020.01.tif,309.75949478149414,553.6972675323486,103.25316492716472,92.2828779220581
2020-02-01,2020,2,Nyeri,40.291264,chirps-v2.0.2020.02.tif,205.83123016357422,557.5126476287842,68.61041005452473,92.91877460479736
2020-03-01,2020,3,Nyeri,95.96009,chirps-v2.0.2020.03.tif,191.41429138183594,624.3698883056641,63.80476379394531,104.06164805094402
2020-04-01,2020,4,Nyeri,267.5824,chirps-v2.0.2020.04.tif,403.8337516784668,713.5932464599609,134.61125055948892,118.93220774332683
2020-05-01,2020,5,Nyeri,116.06726,chirps-v2.0.2020.05.tif,479.60974884033203,685.4409790039062,159.8699162801107,114.2401631673177
2020-06-01,2020,6,Nyeri,54.517487,chirps-v2.0.2020.06.tif,438.1671447753906,629.5814361572266,146.05571492513022,104.93023935953777
2020-07-01,2020,7,Nyeri,23.236055,chirps-v2.0.2020.07.tif,193.82080268859863,597.6545543670654,64.60693422953288,99.60909239451091
2020-08-01,2020,8,Nyeri,38.150154,chirps-v2.0.2020.08.tif,115.90369606018066,595.5134449005127,38.634565353393555,99.25224081675212
2020-09-01,2020,9,Nyeri,34.989246,chirps-v2.0.2020.09.tif,96.37545585632324,534.5426006317139,32.12515195210775,89.09043343861897
2020-10-01,2020,10,Nyeri,79.91876,chirps-v2.0.2020.10.tif,153.05816268920898,346.8789653778076,51.019387563069664,57.81316089630127
2020-11-01,2020,11,Nyeri,82.23021,chirps-v2.0.2020.11.tif,197.1382179260254,313.04191398620605,65.71273930867513,52.17365233103434
2020-12-01,2020,12,Nyeri,33.22053,chirps-v2.0.2020.12.tif,195.36950302124023,291.7449588775635,65.12316767374675,48.624159812927246
2021-01-01,2021,1,Nyeri,48.87947,chirps-v2.0.2021.01.tif,164.3302116394043,317.3883743286133,54.776737213134766,52.89806238810221
2021-02-01,2021,2,Nyeri,32.24765,chirps-v2.0.2021.02.tif,114.34765243530273,311.4858703613281,38.115884145100914,51.91431172688802
2021-03-01,2021,3,Nyeri,41.20904,chirps-v2.0.2021.03.tif,122.33616256713867,317.7056655883789,40.77872085571289,52.95094426472982
2021-04-01,2021,4,Nyeri,77.02298,chirps-v2.0.2021.04.tif,150.47967147827148,314.8098831176758,50.159890492757164,52.46831385294596
2021-05-01,2021,5,Nyeri,126.503365,chirps-v2.0.2021.05.tif,244.7353858947754,359.0830383300781,81.57846196492513,59.84717305501302
2021-06-01,2021,6,Nyeri,11.621278,chirps-v2.0.2021.06.tif,215.14762210845947,337.48378467559814,71.71587403615315,56.24729744593302
2021-07-01,2021,7,Nyeri,27.157396,chirps-v2.0.2021.07.tif,165.28203868865967,315.76171016693115,55.09401289621989,52.626951694488525
2021-08-01,2021,8,Nyeri,22.155478,chirps-v2.0.2021.08.tif,60.9341516494751,305.6695375442505,20.311383883158367,50.94492292404175
2021-09-01,2021,9,Nyeri,17.732594,chirps-v2.0.2021.09.tif,67.04546737670898,282.19308948516846,22.34848912556966,47.03218158086141
2021-10-01,2021,10,Nyeri,61.25736,chirps-v2.0.2021.10.tif,101.14542961120605,266.4274682998657,33.71514320373535,44.40457804997762
2021-11-01,2021,11,Nyeri,47.449543,chirps-v2.0.2021.11.tif,126.43949508666992,187.37364673614502,42.146498362223305,31.228941122690838
2021-12-01,2021,12,Nyeri,66.64528,chirps-v2.0.2021.12.tif,175.35218048095703,242.39764785766602,58.45072682698568,40.39960797627767
2022-01-01,2022,1,Nyeri,22.301687,chirps-v2.0.2022.01.tif,136.39650917053223,237.54193878173828,45.46550305684408,39.59032313028971
2022-02-01,2022,2,Nyeri,23.660696,chirps-v2.0.2022.02.tif,112.60766220092773,239.04715728759766,37.53588740030924,39.841192881266274
2022-03-01,2022,3,Nyeri,29.64664,chirps-v2.0.2022.03.tif,75.60902404785156,250.9612045288086,25.20300801595052,41.8268674214681
2022-04-01,2022,4,Nyeri,105.61821,chirps-v2.0.2022.04.tif,158.92554664611816,295.3220558166504,52.97518221537272,49.2203426361084
2022-05-01,2022,5,Nyeri,38.553787,chirps-v2.0.2022.05.tif,173.8186378479004,286.4263000488281,57.93954594930013,47.73771667480469
2022-06-01,2022,6,Nyeri,14.220905,chirps-v2.0.2022.06.tif,158.39290237426758,234.00192642211914,52.79763412475586,39.00032107035319
2022-07-01,2022,7,Nyeri,19.881638,chirps-v2.0.2022.07.tif,72.65633010864258,231.58187675476074,24.21877670288086,38.59697945912679
2022-08-01,2022,8,Nyeri,32.498253,chirps-v2.0.2022.08.tif,66.60079574584961,240.41943359375,22.200265248616535,40.069905598958336
2022-09-01,2022,9,Nyeri,28.431225,chirps-v2.0.2022.09.tif,80.81111526489258,239.20401763916016,26.93703842163086,39.86733627319336
2022-10-01,2022,10,Nyeri,35.62278,chirps-v2.0.2022.10.tif,96.5522575378418,169.20858764648438,32.184085845947266,28.201431274414062
2022-11-01,2022,11,Nyeri,113.221245,chirps-v2.0.2022.11.tif,177.27524948120117,243.87604522705078,59.091749827067055,40.6460075378418
2022-12-01,2022,12,Nyeri,30.182074,chirps-v2.0.2022.12.tif,179.02609825134277,259.83721351623535,59.67536608378092,43.306202252705894
2023-01-01,2023,1,Nyeri,24.21961,chirps-v2.0.2023.01.tif,167.62292861938477,264.17518615722656,55.87430953979492,44.029197692871094
2023-02-01,2023,2,Nyeri,6.6963916,chirps-v2.0.2023.02.tif,61.09807538986206,238.37332487106323,20.36602512995402,39.728887478510536
2023-03-01,2023,3,Nyeri,56.679707,chirps-v2.0.2023.03.tif,87.59570837020874,266.6218066215515,29.198569456736248,44.43696777025858
2023-04-01,2023,4,Nyeri,167.83531,chirps-v2.0.2023.04.tif,231.21141004562378,398.83433866500854,77.07047001520793,66.47238977750142
2023-05-01,2023,5,Nyeri,55.01605,chirps-v2.0.2023.05.tif,279.53106689453125,340.6291422843933,93.17702229817708,56.77152371406555
2023-06-01,2023,6,Nyeri,31.822796,chirps-v2.0.2023.06.tif,254.67415618896484,342.2698645591736,84.89138539632161,57.04497742652893
2023-07-01,2023,7,Nyeri,19.399485,chirps-v2.0.2023.07.tif,106.23832893371582,337.4497389793396,35.41277631123861,56.24162316322327
2023-08-01,2023,8,Nyeri,18.246225,chirps-v2.0.2023.08.tif,69.468505859375,348.99957275390625,23.156168619791668,58.166595458984375
2023-09-01,2023,9,Nyeri,25.535686,chirps-v2.0.2023.09.tif,63.181396484375,317.85555267333984,21.060465494791668,52.97592544555664
2023-10-01,2023,10,Nyeri,86.304726,chirps-v2.0.2023.10.tif,130.08663749694824,236.32496643066406,43.36221249898275,39.38749440511068
2023-11-01,2023,11,Nyeri,149.33424,chirps-v2.0.2023.11.tif,261.17465591430664,330.64316177368164,87.05821863810222,55.10719362894694
2023-12-01,2023,12,Nyeri,31.1001,chirps-v2.0.2023.12.tif,266.73906898498535,329.92046546936035,88.91302299499512,54.986744244893394
2024-01-01,2024,1,Nyeri,56.631813,chirps-v2.0.2024.01.tif,237.0661563873291,367.15279388427734,79.0220521291097,61.192132314046226
2024-02-01,2024,2,Nyeri,41.95508,chirps-v2.0.2024.02.tif,129.68699073791504,390.8616466522217,43.228996912638344,65.14360777537028
2024-03-01,2024,3,Nyeri,30.861351,chirps-v2.0.2024.03.tif,129.4482421875,396.18731117248535,43.1494140625,66.03121852874756
2024-04-01,2024,4,Nyeri,273.69705,chirps-v2.0.2024.04.tif,346.5134811401367,583.5796375274658,115.5044937133789,97.26327292124431
2024-05-01,2024,5,Nyeri,159.78099,chirps-v2.0.2024.05.tif,464.33939361572266,594.0263843536377,154.77979787190756,99.00439739227295
2024-06-01,2024,6,Nyeri,20.237942,chirps-v2.0.2024.06.tif,453.7159843444824,583.1642265319824,151.2386614481608,97.1940377553304
2024-07-01,2024,7,Nyeri,40.152344,chirps-v2.0.2024.07.tif,220.1712760925293,566.684757232666,73.39042536417644,94.44745953877766
2024-08-01,2024,8,Nyeri,28.914469,chirps-v2.0.2024.08.tif,89.30475425720215,553.6441478729248,29.768251419067383,92.27402464548747
2024-09-01,2024,9,Nyeri,17.913532,chirps-v2.0.2024.09.tif,86.98034477233887,540.6963291168213,28.99344825744629,90.11605485280354
2024-10-01,2024,10,Nyeri,51.58444,chirps-v2.0.2024.10.tif,98.41243934631348,318.5837154388428,32.80414644877116,53.09728590647379
2024-11-01,2024,11,Nyeri,115.33847,chirps-v2.0.2024.11.tif,184.83644104003906,274.1411952972412,61.61214701334635,45.69019921620687
2024-12-01,2024,12,Nyeri,33.36473,chirps-v2.0.2024.12.tif,200.28763961791992,287.2679843902588,66.76254653930664,47.877997398376465
2025-01-01,2025,1,Nyeri,34.13476,chirps-v2.0.2025.01.tif,182.83796310424805,281.2504024505615,60.945987701416016,46.87506707509359
2025-02-01,2025,2,Nyeri,8.826482,chirps-v2.0.2025.02.tif,76.3259744644165,261.16241550445557,25.441991488138836,43.52706925074259
2025-03-01,2025,3,Nyeri,72.25566,chirps-v2.0.2025.03.tif,115.21690464019775,315.5045442581177,38.40563488006592,52.58409070968628
2025-04-01,2025,4,Nyeri,147.61116,chirps-v2.0.2025.04.tif,228.69330310821533,411.5312662124634,76.23110103607178,68.5885443687439
2025-05-01,2025,5,Nyeri,84.93275,chirps-v2.0.2025.05.tif,304.79956817626953,381.12554264068604,101.59985605875652,63.52092377344767
2025-06-01,2025,6,Nyeri,29.2378,chirps-v2.0.2025.06.tif,261.7817077636719,376.99861240386963,87.2605692545573,62.83310206731161
2025-07-01,2025,7,Nyeri,15.251504,chirps-v2.0.2025.07.tif,129.42205142974854,358.11535453796387,43.140683809916176,59.68589242299398
2025-08-01,2025,8,Nyeri,46.03993,chirps-v2.0.2025.08.tif,90.5292329788208,395.32880115509033,30.176410992940266,65.88813352584839
2025-09-01,2025,9,Nyeri,28.968834,chirps-v2.0.2025.09.tif,90.26026630401611,352.041974067688,30.08675543467204,58.67366234461466
2025-10-01,2025,10,Nyeri,113.256874,chirps-v2.0.2025.10.tif,188.2656364440918,317.68768787384033,62.7552121480306,52.94794797897339
2025-11-01,2025,11,Nyeri,40.9937,chirps-v2.0.2025.11.tif,183.2194061279297,273.7486391067505,61.07313537597656,45.62477318445841
2025-12-01,2025,12,Nyeri,76.80854,chirps-v2.0.2025.12.tif,231.05911254882812,321.31937885284424,77.0197041829427,53.55322980880737
2026-01-01,2026,1,Nyeri,10.846783,chirps-v2.0.2026.01.tif,128.64902114868164,316.91465759277344,42.88300704956055,52.81910959879557
2026-02-01,2026,2,Nyeri,93.707756,chirps-v2.0.2026.02.tif,181.36307907104492,364.5824851989746,60.454359690348305,60.76374753316244
2019-01-01,2019,1,Samburu,6.780695,chirps-v2.0.2019.01.tif,6.780694961547852,6.780694961547852,6.780694961547852,6.780694961547852
2019-02-01,2019,2,Samburu,5.280775,chirps-v2.0.2019.02.tif,12.061470031738281,12.061470031738281,6.030735015869141,6.030735015869141
2019-03-01,2019,3,Samburu,13.826441,chirps-v2.0.2019.03.tif,25.887910842895508,25.887910842895508,8.629303614298502,8.629303614298502
2019-04-01,2019,4,Samburu,43.067593,chirps-v2.0.2019.04.tif,62.174808502197266,68.95550346374512,20.72493616739909,17.23887586593628
2019-05-01,2019,5,Samburu,15.854125,chirps-v2.0.2019.05.tif,72.74815845489502,84.8096284866333,24.249386151631672,16.96192569732666
2019-06-01,2019,6,Samburu,16.293228,chirps-v2.0.2019.06.tif,75.21494579315186,101.10285663604736,25.071648597717285,16.850476106007893
2019-07-01,2019,7,Samburu,9.589373,chirps-v2.0.2019.07.tif,41.73672580718994,103.9115343093872,13.91224193572998,17.318589051564533
2019-08-01,2019,8,Samburu,10.549591,chirps-v2.0.2019.08.tif,36.43219184875488,109.1803503036499,12.144063949584961,18.19672505060832
2019-09-01,2019,9,Samburu,5.6273437,chirps-v2.0.2019.09.tif,25.76630735397339,100.98125314712524,8.588769117991129,16.830208857854206
2019-10-01,2019,10,Samburu,59.095936,chirps-v2.0.2019.10.tif,75.2728705406189,117.00959634780884,25.090956846872967,19.501599391301472
2019-11-01,2019,11,Samburu,70.9377,chirps-v2.0.2019.11.tif,135.66097784042358,172.09316968917847,45.22032594680786,28.68219494819641
2019-12-01,2019,12,Samburu,55.57609,chirps-v2.0.2019.12.tif,185.60972595214844,211.37603330612183,61.86990865071615,35.22933888435364
2020-01-01,2020,1,Samburu,15.946117,chirps-v2.0.2020.01.tif,142.45990753173828,217.73277807235718,47.48663584391276,36.28879634539286
2020-02-01,2020,2,Samburu,15.278861,chirps-v2.0.2020.02.tif,86.80107021331787,222.46204805374146,28.933690071105957,37.07700800895691
2020-03-01,2020,3,Samburu,56.49298,chirps-v2.0.2020.03.tif,87.7179594039917,273.32768535614014,29.239319801330566,45.554614226023354
2020-04-01,2020,4,Samburu,110.24841,chirps-v2.0.2020.04.tif,182.02025508880615,324.48016262054443,60.67341836293539,54.08002710342407
2020-05-01,2020,5,Samburu,24.579191,chirps-v2.0.2020.05.tif,191.3205852508545,278.12165546417236,63.7735284169515,46.353609244028725
2020-06-01,2020,6,Samburu,18.391731,chirps-v2.0.2020.06.tif,153.21933555603027,240.93729496002197,51.07311185201009,40.156215826670326
2020-07-01,2020,7,Samburu,10.768847,chirps-v2.0.2020.07.tif,53.73976993560791,235.76002502441406,17.913256645202637,39.29333750406901
2020-08-01,2020,8,Samburu,19.330158,chirps-v2.0.2020.08.tif,48.490736961364746,239.81132221221924,16.163578987121582,39.96855370203654
2020-09-01,2020,9,Samburu,5.5538454,chirps-v2.0.2020.09.tif,35.65285110473633,188.8721866607666,11.884283701578775,31.478697776794434
2020-10-01,2020,10,Samburu,29.392895,chirps-v2.0.2020.10.tif,54.27689838409424,108.01666831970215,18.092299461364746,18.00277805328369
2020-11-01,2020,11,Samburu,25.151485,chirps-v2.0.2020.11.tif,60.098225593566895,108.58896255493164,20.032741864522297,18.09816042582194
2020-12-01,2020,12,Samburu,16.109682,chirps-v2.0.2020.12.tif,70.65406227111816,106.30691337585449,23.551354090372723,17.71781889597575
2021-01-01,2021,1,Samburu,7.5118756,chirps-v2.0.2021.01.tif,48.773043155670166,103.0499415397644,16.257681051890057,17.1749902566274
2021-02-01,2021,2,Samburu,11.612494,chirps-v2.0.2021.02.tif,35.2340521812439,95.33227777481079,11.744684060414633,15.888712962468466
2021-03-01,2021,3,Samburu,16.047169,chirps-v2.0.2021.03.tif,35.17153882980347,105.82560110092163,11.723846276601156,17.63760018348694
2021-04-01,2021,4,Samburu,21.141624,chirps-v2.0.2021.04.tif,48.80128765106201,97.57433080673218,16.267095883687336,16.262388467788696
2021-05-01,2021,5,Samburu,40.381138,chirps-v2.0.2021.05.tif,77.56993103027344,112.80398321151733,25.856643676757812,18.800663868586224
2021-06-01,2021,6,Samburu,5.553769,chirps-v2.0.2021.06.tif,67.07653141021729,102.24807024002075,22.35884380340576,17.04134504000346
2021-07-01,2021,7,Samburu,6.943714,chirps-v2.0.2021.07.tif,52.878621101379395,101.6799087524414,17.626207033793133,16.946651458740234
2021-08-01,2021,8,Samburu,8.934159,chirps-v2.0.2021.08.tif,21.431642532348633,99.00157356262207,7.143880844116211,16.50026226043701
2021-09-01,2021,9,Samburu,4.9876437,chirps-v2.0.2021.09.tif,20.865517139434814,87.9420485496521,6.9551723798116045,14.657008091608683
2021-10-01,2021,10,Samburu,14.486659,chirps-v2.0.2021.10.tif,28.408462047576904,81.2870831489563,9.4694873491923,13.547847191492716
2021-11-01,2021,11,Samburu,24.34394,chirps-v2.0.2021.11.tif,43.81824350357056,65.24988603591919,14.606081167856852,10.874981005986532
2021-12-01,2021,12,Samburu,27.59023,chirps-v2.0.2021.12.tif,66.42083072662354,87.28634786605835,22.14027690887451,14.547724644343058
2022-01-01,2022,1,Samburu,8.7203455,chirps-v2.0.2022.01.tif,60.65451717376709,89.062979221344,20.218172391255695,14.843829870223999
2022-02-01,2022,2,Samburu,6.9172,chirps-v2.0.2022.02.tif,43.227776527404785,87.04602003097534,14.409258842468262,14.507670005162558
2022-03-01,2022,3,Samburu,14.301194,chirps-v2.0.2022.03.tif,29.938739776611328,96.35957050323486,9.97957992553711,16.05992841720581
2022-04-01,2022,4,Samburu,50.15109,chirps-v2.0.2022.04.tif,71.36948299407959,132.02400016784668,23.789827664693195,22.004000027974445
2022-05-01,2022,5,Samburu,14.089826,chirps-v2.0.2022.05.tif,78.5421085357666,121.76988506317139,26.180702845255535,20.294980843861897
2022-06-01,2022,6,Samburu,4.9183483,chirps-v2.0.2022.06.tif,69.15926265716553,99.09800243377686,23.053087552388508,16.51633373896281
2022-07-01,2022,7,Samburu,7.4489126,chirps-v2.0.2022.07.tif,26.45708656311035,97.82656955718994,8.819028854370117,16.304428259531658
2022-08-01,2022,8,Samburu,11.233459,chirps-v2.0.2022.08.tif,23.600720405578613,102.14282894134521,7.866906801859538,17.023804823557537
2022-09-01,2022,9,Samburu,4.747013,chirps-v2.0.2022.09.tif,23.4293851852417,92.58864784240723,7.809795061747233,15.431441307067871
2022-10-01,2022,10,Samburu,13.193555,chirps-v2.0.2022.10.tif,29.17402744293213,55.63111400604248,9.724675814310709,9.271852334340414
2022-11-01,2022,11,Samburu,27.641056,chirps-v2.0.2022.11.tif,45.581624031066895,69.18234443664551,15.193874677022299,11.530390739440918
2022-12-01,2022,12,Samburu,23.929722,chirps-v2.0.2022.12.tif,64.76433277130127,88.19371795654297,21.58811092376709,14.698952992757162
2023-01-01,2023,1,Samburu,5.346291,chirps-v2.0.2023.01.tif,56.91706895828247,86.0910964012146,18.97235631942749,14.3485160668691
2023-02-01,2023,2,Samburu,2.4029906,chirps-v2.0.2023.02.tif,31.679003477096558,77.26062750816345,10.559667825698853,12.876771251360575
2023-03-01,2023,3,Samburu,47.363422,chirps-v2.0.2023.03.tif,55.112704038619995,119.87703680992126,18.370901346206665,19.979506134986877
2023-04-01,2023,4,Samburu,99.08498,chirps-v2.0.2023.04.tif,148.851389169693,205.76845812797546,49.617129723230995,34.294743021329246
2023-05-01,2023,5,Samburu,18.070608,chirps-v2.0.2023.05.tif,164.51900672912598,196.19801020622253,54.83966890970866,32.69966836770376
2023-06-01,2023,6,Samburu,8.722588,chirps-v2.0.2023.06.tif,125.87817192077637,180.99087595939636,41.95939064025879,30.165145993232727
2023-07-01,2023,7,Samburu,7.727854,chirps-v2.0.2023.07.tif,34.52104949951172,183.3724386692047,11.50701649983724,30.56207311153412
2023-08-01,2023,8,Samburu,7.9279695,chirps-v2.0.2023.08.tif,24.378410816192627,188.8974175453186,8.126136938730875,31.48290292421977
2023-09-01,2023,9,Samburu,3.8276439,chirps-v2.0.2023.09.tif,19.48346710205078,145.36163902282715,6.494489034016927,24.22693983713786
2023-10-01,2023,10,Samburu,54.423523,chirps-v2.0.2023.10.tif,66.17913627624512,100.70018577575684,22.059712092081707,16.783364295959473
2023-11-01,2023,11,Samburu,69.15967,chirps-v2.0.2023.11.tif,127.41083478927612,151.78924560546875,42.47027826309204,25.298207600911457
2023-12-01,2023,12,Samburu,15.208136,chirps-v2.0.2023.12.tif,138.79132652282715,158.27479362487793,46.26377550760905,26.37913227081299
2024-01-01,2024,1,Samburu,12.406804,chirps-v2.0.2024.01.tif,96.77460765838623,162.95374393463135,32.25820255279541,27.158957322438557
2024-02-01,2024,2,Samburu,26.057184,chirps-v2.0.2024.02.tif,53.67212390899658,181.0829586982727,17.890707969665527,30.180493116378784
2024-03-01,2024,3,Samburu,8.718079,chirps-v2.0.2024.03.tif,47.182066917419434,185.97339344024658,15.72735563913981,30.99556557337443
2024-04-01,2024,4,Samburu,97.03952,chirps-v2.0.2024.04.tif,131.81478309631348,228.5893907546997,43.93826103210449,38.09823179244995
2024-05-01,2024,5,Samburu,33.688225,chirps-v2.0.2024.05.tif,139.4458236694336,193.11794757843018,46.48194122314453,32.18632459640503
2024-06-01,2024,6,Samburu,4.8347645,chirps-v2.0.2024.06.tif,135.56250953674316,182.7445764541626,45.18750317891439,30.4574294090271
2024-07-01,2024,7,Samburu,14.7645,chirps-v2.0.2024.07.tif,53.28748893737793,185.1022720336914,17.76249631245931,30.850378672281902
2024-08-01,2024,8,Samburu,12.352217,chirps-v2.0.2024.08.tif,31.951480865478516,171.3973045349121,10.650493621826172,28.56621742248535
2024-09-01,2024,9,Samburu,2.6581428,chirps-v2.0.2024.09.tif,29.774859189987183,165.33736872673035,9.924953063329061,27.556228121121723
2024-10-01,2024,10,Samburu,21.62705,chirps-v2.0.2024.10.tif,36.637409925460815,89.92489886283875,12.212469975153605,14.987483143806458
2024-11-01,2024,11,Samburu,50.348732,chirps-v2.0.2024.11.tif,74.63392519950867,106.58540606498718,24.877975066502888,17.76423434416453
2024-12-01,2024,12,Samburu,7.514679,chirps-v2.0.2024.12.tif,79.4904613494873,109.26532053947449,26.4968204498291,18.210886756579082
2025-01-01,2025,1,Samburu,7.6675663,chirps-v2.0.2025.01.tif,65.53097724914551,102.16838717460632,21.843659083048504,17.028064529101055
2025-02-01,2025,2,Samburu,2.8173227,chirps-v2.0.2025.02.tif,17.999567985534668,92.63349318504333,5.999855995178223,15.438915530840555
2025-03-01,2025,3,Samburu,48.648777,chirps-v2.0.2025.03.tif,59.133666038513184,138.6241273880005,19.711222012837727,23.104021231333416
2025-04-01,2025,4,Samburu,62.099064,chirps-v2.0.2025.04.tif,113.56516361236572,179.09614086151123,37.85505453745524,29.849356810251873
2025-05-01,2025,5,Samburu,24.598986,chirps-v2.0.2025.05.tif,135.34682655334473,153.3463945388794,45.11560885111491,25.557732423146565
2025-06-01,2025,6,Samburu,6.758108,chirps-v2.0.2025.06.tif,93.45615768432617,152.58982372283936,31.15205256144206,25.431637287139893
2025-07-01,2025,7,Samburu,6.031506,chirps-v2.0.2025.07.tif,37.38859987258911,150.95376348495483,12.462866624196371,25.158960580825806
2025-08-01,2025,8,Samburu,14.975197,chirps-v2.0.2025.08.tif,27.764811038970947,163.11163759231567,9.254937012990316,27.185272932052612
2025-09-01,2025,9,Samburu,4.568704,chirps-v2.0.2025.09.tif,25.575407028198242,119.03156471252441,8.52513567606608,19.83859411875407
2025-10-01,2025,10,Samburu,33.92815,chirps-v2.0.2025.10.tif,53.47205114364624,90.86065101623535,17.82401704788208,15.143441836039225
2025-11-01,2025,11,Samburu,17.928461,chirps-v2.0.2025.11.tif,56.425315380096436,84.19012641906738,18.808438460032146,14.03168773651123
2025-12-01,2025,12,Samburu,21.718714,chirps-v2.0.2025.12.tif,73.57532501220703,99.15073204040527,24.525108337402344,16.52512200673421
2026-01-01,2026,1,Samburu,2.5427005,chirps-v2.0.2026.01.tif,42.18987536430359,95.66192650794983,14.063291788101196,15.943654417991638
2026-02-01,2026,2,Samburu,34.17744,chirps-v2.0.2026.02.tif,58.438854932785034,114.86417031288147,19.479618310928345,19.144028385480244
2019-01-01,2019,1,Taita Taveta,14.228221,chirps-v2.0.2019.01.tif,14.22822093963623,14.22822093963623,14.22822093963623,14.22822093963623
2019-02-01,2019,2,Taita Taveta,11.513758,chirps-v2.0.2019.02.tif,25.741978645324707,25.741978645324707,12.870989322662354,12.870989322662354
2019-03-01,2019,3,Taita Taveta,9.486196,chirps-v2.0.2019.03.tif,35.22817420959473,35.22817420959473,11.742724736531576,11.742724736531576
2019-04-01,2019,4,Taita Taveta,57.270973,chirps-v2.0.2019.04.tif,78.2709264755249,92.49914741516113,26.09030882517497,23.124786853790283
2019-05-01,2019,5,Taita Taveta,37.940525,chirps-v2.0.2019.05.tif,104.69769382476807,130.43967247009277,34.89923127492269,26.087934494018555
2019-06-01,2019,6,Taita Taveta,10.589455,chirps-v2.0.2019.06.tif,105.80095291137695,141.02912712097168,35.26698430379232,23.504854520161945
2019-07-01,2019,7,Taita Taveta,10.871169,chirps-v2.0.2019.07.tif,59.40114879608154,137.67207527160645,19.80038293202718,22.945345878601074
2019-08-01,2019,8,Taita Taveta,17.94899,chirps-v2.0.2019.08.tif,39.409613609313965,144.10730743408203,13.136537869771322,24.017884572347004
2019-09-01,2019,9,Taita Taveta,17.83825,chirps-v2.0.2019.09.tif,46.65840816497803,152.45936107635498,15.552802721659342,25.40989351272583
2019-10-01,2019,10,Taita Taveta,97.584404,chirps-v2.0.2019.10.tif,133.37164306640625,192.7727918624878,44.45721435546875,32.12879864374796
2019-11-01,2019,11,Taita Taveta,100.42632,chirps-v2.0.2019.11.tif,215.8489761352539,255.25858974456787,71.9496587117513,42.543098290761314
2019-12-01,2019,12,Taita Taveta,126.62339,chirps-v2.0.2019.12.tif,324.63411712646484,371.29252529144287,108.21137237548828,61.882087548573814
2020-01-01,2020,1,Taita Taveta,61.320457,chirps-v2.0.2020.01.tif,288.3701705932617,421.74181365966797,96.1233901977539,70.29030227661133
2020-02-01,2020,2,Taita Taveta,16.194191,chirps-v2.0.2020.02.tif,204.1380386352539,419.9870147705078,68.04601287841797,69.99783579508464
2020-03-01,2020,3,Taita Taveta,102.90118,chirps-v2.0.2020.03.tif,180.41582489013672,505.04994201660156,60.13860829671224,84.17499033610027
2020-04-01,2020,4,Taita Taveta,94.10851,chirps-v2.0.2020.04.tif,213.2038803100586,501.5740509033203,71.06796010335286,83.59567515055339
2020-05-01,2020,5,Taita Taveta,12.200315,chirps-v2.0.2020.05.tif,209.21000480651855,413.34804344177246,69.73666826883952,68.89134057362874
2020-06-01,2020,6,Taita Taveta,11.108058,chirps-v2.0.2020.06.tif,117.41688632965088,297.8327112197876,39.13896210988363,49.638785203297935
2020-07-01,2020,7,Taita Taveta,9.755329,chirps-v2.0.2020.07.tif,33.06370258331299,246.26758289337158,11.021234194437662,41.044597148895264
2020-08-01,2020,8,Taita Taveta,8.944944,chirps-v2.0.2020.08.tif,29.80833148956299,239.01833629608154,9.936110496520996,39.83638938268026
2020-09-01,2020,9,Taita Taveta,13.821235,chirps-v2.0.2020.09.tif,32.52150821685791,149.9383945465088,10.840502738952637,24.989732424418133
2020-10-01,2020,10,Taita Taveta,11.704005,chirps-v2.0.2020.10.tif,34.470184326171875,67.53388690948486,11.490061442057291,11.255647818247477
2020-11-01,2020,11,Taita Taveta,85.21354,chirps-v2.0.2020.11.tif,110.73877906799316,140.54711055755615,36.91292635599772,23.424518426259358
2020-12-01,2020,12,Taita Taveta,54.371876,chirps-v2.0.2020.12.tif,151.28942012786865,183.81092834472656,50.42980670928955,30.635154724121094
2021-01-01,2021,1,Taita Taveta,22.95854,chirps-v2.0.2021.01.tif,162.54395484924316,197.01413917541504,54.181318283081055,32.835689862569176
2021-02-01,2021,2,Taita Taveta,16.988802,chirps-v2.0.2021.02.tif,94.31921768188477,205.05799674987793,31.439739227294922,34.176332791646324
2021-03-01,2021,3,Taita Taveta,11.867211,chirps-v2.0.2021.03.tif,51.81455326080322,203.10397338867188,17.271517753601074,33.85066223144531
2021-04-01,2021,4,Taita Taveta,51.638382,chirps-v2.0.2021.04.tif,80.49439525604248,243.03835010528564,26.831465085347492,40.50639168421427
2021-05-01,2021,5,Taita Taveta,26.854383,chirps-v2.0.2021.05.tif,90.35997676849365,184.67919445037842,30.11999225616455,30.779865741729736
2021-06-01,2021,6,Taita Taveta,5.2374244,chirps-v2.0.2021.06.tif,83.73018980026245,135.54474306106567,27.91006326675415,22.590790510177612
2021-07-01,2021,7,Taita Taveta,8.066473,chirps-v2.0.2021.07.tif,40.15828084945679,120.65267610549927,13.386093616485596,20.108779350916546
2021-08-01,2021,8,Taita Taveta,9.127738,chirps-v2.0.2021.08.tif,22.43163537979126,112.79161214828491,7.477211793263753,18.798602024714153
2021-09-01,2021,9,Taita Taveta,7.362365,chirps-v2.0.2021.09.tif,24.556575775146484,108.28676557540894,8.185525258382162,18.047794262568157
2021-10-01,2021,10,Taita Taveta,11.910751,chirps-v2.0.2021.10.tif,28.400854110717773,68.55913496017456,9.466951370239258,11.426522493362427
2021-11-01,2021,11,Taita Taveta,36.69213,chirps-v2.0.2021.11.tif,55.96524715423584,78.3968825340271,18.65508238474528,13.066147089004517
2021-12-01,2021,12,Taita Taveta,90.70469,chirps-v2.0.2021.12.tif,139.3075714111328,163.8641471862793,46.43585713704427,27.310691197713215
2022-01-01,2022,1,Taita Taveta,10.65232,chirps-v2.0.2022.01.tif,138.04913997650146,166.44999408721924,46.01637999216715,27.741665681203205
2022-02-01,2022,2,Taita Taveta,17.20049,chirps-v2.0.2022.02.tif,118.55749988555908,174.52274703979492,39.51916662851969,29.087124506632488
2022-03-01,2022,3,Taita Taveta,16.303427,chirps-v2.0.2022.03.tif,44.15623760223389,183.4638090133667,14.718745867411295,30.577301502227783
2022-04-01,2022,4,Taita Taveta,51.956894,chirps-v2.0.2022.04.tif,85.46081161499023,223.5099515914917,28.486937204996746,37.25165859858195
2022-05-01,2022,5,Taita Taveta,14.890916,chirps-v2.0.2022.05.tif,83.15123653411865,201.70873641967773,27.71707884470622,33.61812273661295
2022-06-01,2022,6,Taita Taveta,9.591072,chirps-v2.0.2022.06.tif,76.43888187408447,120.59511947631836,25.479627291361492,20.099186579386394
2022-07-01,2022,7,Taita Taveta,7.8896017,chirps-v2.0.2022.07.tif,32.37158966064453,117.83240127563477,10.79052988688151,19.63873354593913
2022-08-01,2022,8,Taita Taveta,7.071721,chirps-v2.0.2022.08.tif,24.55239486694336,107.70363140106201,8.184131622314453,17.950605233510334
2022-09-01,2022,9,Taita Taveta,7.1713853,chirps-v2.0.2022.09.tif,22.132708072662354,98.57158994674683,7.377569357554118,16.428598324457806
2022-10-01,2022,10,Taita Taveta,9.079413,chirps-v2.0.2022.10.tif,23.322519779205322,55.69410943984985,7.774173259735107,9.28235157330831
2022-11-01,2022,11,Taita Taveta,63.32123,chirps-v2.0.2022.11.tif,79.572030544281,104.12442541122437,26.524010181427002,17.354070901870728
2022-12-01,2022,12,Taita Taveta,38.784527,chirps-v2.0.2022.12.tif,111.18517208099365,133.317880153656,37.06172402699789,22.219646692276
2023-01-01,2023,1,Taita Taveta,9.206905,chirps-v2.0.2023.01.tif,111.31266403198242,134.63518381118774,37.10422134399414,22.439197301864624
2023-02-01,2023,2,Taita Taveta,2.7621343,chirps-v2.0.2023.02.tif,50.75356650352478,130.3255970478058,16.917855501174927,21.720932841300964
2023-03-01,2023,3,Taita Taveta,19.356457,chirps-v2.0.2023.03.tif,31.325496435165405,142.51066851615906,10.441832145055136,23.75177808602651
2023-04-01,2023,4,Taita Taveta,103.18891,chirps-v2.0.2023.04.tif,125.30750250816345,236.62016654014587,41.76916750272115,39.43669442335764
2023-05-01,2023,5,Taita Taveta,15.152979,chirps-v2.0.2023.05.tif,137.6983470916748,188.45191359519958,45.899449030558266,31.408652265866596
2023-06-01,2023,6,Taita Taveta,13.901965,chirps-v2.0.2023.06.tif,132.2438554763794,163.5693519115448,44.08128515879313,27.261558651924133
2023-07-01,2023,7,Taita Taveta,10.219666,chirps-v2.0.2023.07.tif,39.27460956573486,164.58211207389832,13.091536521911621,27.430352012316387
2023-08-01,2023,8,Taita Taveta,11.698938,chirps-v2.0.2023.08.tif,35.82056903839111,173.51891613006592,11.940189679463705,28.919819355010986
2023-09-01,2023,9,Taita Taveta,10.17281,chirps-v2.0.2023.09.tif,32.091413497924805,164.3352689743042,10.697137832641602,27.389211495717365
2023-10-01,2023,10,Taita Taveta,38.196293,chirps-v2.0.2023.10.tif,60.06804084777832,99.34265041351318,20.022680282592773,16.557108402252197
2023-11-01,2023,11,Taita Taveta,177.58582,chirps-v2.0.2023.11.tif,225.95491790771484,261.77548694610596,75.31830596923828,43.62924782435099
2023-12-01,2023,12,Taita Taveta,72.870155,chirps-v2.0.2023.12.tif,288.6522636413574,320.7436771392822,96.21742121378581,53.45727952321371
2024-01-01,2024,1,Taita Taveta,18.634443,chirps-v2.0.2024.01.tif,269.0904140472412,329.15845489501953,89.69680468241374,54.85974248250326
2024-02-01,2024,2,Taita Taveta,26.038078,chirps-v2.0.2024.02.tif,117.54267692565918,343.497594833374,39.18089230855306,57.24959913889567
2024-03-01,2024,3,Taita Taveta,76.5119,chirps-v2.0.2024.03.tif,121.18442344665527,409.8366870880127,40.39480781555176,68.30611451466878
2024-04-01,2024,4,Taita Taveta,57.079395,chirps-v2.0.2024.04.tif,159.62937545776367,428.7197895050049,53.209791819254555,71.45329825083415
2024-05-01,2024,5,Taita Taveta,10.537073,chirps-v2.0.2024.05.tif,144.12837028503418,261.67104721069336,48.04279009501139,43.61184120178223
2024-06-01,2024,6,Taita Taveta,6.718414,chirps-v2.0.2024.06.tif,74.3348822593689,195.51930570602417,24.7782940864563,32.58655095100403
2024-07-01,2024,7,Taita Taveta,3.194553,chirps-v2.0.2024.07.tif,20.450039863586426,180.0794153213501,6.816679954528809,30.01323588689168
2024-08-01,2024,8,Taita Taveta,8.107248,chirps-v2.0.2024.08.tif,18.020215034484863,162.14858531951904,6.006738344828288,27.02476421991984
2024-09-01,2024,9,Taita Taveta,5.909971,chirps-v2.0.2024.09.tif,17.211772441864014,91.54665470123291,5.737257480621338,15.257775783538818
2024-10-01,2024,10,Taita Taveta,10.0664215,chirps-v2.0.2024.10.tif,24.083641052246094,44.53368091583252,8.027880350748697,7.422280152638753
2024-11-01,2024,11,Taita Taveta,80.531494,chirps-v2.0.2024.11.tif,96.50788688659668,114.52810192108154,32.16929562886556,19.088016986846924
2024-12-01,2024,12,Taita Taveta,77.56457,chirps-v2.0.2024.12.tif,168.16248321533203,185.37425565719604,56.054161071777344,30.89570927619934
2025-01-01,2025,1,Taita Taveta,22.333595,chirps-v2.0.2025.01.tif,180.42965698242188,204.51329803466797,60.143218994140625,34.085549672444664
2025-02-01,2025,2,Taita Taveta,2.5560799,chirps-v2.0.2025.02.tif,102.45424270629883,198.9621295928955,34.151414235432945,33.160354932149254
2025-03-01,2025,3,Taita Taveta,44.766167,chirps-v2.0.2025.03.tif,69.65584182739258,237.8183250427246,23.21861394246419,39.636387507120766
2025-04-01,2025,4,Taita Taveta,94.31935,chirps-v2.0.2025.04.tif,141.64159774780273,322.0712547302246,47.21386591593424,53.67854245503744
2025-05-01,2025,5,Taita Taveta,17.457008,chirps-v2.0.2025.05.tif,156.5425262451172,258.996768951416,52.18084208170573,43.166128158569336
2025-06-01,2025,6,Taita Taveta,8.550977,chirps-v2.0.2025.06.tif,120.32733631134033,189.9831781387329,40.10911210378011,31.66386302312215
2025-07-01,2025,7,Taita Taveta,3.351945,chirps-v2.0.2025.07.tif,29.35993003845215,171.00152778625488,9.786643346150717,28.50025463104248
2025-08-01,2025,8,Taita Taveta,8.4551935,chirps-v2.0.2025.08.tif,20.358115196228027,176.90064144134521,6.786038398742676,29.4834402402242
2025-09-01,2025,9,Taita Taveta,8.124889,chirps-v2.0.2025.09.tif,19.93202781677246,140.2593641281128,6.644009272257487,23.3765606880188
2025-10-01,2025,10,Taita Taveta,17.748165,chirps-v2.0.2025.10.tif,34.328248023986816,63.688178062438965,11.44274934132894,10.614696343739828
2025-11-01,2025,11,Taita Taveta,15.622255,chirps-v2.0.2025.11.tif,41.495309829711914,61.85342502593994,13.831769943237305,10.30890417098999
2025-12-01,2025,12,Taita Taveta,39.302574,chirps-v2.0.2025.12.tif,72.67299461364746,92.60502243041992,24.224331537882488,15.434170405069986
2026-01-01,2026,1,Taita Taveta,2.9394364,chirps-v2.0.2026.01.tif,57.86426591873169,92.1925139427185,19.28808863957723,15.365418990453085
2026-02-01,2026,2,Taita Taveta,53.763535,chirps-v2.0.2026.02.tif,96.00554513931274,137.50085496902466,32.00184837977091,22.91680916150411
2019-01-01,2019,1,Tana River,7.5361395,chirps-v2.0.2019.01.tif,7.536139488220215,7.536139488220215,7.536139488220215,7.536139488220215
2019-02-01,2019,2,Tana River,3.9497359,chirps-v2.0.2019.02.tif,11.485875368118286,11.485875368118286,5.742937684059143,5.742937684059143
2019-03-01,2019,3,Tana River,4.833474,chirps-v2.0.2019.03.tif,16.31934952735901,16.31934952735901,5.439783175786336,5.439783175786336
2019-04-01,2019,4,Tana River,18.728573,chirps-v2.0.2019.04.tif,27.51178288459778,35.04792237281799,9.170594294865927,8.761980593204498
2019-05-01,2019,5,Tana River,14.022569,chirps-v2.0.2019.05.tif,37.58461570739746,49.07049107551575,12.528205235799154,9.814098215103149
2019-06-01,2019,6,Tana River,7.7620854,chirps-v2.0.2019.06.tif,40.5132269859314,56.832576513290405,13.504408995310465,9.4720960855484
2019-07-01,2019,7,Tana River,10.433042,chirps-v2.0.2019.07.tif,32.21769571304321,59.72947859764099,10.739231904347738,9.954913099606832
2019-08-01,2019,8,Tana River,7.340079,chirps-v2.0.2019.08.tif,25.535205841064453,63.119821548461914,8.511735280354818,10.519970258076986
2019-09-01,2019,9,Tana River,11.430438,chirps-v2.0.2019.09.tif,29.203558444976807,69.7167854309082,9.734519481658936,11.619464238484701
2019-10-01,2019,10,Tana River,59.215073,chirps-v2.0.2019.10.tif,77.98558950424194,110.20328521728516,25.995196501413982,18.36721420288086
2019-11-01,2019,11,Tana River,101.594734,chirps-v2.0.2019.11.tif,172.24024486541748,197.77545070648193,57.41341495513916,32.96257511774699
2019-12-01,2019,12,Tana River,77.342606,chirps-v2.0.2019.12.tif,238.15241241455078,267.3559708595276,79.38413747151692,44.55932847658793
2020-01-01,2020,1,Tana River,23.50224,chirps-v2.0.2020.01.tif,202.43957901000977,280.4251685142517,67.47985967000325,46.73752808570862
2020-02-01,2020,2,Tana River,4.6478734,chirps-v2.0.2020.02.tif,105.49271821975708,277.73296308517456,35.16423940658569,46.28882718086243
2020-03-01,2020,3,Tana River,38.016743,chirps-v2.0.2020.03.tif,66.1668553352356,304.3192677497864,22.055618445078533,50.71987795829773
2020-04-01,2020,4,Tana River,47.973618,chirps-v2.0.2020.04.tif,90.63823366165161,293.0778126716614,30.21274455388387,48.846302111943565
2020-05-01,2020,5,Tana River,9.015659,chirps-v2.0.2020.05.tif,95.00601959228516,200.49873781204224,31.668673197428387,33.41645630200704
2020-06-01,2020,6,Tana River,8.12633,chirps-v2.0.2020.06.tif,65.11560726165771,131.2824625968933,21.70520242055257,21.88041043281555
2020-07-01,2020,7,Tana River,15.70364,chirps-v2.0.2020.07.tif,32.84562969207764,123.48386335372925,10.948543230692545,20.580643892288208
2020-08-01,2020,8,Tana River,5.290832,chirps-v2.0.2020.08.tif,29.120802402496338,124.1268219947815,9.706934134165445,20.687803665796917
2020-09-01,2020,9,Tana River,7.4970846,chirps-v2.0.2020.09.tif,28.491556644439697,93.60716390609741,9.497185548146566,15.60119398434957
2020-10-01,2020,10,Tana River,7.5440693,chirps-v2.0.2020.10.tif,20.33198595046997,53.17761564254761,6.777328650156657,8.8629359404246
2020-11-01,2020,11,Tana River,38.95445,chirps-v2.0.2020.11.tif,53.99560260772705,83.11640501022339,17.998534202575684,13.852734168370565
2020-12-01,2020,12,Tana River,29.334854,chirps-v2.0.2020.12.tif,75.83337211608887,104.32492876052856,25.277790705362957,17.38748812675476
2021-01-01,2021,1,Tana River,3.566226,chirps-v2.0.2021.01.tif,71.85552883148193,92.1875147819519,23.951842943827312,15.364585796991983
2021-02-01,2021,2,Tana River,2.6978316,chirps-v2.0.2021.02.tif,35.59891176223755,89.5945143699646,11.86630392074585,14.932419061660767
2021-03-01,2021,3,Tana River,6.6043916,chirps-v2.0.2021.03.tif,12.868449211120605,88.70182132720947,4.289483070373535,14.783636887868246
2021-04-01,2021,4,Tana River,20.866224,chirps-v2.0.2021.04.tif,30.168447494506836,102.02397632598877,10.056149164835611,17.003996054331463
2021-05-01,2021,5,Tana River,8.1752,chirps-v2.0.2021.05.tif,35.64581632614136,71.2447280883789,11.881938775380453,11.87412134806315
2021-06-01,2021,6,Tana River,7.4158454,chirps-v2.0.2021.06.tif,36.45727014541626,49.325719356536865,12.15242338180542,8.220953226089478
2021-07-01,2021,7,Tana River,6.6936235,chirps-v2.0.2021.07.tif,22.284669399261475,52.45311689376831,7.428223133087158,8.742186148961386
2021-08-01,2021,8,Tana River,5.151316,chirps-v2.0.2021.08.tif,19.26078510284424,54.906601428985596,6.420261700948079,9.151100238164267
2021-09-01,2021,9,Tana River,5.5509386,chirps-v2.0.2021.09.tif,17.395878314971924,53.853148460388184,5.798626104990642,8.975524743398031
2021-10-01,2021,10,Tana River,6.282489,chirps-v2.0.2021.10.tif,16.98474359512329,39.269412994384766,5.661581198374431,6.544902165730794
2021-11-01,2021,11,Tana River,25.882566,chirps-v2.0.2021.11.tif,37.715993881225586,56.976778984069824,12.57199796040853,9.496129830678305
2021-12-01,2021,12,Tana River,83.42209,chirps-v2.0.2021.12.tif,115.58714389801025,132.98302221298218,38.52904796600342,22.16383703549703
2022-01-01,2022,1,Tana River,3.8577142,chirps-v2.0.2022.01.tif,113.16236925125122,130.1471128463745,37.720789750417076,21.691185474395752
2022-02-01,2022,2,Tana River,3.3763907,chirps-v2.0.2022.02.tif,90.65619349479675,128.37218737602234,30.21873116493225,21.39536456267039
2022-03-01,2022,3,Tana River,6.59515,chirps-v2.0.2022.03.tif,13.829254865646362,129.41639876365662,4.609751621882121,21.569399793942768
2022-04-01,2022,4,Tana River,16.727201,chirps-v2.0.2022.04.tif,26.698742151260376,139.8611114025116,8.899580717086792,23.310185233751934
2022-05-01,2022,5,Tana River,11.458807,chirps-v2.0.2022.05.tif,34.781158447265625,125.43735194206238,11.593719482421875,20.906225323677063
2022-06-01,2022,6,Tana River,7.328095,chirps-v2.0.2022.06.tif,35.514103412628174,49.343358278274536,11.838034470876059,8.22389304637909
2022-07-01,2022,7,Tana River,7.282152,chirps-v2.0.2022.07.tif,26.069054126739502,52.76779627799988,8.689684708913168,8.794632712999979
2022-08-01,2022,8,Tana River,4.900713,chirps-v2.0.2022.08.tif,19.5109601020813,54.292118549346924,6.503653367360433,9.048686424891153
2022-09-01,2022,9,Tana River,5.961466,chirps-v2.0.2022.09.tif,18.144330978393555,53.65843439102173,6.048110326131185,8.943072398503622
2022-10-01,2022,10,Tana River,8.581017,chirps-v2.0.2022.10.tif,19.443195343017578,45.51224946975708,6.481065114339192,7.58537491162618
2022-11-01,2022,11,Tana River,46.408607,chirps-v2.0.2022.11.tif,60.95108985900879,80.46204996109009,20.31702995300293,13.41034166018168
2022-12-01,2022,12,Tana River,15.883801,chirps-v2.0.2022.12.tif,70.87342548370361,89.01775646209717,23.62447516123454,14.836292743682861
2023-01-01,2023,1,Tana River,4.3973536,chirps-v2.0.2023.01.tif,66.68976259231567,86.13295793533325,22.229920864105225,14.355492989222208
2023-02-01,2023,2,Tana River,1.704559,chirps-v2.0.2023.02.tif,21.985714077949524,82.93680393695831,7.328571359316508,13.82280065615972
2023-03-01,2023,3,Tana River,22.7818,chirps-v2.0.2023.03.tif,28.88371193408966,99.75713741779327,9.627903978029886,16.626189569632214
2023-04-01,2023,4,Tana River,77.34886,chirps-v2.0.2023.04.tif,101.8352199792862,168.52498257160187,33.945073326428734,28.08749709526698
2023-05-01,2023,5,Tana River,7.725145,chirps-v2.0.2023.05.tif,107.85580587387085,129.84151995182037,35.95193529129028,21.640253325303394
2023-06-01,2023,6,Tana River,7.410112,chirps-v2.0.2023.06.tif,92.48411846160889,121.36783039569855,30.82803948720296,20.227971732616425
2023-07-01,2023,7,Tana River,8.285686,chirps-v2.0.2023.07.tif,23.420942306518555,125.25616228580475,7.8069807688395185,20.876027047634125
2023-08-01,2023,8,Tana River,7.3762794,chirps-v2.0.2023.08.tif,23.07207679748535,130.9278826713562,7.69069226582845,21.821313778559368
2023-09-01,2023,9,Tana River,7.038046,chirps-v2.0.2023.09.tif,22.700010776519775,115.18412923812866,7.566670258839925,19.197354873021443
2023-10-01,2023,10,Tana River,22.31683,chirps-v2.0.2023.10.tif,36.731154918670654,60.15209722518921,12.24371830622355,10.025349537531534
2023-11-01,2023,11,Tana River,135.173,chirps-v2.0.2023.11.tif,164.52787971496582,187.59995651245117,54.84262657165527,31.266659418741863
2023-12-01,2023,12,Tana River,50.575947,chirps-v2.0.2023.12.tif,208.06578063964844,230.7657914161682,69.35526021321614,38.46096523602804
2024-01-01,2024,1,Tana River,5.608541,chirps-v2.0.2024.01.tif,191.35749197006226,228.0886468887329,63.785830656687416,38.01477448145548
2024-02-01,2024,2,Tana River,4.4351945,chirps-v2.0.2024.02.tif,60.61968231201172,225.14756202697754,20.206560770670574,37.524593671162926
2024-03-01,2024,3,Tana River,22.533426,chirps-v2.0.2024.03.tif,32.57716178894043,240.64294242858887,10.85905392964681,40.10715707143148
2024-04-01,2024,4,Tana River,39.923927,chirps-v2.0.2024.04.tif,66.89254808425903,258.2500400543213,22.297516028086346,43.04167334238688
2024-05-01,2024,5,Tana River,13.696622,chirps-v2.0.2024.05.tif,76.15397548675537,136.7736577987671,25.384658495585125,22.79560963312785
2024-06-01,2024,6,Tana River,7.130876,chirps-v2.0.2024.06.tif,60.75142526626587,93.3285870552063,20.25047508875529,15.55476450920105
2024-07-01,2024,7,Tana River,5.7988353,chirps-v2.0.2024.07.tif,26.626333236694336,93.51888132095337,8.875444412231445,15.586480220158895
2024-08-01,2024,8,Tana River,4.8092003,chirps-v2.0.2024.08.tif,17.738911628723145,93.89288711547852,5.912970542907715,15.64881451924642
2024-09-01,2024,9,Tana River,4.6160364,chirps-v2.0.2024.09.tif,15.224071979522705,75.97549724578857,5.074690659840901,12.662582874298096
2024-10-01,2024,10,Tana River,7.6113977,chirps-v2.0.2024.10.tif,17.03663444519043,43.662967681884766,5.67887814839681,7.277161280314128
2024-11-01,2024,11,Tana River,75.92171,chirps-v2.0.2024.11.tif,88.14914131164551,105.88805294036865,29.383047103881836,17.648008823394775
2024-12-01,2024,12,Tana River,26.313734,chirps-v2.0.2024.12.tif,109.84683895111084,125.07091093063354,36.61561298370361,20.84515182177226
2025-01-01,2025,1,Tana River,3.4837494,chirps-v2.0.2025.01.tif,105.71919059753418,122.75582504272461,35.23973019917806,20.459304173787434
2025-02-01,2025,2,Tana River,1.4407487,chirps-v2.0.2025.02.tif,31.238232135772705,119.38737344741821,10.412744045257568,19.897895574569702
2025-03-01,2025,3,Tana River,38.093166,chirps-v2.0.2025.03.tif,43.017664432525635,152.86450338363647,14.339221477508545,25.47741723060608
2025-04-01,2025,4,Tana River,34.58606,chirps-v2.0.2025.04.tif,74.1199746131897,179.83916521072388,24.706658204396565,29.97319420178731
2025-05-01,2025,5,Tana River,11.0367155,chirps-v2.0.2025.05.tif,83.71594142913818,114.95417356491089,27.905313809712727,19.15902892748515
2025-06-01,2025,6,Tana River,10.9179535,chirps-v2.0.2025.06.tif,56.54072856903076,99.5583930015564,18.846909523010254,16.5930655002594
2025-07-01,2025,7,Tana River,4.616113,chirps-v2.0.2025.07.tif,26.57078218460083,100.69075679779053,8.856927394866943,16.781792799631756
2025-08-01,2025,8,Tana River,6.307008,chirps-v2.0.2025.08.tif,21.841074466705322,105.5570158958435,7.2803581555684405,17.592835982640583
2025-09-01,2025,9,Tana River,6.4473863,chirps-v2.0.2025.09.tif,17.37050724029541,73.91123580932617,5.79016908009847,12.318539301554361
2025-10-01,2025,10,Tana River,23.542902,chirps-v2.0.2025.10.tif,36.29729604721069,62.86807823181152,12.099098682403564,10.478013038635254
2025-11-01,2025,11,Tana River,21.862385,chirps-v2.0.2025.11.tif,51.852673053741455,73.69374752044678,17.28422435124715,12.282291253407797
2025-12-01,2025,12,Tana River,21.199217,chirps-v2.0.2025.12.tif,66.6045036315918,83.9750108718872,22.201501210530598,13.995835145314535
2026-01-01,2026,1,Tana River,2.401842,chirps-v2.0.2026.01.tif,45.463443756103516,81.76073980331421,15.154481252034506,13.626789967219034
2026-02-01,2026,2,Tana River,7.1633787,chirps-v2.0.2026.02.tif,30.764437675476074,82.61711072921753,10.254812558492025,13.769518454869589
2019-01-01,2019,1,Tharaka Nithi,11.656526,chirps-v2.0.2019.01.tif,11.656525611877441,11.656525611877441,11.656525611877441,11.656525611877441
2019-02-01,2019,2,Tharaka Nithi,9.484328,chirps-v2.0.2019.02.tif,21.140853881835938,21.140853881835938,10.570426940917969,10.570426940917969
2019-03-01,2019,3,Tharaka Nithi,7.226427,chirps-v2.0.2019.03.tif,28.367280960083008,28.367280960083008,9.45576032002767,9.45576032002767
2019-04-01,2019,4,Tharaka Nithi,61.713394,chirps-v2.0.2019.04.tif,78.42414951324463,90.08067512512207,26.141383171081543,22.520168781280518
2019-05-01,2019,5,Tharaka Nithi,35.74834,chirps-v2.0.2019.05.tif,104.68816184997559,125.82901573181152,34.89605394999186,25.165803146362304
2019-06-01,2019,6,Tharaka Nithi,5.6455364,chirps-v2.0.2019.06.tif,103.10727119445801,131.47455215454102,34.36909039815267,21.912425359090168
2019-07-01,2019,7,Tharaka Nithi,4.244519,chirps-v2.0.2019.07.tif,45.63839626312256,124.06254577636719,15.212798754374186,20.677090962727863
2019-08-01,2019,8,Tharaka Nithi,4.0602627,chirps-v2.0.2019.08.tif,13.950318336486816,118.6384801864624,4.650106112162272,19.77308003107707
2019-09-01,2019,9,Tharaka Nithi,5.303586,chirps-v2.0.2019.09.tif,13.608367919921875,116.71563911437988,4.536122639973958,19.452606519063313
2019-10-01,2019,10,Tharaka Nithi,151.01599,chirps-v2.0.2019.10.tif,160.37983989715576,206.01823616027832,53.459946632385254,34.33637269337972
2019-11-01,2019,11,Tharaka Nithi,159.94975,chirps-v2.0.2019.11.tif,316.26933002471924,330.21964836120605,105.42311000823975,55.03660806020101
2019-12-01,2019,12,Tharaka Nithi,86.38639,chirps-v2.0.2019.12.tif,397.35213470458984,410.9605026245117,132.45071156819662,68.49341710408528
2020-01-01,2020,1,Tharaka Nithi,33.328873,chirps-v2.0.2020.01.tif,279.6650161743164,440.04485607147217,93.22167205810547,73.34080934524536
2020-02-01,2020,2,Tharaka Nithi,19.35815,chirps-v2.0.2020.02.tif,139.07341384887695,455.3427438735962,46.35780461629232,75.89045731226604
2020-03-01,2020,3,Tharaka Nithi,48.95117,chirps-v2.0.2020.03.tif,101.6381950378418,498.99032974243164,33.879398345947266,83.16505495707194
2020-04-01,2020,4,Tharaka Nithi,199.69574,chirps-v2.0.2020.04.tif,268.0050621032715,547.6700782775879,89.3350207010905,91.27834637959798
2020-05-01,2020,5,Tharaka Nithi,44.463223,chirps-v2.0.2020.05.tif,293.11013412475586,432.1835479736328,97.70337804158528,72.0305913289388
2020-06-01,2020,6,Tharaka Nithi,6.1359534,chirps-v2.0.2020.06.tif,250.29491567611694,351.93311071395874,83.43163855870564,58.655518452326454
2020-07-01,2020,7,Tharaka Nithi,7.1125865,chirps-v2.0.2020.07.tif,57.71176242828369,325.7168245315552,19.23725414276123,54.286137421925865
2020-08-01,2020,8,Tharaka Nithi,7.5443,chirps-v2.0.2020.08.tif,20.792840003967285,313.90297412872314,6.930946667989095,52.31716235478719
2020-09-01,2020,9,Tharaka Nithi,5.8705387,chirps-v2.0.2020.09.tif,20.527425289154053,270.822340965271,6.8424750963846845,45.137056827545166
2020-10-01,2020,10,Tharaka Nithi,27.646679,chirps-v2.0.2020.10.tif,41.0615177154541,98.7732801437378,13.687172571818033,16.46221335728963
2020-11-01,2020,11,Tharaka Nithi,75.61696,chirps-v2.0.2020.11.tif,109.13417625427246,129.92701625823975,36.378058751424156,21.654502709706623
2020-12-01,2020,12,Tharaka Nithi,24.71701,chirps-v2.0.2020.12.tif,127.98064804077148,148.50807332992554,42.66021601359049,24.75134555498759
2021-01-01,2021,1,Tharaka Nithi,10.969319,chirps-v2.0.2021.01.tif,111.30328845977783,152.36480617523193,37.10109615325928,25.394134362538654
2021-02-01,2021,2,Tharaka Nithi,7.7701,chirps-v2.0.2021.02.tif,43.456429958343506,152.59060621261597,14.485476652781168,25.43176770210266
2021-03-01,2021,3,Tharaka Nithi,18.238506,chirps-v2.0.2021.03.tif,36.9779257774353,164.9585738182068,12.325975259145102,27.493095636367798
2021-04-01,2021,4,Tharaka Nithi,84.07727,chirps-v2.0.2021.04.tif,110.08587694168091,221.38916540145874,36.69529231389364,36.898194233576454
2021-05-01,2021,5,Tharaka Nithi,66.67506,chirps-v2.0.2021.05.tif,168.9908332824707,212.4472632408142,56.33027776082357,35.40787720680237
2021-06-01,2021,6,Tharaka Nithi,1.8810892,chirps-v2.0.2021.06.tif,152.63341617584229,189.6113419532776,50.877805391947426,31.601890325546265
2021-07-01,2021,7,Tharaka Nithi,6.051219,chirps-v2.0.2021.07.tif,74.60736465454102,184.69324159622192,24.869121551513672,30.782206932703655
2021-08-01,2021,8,Tharaka Nithi,3.799702,chirps-v2.0.2021.08.tif,11.732010126113892,180.7228434085846,3.910670042037964,30.120473901430767
2021-09-01,2021,9,Tharaka Nithi,2.7284887,chirps-v2.0.2021.09.tif,12.5794095993042,165.21282577514648,4.193136533101399,27.535470962524414
2021-10-01,2021,10,Tharaka Nithi,24.774084,chirps-v2.0.2021.10.tif,31.302274703979492,105.90963935852051,10.434091567993164,17.651606559753418
2021-11-01,2021,11,Tharaka Nithi,56.504524,chirps-v2.0.2021.11.tif,84.00709700584412,95.73910713195801,28.002365668614704,15.956517855326334
2021-12-01,2021,12,Tharaka Nithi,80.57279,chirps-v2.0.2021.12.tif,161.8514003753662,174.4308099746704,53.950466791788735,29.07180166244507
2022-01-01,2022,1,Tharaka Nithi,10.395943,chirps-v2.0.2022.01.tif,147.47325897216797,178.77553367614746,49.157752990722656,29.79592227935791
2022-02-01,2022,2,Tharaka Nithi,6.941298,chirps-v2.0.2022.02.tif,97.91003274917603,181.91712975502014,32.63667758305868,30.31952162583669
2022-03-01,2022,3,Tharaka Nithi,11.919393,chirps-v2.0.2022.03.tif,29.256633281707764,191.10803365707397,9.752211093902588,31.85133894284566
2022-04-01,2022,4,Tharaka Nithi,85.346275,chirps-v2.0.2022.04.tif,104.20696592330933,251.6802248954773,34.735655307769775,41.946704149246216
2022-05-01,2022,5,Tharaka Nithi,11.2389,chirps-v2.0.2022.05.tif,108.50456809997559,206.4146008491516,36.16818936665853,34.402433474858604
2022-06-01,2022,6,Tharaka Nithi,2.099405,chirps-v2.0.2022.06.tif,98.6845805644989,127.94121384620667,32.8948601881663,21.323535641034443
2022-07-01,2022,7,Tharaka Nithi,6.293336,chirps-v2.0.2022.07.tif,19.631641149520874,123.8386070728302,6.543880383173625,20.6397678454717
2022-08-01,2022,8,Tharaka Nithi,6.826953,chirps-v2.0.2022.08.tif,15.219693899154663,123.72426199913025,5.073231299718221,20.620710333188374
2022-09-01,2022,9,Tharaka Nithi,3.4247105,chirps-v2.0.2022.09.tif,16.544999361038208,115.22957992553711,5.514999787012736,19.20492998758952
2022-10-01,2022,10,Tharaka Nithi,13.657091,chirps-v2.0.2022.10.tif,23.908754587173462,43.540395736694336,7.969584862391154,7.25673262278239
2022-11-01,2022,11,Tharaka Nithi,97.82794,chirps-v2.0.2022.11.tif,114.90974354743958,130.12943744659424,38.30324784914652,21.688239574432373
2022-12-01,2022,12,Tharaka Nithi,30.183113,chirps-v2.0.2022.12.tif,141.66814613342285,158.21314549446106,47.22271537780762,26.368857582410175
2023-01-01,2023,1,Tharaka Nithi,8.259431,chirps-v2.0.2023.01.tif,136.27048587799072,160.17924046516418,45.423495292663574,26.696540077527363
2023-02-01,2023,2,Tharaka Nithi,2.413749,chirps-v2.0.2023.02.tif,40.856292963027954,155.76603651046753,13.618764321009317,25.961006085077923
2023-03-01,2023,3,Tharaka Nithi,40.989544,chirps-v2.0.2023.03.tif,51.662723779678345,193.3308699131012,17.22090792655945,32.22181165218353
2023-04-01,2023,4,Tharaka Nithi,174.13637,chirps-v2.0.2023.04.tif,217.53966069221497,353.8101465702057,72.51322023073833,58.96835776170095
2023-05-01,2023,5,Tharaka Nithi,18.045025,chirps-v2.0.2023.05.tif,233.17093658447266,274.0272295475006,77.72364552815755,45.671204924583435
2023-06-01,2023,6,Tharaka Nithi,5.689992,chirps-v2.0.2023.06.tif,197.8713846206665,249.53410840034485,65.95712820688884,41.589018066724144
2023-07-01,2023,7,Tharaka Nithi,7.948578,chirps-v2.0.2023.07.tif,31.683594703674316,249.22325539588928,10.561198234558105,41.537209232648216
2023-08-01,2023,8,Tharaka Nithi,4.8499713,chirps-v2.0.2023.08.tif,18.48854112625122,251.65947771072388,6.16284704208374,41.943246285120644
2023-09-01,2023,9,Tharaka Nithi,3.8104925,chirps-v2.0.2023.09.tif,16.609041690826416,214.48042631149292,5.536347230275472,35.74673771858215
2023-10-01,2023,10,Tharaka Nithi,68.11004,chirps-v2.0.2023.10.tif,76.77050256729126,108.45409727096558,25.59016752243042,18.075682878494263
2023-11-01,2023,11,Tharaka Nithi,190.76198,chirps-v2.0.2023.11.tif,262.68250942230225,281.17105054855347,87.56083647410075,46.86184175809225
2023-12-01,2023,12,Tharaka Nithi,23.107956,chirps-v2.0.2023.12.tif,281.97997283935547,298.5890145301819,93.99332427978516,49.76483575503031
2024-01-01,2024,1,Tharaka Nithi,17.075035,chirps-v2.0.2024.01.tif,230.9449691772461,307.71547174453735,76.98165639241536,51.28591195742289
2024-02-01,2024,2,Tharaka Nithi,26.234821,chirps-v2.0.2024.02.tif,66.41781234741211,329.10032176971436,22.139270782470703,54.85005362828573
2024-03-01,2024,3,Tharaka Nithi,13.505743,chirps-v2.0.2024.03.tif,56.81559944152832,338.7955722808838,18.938533147176106,56.46592871348063
2024-04-01,2024,4,Tharaka Nithi,189.42894,chirps-v2.0.2024.04.tif,229.1695041656494,460.1144733428955,76.38983472188313,76.68574555714925
2024-05-01,2024,5,Tharaka Nithi,59.597233,chirps-v2.0.2024.05.tif,262.53191566467285,328.94972801208496,87.51063855489095,54.824954668680824
2024-06-01,2024,6,Tharaka Nithi,2.074976,chirps-v2.0.2024.06.tif,251.10114860534668,307.916748046875,83.7003828684489,51.3194580078125
2024-07-01,2024,7,Tharaka Nithi,5.0951257,chirps-v2.0.2024.07.tif,66.76733446121216,295.9368386268616,22.255778153737385,49.322806437810264
2024-08-01,2024,8,Tharaka Nithi,4.943577,chirps-v2.0.2024.08.tif,12.113678455352783,274.64559412002563,4.037892818450928,45.77426568667094
2024-09-01,2024,9,Tharaka Nithi,1.6946357,chirps-v2.0.2024.09.tif,11.733338236808777,262.83448684215546,3.9111127456029258,43.80574780702591
2024-10-01,2024,10,Tharaka Nithi,17.252504,chirps-v2.0.2024.10.tif,23.890716910362244,90.6580513715744,7.9635723034540815,15.109675228595734
2024-11-01,2024,11,Tharaka Nithi,142.99307,chirps-v2.0.2024.11.tif,161.94021260738373,174.0538910627365,53.98007086912791,29.008981843789417
2024-12-01,2024,12,Tharaka Nithi,18.887064,chirps-v2.0.2024.12.tif,179.13264083862305,190.86597907543182,59.710880279541016,31.810996512571972
2025-01-01,2025,1,Tharaka Nithi,7.965274,chirps-v2.0.2025.01.tif,169.84541034698486,193.7361272573471,56.615136782328285,32.28935454289118
2025-02-01,2025,2,Tharaka Nithi,3.4368126,chirps-v2.0.2025.02.tif,30.28915047645569,192.22936308383942,10.096383492151896,32.0382271806399
2025-03-01,2025,3,Tharaka Nithi,66.213005,chirps-v2.0.2025.03.tif,77.61509156227112,256.74773240089417,25.871697187423706,42.79128873348236
2025-04-01,2025,4,Tharaka Nithi,133.95944,chirps-v2.0.2025.04.tif,203.6092598438263,373.45467019081116,67.86975328127544,62.24244503180186
2025-05-01,2025,5,Tharaka Nithi,32.234596,chirps-v2.0.2025.05.tif,232.40704345703125,262.69619393348694,77.46901448567708,43.78269898891449
2025-06-01,2025,6,Tharaka Nithi,3.7213829,chirps-v2.0.2025.06.tif,169.9154212474823,247.53051280975342,56.63847374916077,41.255085468292236
2025-07-01,2025,7,Tharaka Nithi,4.934526,chirps-v2.0.2025.07.tif,40.89050507545471,244.499764919281,13.630168358484903,40.749960819880165
2025-08-01,2025,8,Tharaka Nithi,7.1009607,chirps-v2.0.2025.08.tif,15.756869554519653,248.1639130115509,5.252289851506551,41.36065216859182
2025-09-01,2025,9,Tharaka Nithi,3.4067392,chirps-v2.0.2025.09.tif,15.442225933074951,185.35764718055725,5.147408644358317,30.89294119675954
2025-10-01,2025,10,Tharaka Nithi,56.102592,chirps-v2.0.2025.10.tif,66.61029243469238,107.5007975101471,22.20343081156413,17.916799585024517
2025-11-01,2025,11,Tharaka Nithi,36.330948,chirps-v2.0.2025.11.tif,95.8402795791626,111.59714913368225,31.946759859720867,18.59952485561371
2025-12-01,2025,12,Tharaka Nithi,29.998915,chirps-v2.0.2025.12.tif,122.43245506286621,137.87468099594116,40.810818354288735,22.979113499323528
2026-01-01,2026,1,Tharaka Nithi,3.085699,chirps-v2.0.2026.01.tif,69.41556167602539,136.02585411071777,23.13852055867513,22.67097568511963
2026-02-01,2026,2,Tharaka Nithi,35.597218,chirps-v2.0.2026.02.tif,68.68183135986328,164.52211093902588,22.893943786621094,27.42035182317098
2019-01-01,2019,1,Turkana,1.3992056,chirps-v2.0.2019.01.tif,1.3992055654525757,1.3992055654525757,1.3992055654525757,1.3992055654525757
2019-02-01,2019,2,Turkana,4.002863,chirps-v2.0.2019.02.tif,5.402068495750427,5.402068495750427,2.7010342478752136,2.7010342478752136
2019-03-01,2019,3,Turkana,15.17409,chirps-v2.0.2019.03.tif,20.57615888118744,20.57615888118744,6.85871962706248,6.85871962706248
2019-04-01,2019,4,Turkana,26.149664,chirps-v2.0.2019.04.tif,45.32661724090576,46.72582280635834,15.108872413635254,11.681455701589584
2019-05-01,2019,5,Turkana,7.806092,chirps-v2.0.2019.05.tif,49.12984609603882,54.531914591789246,16.37661536534627,10.90638291835785
2019-06-01,2019,6,Turkana,20.90213,chirps-v2.0.2019.06.tif,54.85788583755493,75.43404471874237,18.285961945851643,12.572340786457062
2019-07-01,2019,7,Turkana,19.96776,chirps-v2.0.2019.07.tif,48.6759819984436,94.00259923934937,16.225327332814533,15.667099873224894
2019-08-01,2019,8,Turkana,11.4210615,chirps-v2.0.2019.08.tif,52.2909517288208,101.42079782485962,17.430317242940266,16.90346630414327
2019-09-01,2019,9,Turkana,5.14896,chirps-v2.0.2019.09.tif,36.537781715393066,91.395667552948,12.17926057179769,15.232611258824667
2019-10-01,2019,10,Turkana,22.16099,chirps-v2.0.2019.10.tif,38.731011390686035,87.40699338912964,12.910337130228678,14.567832231521606
2019-11-01,2019,11,Turkana,20.409796,chirps-v2.0.2019.11.tif,47.71974563598633,100.01069736480713,15.90658187866211,16.66844956080119
2019-12-01,2019,12,Turkana,27.465464,chirps-v2.0.2019.12.tif,70.0362491607666,106.57403087615967,23.3454163869222,17.762338479359943
2020-01-01,2020,1,Turkana,5.7834115,chirps-v2.0.2020.01.tif,53.6586709022522,92.38968229293823,17.886223634084065,15.398280382156372
2020-02-01,2020,2,Turkana,6.8756375,chirps-v2.0.2020.02.tif,40.124512672424316,87.84425830841064,13.374837557474772,14.640709718068441
2020-03-01,2020,3,Turkana,58.686592,chirps-v2.0.2020.03.tif,71.34564113616943,141.38189029693604,23.781880378723145,23.563648382822674
2020-04-01,2020,4,Turkana,41.477272,chirps-v2.0.2020.04.tif,107.0395016670227,160.6981725692749,35.67983388900757,26.78302876154582
2020-05-01,2020,5,Turkana,15.013758,chirps-v2.0.2020.05.tif,115.17762184143066,155.30213451385498,38.39254061381022,25.883689085642498
2020-06-01,2020,6,Turkana,21.01706,chirps-v2.0.2020.06.tif,77.50808906555176,148.8537302017212,25.836029688517254,24.808955033620197
2020-07-01,2020,7,Turkana,15.615658,chirps-v2.0.2020.07.tif,51.646474838256836,158.68597650527954,17.215491612752277,26.447662750879925
2020-08-01,2020,8,Turkana,20.774311,chirps-v2.0.2020.08.tif,57.40702819824219,172.58465003967285,19.13567606608073,28.764108339945476
2020-09-01,2020,9,Turkana,9.677579,chirps-v2.0.2020.09.tif,46.06754779815674,123.5756368637085,15.355849266052246,20.595939477284748
2020-10-01,2020,10,Turkana,18.004187,chirps-v2.0.2020.10.tif,48.45607662200928,100.10255146026611,16.152025540669758,16.683758576711018
2020-11-01,2020,11,Turkana,10.105571,chirps-v2.0.2020.11.tif,37.787336349487305,95.19436454772949,12.595778783162435,15.865727424621582
2020-12-01,2020,12,Turkana,14.157826,chirps-v2.0.2020.12.tif,42.2675838470459,88.33513164520264,14.089194615681967,14.722521940867106
2021-01-01,2021,1,Turkana,2.6523874,chirps-v2.0.2021.01.tif,26.91578459739685,75.37186121940613,8.971928199132284,12.561976869901022
2021-02-01,2021,2,Turkana,7.8018575,chirps-v2.0.2021.02.tif,24.61207127571106,62.399407625198364,8.204023758570353,10.399901270866394
2021-03-01,2021,3,Turkana,10.766258,chirps-v2.0.2021.03.tif,21.220503091812134,63.48808693885803,7.073501030604045,10.581347823143005
2021-04-01,2021,4,Turkana,19.026512,chirps-v2.0.2021.04.tif,37.59462785720825,64.5104124546051,12.531542619069418,10.751735409100851
2021-05-01,2021,5,Turkana,25.864769,chirps-v2.0.2021.05.tif,55.65753936767578,80.26961064338684,18.552513122558594,13.378268440564474
2021-06-01,2021,6,Turkana,4.8360434,chirps-v2.0.2021.06.tif,49.72732448577881,70.94782757759094,16.575774828592937,11.82463792959849
2021-07-01,2021,7,Turkana,12.965361,chirps-v2.0.2021.07.tif,43.66617298126221,81.26080083847046,14.555390993754068,13.543466806411743
2021-08-01,2021,8,Turkana,7.052702,chirps-v2.0.2021.08.tif,24.854105949401855,80.51164531707764,8.284701983133951,13.418607552846273
2021-09-01,2021,9,Turkana,7.821309,chirps-v2.0.2021.09.tif,27.83937168121338,77.56669616699219,9.279790560404459,12.927782694498697
2021-10-01,2021,10,Turkana,5.198308,chirps-v2.0.2021.10.tif,20.07231903076172,63.738492012023926,6.690773010253906,10.623082002003988
2021-11-01,2021,11,Turkana,6.181852,chirps-v2.0.2021.11.tif,19.20146894454956,44.055574893951416,6.4004896481831866,7.342595815658569
2021-12-01,2021,12,Turkana,3.685665,chirps-v2.0.2021.12.tif,15.065824747085571,42.90519642829895,5.021941582361857,7.150866071383159
2022-01-01,2022,1,Turkana,4.7297897,chirps-v2.0.2022.01.tif,14.597306489944458,34.66962552070618,4.865768829981486,5.778270920117696
2022-02-01,2022,2,Turkana,4.5920115,chirps-v2.0.2022.02.tif,13.007466077804565,32.208935022354126,4.335822025934855,5.368155837059021
2022-03-01,2022,3,Turkana,11.32575,chirps-v2.0.2022.03.tif,20.64755153656006,35.71337628364563,6.882517178853353,5.952229380607605
2022-04-01,2022,4,Turkana,27.910519,chirps-v2.0.2022.04.tif,43.828280448913574,58.42558693885803,14.609426816304525,9.737597823143005
2022-05-01,2022,5,Turkana,16.073519,chirps-v2.0.2022.05.tif,55.30978775024414,68.3172538280487,18.436595916748047,11.386208971341452
2022-06-01,2022,6,Turkana,4.9463964,chirps-v2.0.2022.06.tif,48.93043375015259,69.57798528671265,16.310144583384197,11.596330881118774
2022-07-01,2022,7,Turkana,8.077029,chirps-v2.0.2022.07.tif,29.096944332122803,72.92522478103638,9.698981444040934,12.15420413017273
2022-08-01,2022,8,Turkana,11.3920965,chirps-v2.0.2022.08.tif,24.41552209854126,79.7253098487854,8.13850736618042,13.287551641464233
2022-09-01,2022,9,Turkana,7.488013,chirps-v2.0.2022.09.tif,26.957138538360596,75.88757228851318,8.9857128461202,12.647928714752197
2022-10-01,2022,10,Turkana,6.883614,chirps-v2.0.2022.10.tif,25.763723373413086,54.86066770553589,8.587907791137695,9.143444617589315
2022-11-01,2022,11,Turkana,8.381506,chirps-v2.0.2022.11.tif,22.753132820129395,47.168654918670654,7.584377606709798,7.861442486445109
2022-12-01,2022,12,Turkana,10.123238,chirps-v2.0.2022.12.tif,25.388357639312744,52.34549617767334,8.462785879770914,8.724249362945557
2023-01-01,2023,1,Turkana,1.3415023,chirps-v2.0.2023.01.tif,19.846245884895325,45.60996925830841,6.615415294965108,7.601661543051402
2023-02-01,2023,2,Turkana,2.7843168,chirps-v2.0.2023.02.tif,14.249056696891785,37.00218951702118,4.749685565630595,6.1670315861701965
2023-03-01,2023,3,Turkana,34.995743,chirps-v2.0.2023.03.tif,39.121561884880066,64.50991952419281,13.040520628293356,10.751653254032135
2023-04-01,2023,4,Turkana,53.33362,chirps-v2.0.2023.04.tif,91.11367774009705,110.95992362499237,30.37122591336568,18.493320604165394
2023-05-01,2023,5,Turkana,8.038801,chirps-v2.0.2023.05.tif,96.36816215515137,110.61721885204315,32.12272071838379,18.43620314200719
2023-06-01,2023,6,Turkana,6.460581,chirps-v2.0.2023.06.tif,67.83300018310547,106.95456206798553,22.611000061035156,17.825760344664257
2023-07-01,2023,7,Turkana,8.537989,chirps-v2.0.2023.07.tif,23.037370681762695,114.15104842185974,7.679123560587565,19.025174736976624
2023-08-01,2023,8,Turkana,4.612476,chirps-v2.0.2023.08.tif,19.611045360565186,115.97920751571655,6.5370151201883955,19.32986791928609
2023-09-01,2023,9,Turkana,4.0683165,chirps-v2.0.2023.09.tif,17.218780994415283,85.05178117752075,5.739593664805095,14.175296862920126
2023-10-01,2023,10,Turkana,17.48655,chirps-v2.0.2023.10.tif,26.167341709136963,49.20471239089966,8.722447236378988,8.200785398483276
2023-11-01,2023,11,Turkana,16.737051,chirps-v2.0.2023.11.tif,38.291916847229004,57.90296220779419,12.763972282409668,9.650493701299032
2023-12-01,2023,12,Turkana,8.308552,chirps-v2.0.2023.12.tif,42.53215217590332,59.7509331703186,14.17738405863444,9.958488861719767
2024-01-01,2024,1,Turkana,4.9166517,chirps-v2.0.2024.01.tif,29.962254524230957,56.12959623336792,9.987418174743652,9.35493270556132
2024-02-01,2024,2,Turkana,16.63392,chirps-v2.0.2024.02.tif,29.859124183654785,68.15104103088379,9.953041394551596,11.358506838480631
2024-03-01,2024,3,Turkana,17.574938,chirps-v2.0.2024.03.tif,39.12551021575928,81.6576623916626,13.041836738586426,13.609610398610434
2024-04-01,2024,4,Turkana,68.70543,chirps-v2.0.2024.04.tif,102.91428756713867,132.87654209136963,34.304762522379555,22.146090348561604
2024-05-01,2024,5,Turkana,17.276617,chirps-v2.0.2024.05.tif,103.5569839477539,133.4161081314087,34.518994649251304,22.236018021901447
2024-06-01,2024,6,Turkana,4.801275,chirps-v2.0.2024.06.tif,90.78332090377808,129.90883111953735,30.261106967926025,21.651471853256226
2024-07-01,2024,7,Turkana,33.19311,chirps-v2.0.2024.07.tif,55.27100324630737,158.18529081344604,18.423667748769123,26.36421513557434
2024-08-01,2024,8,Turkana,12.877137,chirps-v2.0.2024.08.tif,50.87152338027954,154.42850732803345,16.95717446009318,25.73808455467224
2024-09-01,2024,9,Turkana,5.69006,chirps-v2.0.2024.09.tif,51.76030874252319,142.54362964630127,17.253436247507732,23.757271607716877
2024-10-01,2024,10,Turkana,20.216908,chirps-v2.0.2024.10.tif,38.78410482406616,94.05510807037354,12.928034941355387,15.675851345062256
2024-11-01,2024,11,Turkana,21.750216,chirps-v2.0.2024.11.tif,47.6571831703186,98.52870655059814,15.885727723439535,16.421451091766357
2024-12-01,2024,12,Turkana,2.4675255,chirps-v2.0.2024.12.tif,44.434648513793945,96.19495725631714,14.811549504597982,16.032492876052856
2025-01-01,2025,1,Turkana,1.9158734,chirps-v2.0.2025.01.tif,26.133614420890808,64.91771924495697,8.711204806963602,10.819619874159494
2025-02-01,2025,2,Turkana,1.5165447,chirps-v2.0.2025.02.tif,5.899943590164185,53.55712676048279,1.9666478633880615,8.926187793413797
2025-03-01,2025,3,Turkana,37.28965,chirps-v2.0.2025.03.tif,40.722068071365356,85.1567165851593,13.574022690455118,14.19278609752655
2025-04-01,2025,4,Turkana,31.115566,chirps-v2.0.2025.04.tif,69.9217609167099,96.05537533760071,23.3072536389033,16.009229222933453
2025-05-01,2025,5,Turkana,26.16212,chirps-v2.0.2025.05.tif,94.56733703613281,100.467280626297,31.522445678710938,16.7445467710495
2025-06-01,2025,6,Turkana,6.644493,chirps-v2.0.2025.06.tif,63.92218017578125,104.6442482471466,21.307393391927082,17.4407080411911
2025-07-01,2025,7,Turkana,9.842959,chirps-v2.0.2025.07.tif,42.64957332611084,112.57133424282074,14.216524442036947,18.761889040470123
2025-08-01,2025,8,Turkana,26.285917,chirps-v2.0.2025.08.tif,42.773369789123535,137.34070682525635,14.257789929707846,22.890117804209392
2025-09-01,2025,9,Turkana,7.1748524,chirps-v2.0.2025.09.tif,43.30372905731201,107.22590923309326,14.434576352437338,17.87098487218221
2025-10-01,2025,10,Turkana,33.085224,chirps-v2.0.2025.10.tif,66.54599380493164,109.19556713104248,22.181997934977215,18.19926118850708
2025-11-01,2025,11,Turkana,2.4745562,chirps-v2.0.2025.11.tif,42.73463273048401,85.50800251960754,14.244877576828003,14.251333753267923
2025-12-01,2025,12,Turkana,18.922663,chirps-v2.0.2025.12.tif,54.48244309425354,97.78617215156555,18.16081436475118,16.297695358594257
2026-01-01,2026,1,Turkana,1.1604667,chirps-v2.0.2026.01.tif,22.557685613632202,89.10367941856384,7.5192285378774,14.850613236427307
2026-02-01,2026,2,Turkana,20.343048,chirps-v2.0.2026.02.tif,40.42617750167847,83.16081023216248,13.475392500559488,13.860135038693747
2019-01-01,2019,1,Wajir,2.5143135,chirps-v2.0.2019.01.tif,2.5143134593963623,2.5143134593963623,2.5143134593963623,2.5143134593963623
2019-02-01,2019,2,Wajir,3.0796034,chirps-v2.0.2019.02.tif,5.593916893005371,5.593916893005371,2.7969584465026855,2.7969584465026855
2019-03-01,2019,3,Wajir,7.8959565,chirps-v2.0.2019.03.tif,13.48987340927124,13.48987340927124,4.49662446975708,4.49662446975708
2019-04-01,2019,4,Wajir,45.679707,chirps-v2.0.2019.04.tif,56.655266523361206,59.16957998275757,18.885088841120403,14.792394995689392
2019-05-01,2019,5,Wajir,19.949694,chirps-v2.0.2019.05.tif,73.52535676956177,79.11927366256714,24.508452256520588,15.823854732513428
2019-06-01,2019,6,Wajir,1.038808,chirps-v2.0.2019.06.tif,66.66820824146271,80.15808165073395,22.222736080487568,13.359680275122324
2019-07-01,2019,7,Wajir,3.052743,chirps-v2.0.2019.07.tif,24.041244626045227,80.69651114940643,8.013748208681742,13.449418524901072
2019-08-01,2019,8,Wajir,1.5385734,chirps-v2.0.2019.08.tif,5.63012433052063,79.1554811000824,1.8767081101735432,13.192580183347067
2019-09-01,2019,9,Wajir,4.4261513,chirps-v2.0.2019.09.tif,9.017467617988586,75.6856758594513,3.005822539329529,12.614279309908548
2019-10-01,2019,10,Wajir,91.1848,chirps-v2.0.2019.10.tif,97.14952385425568,121.1907684803009,32.38317461808523,20.198461413383484
2019-11-01,2019,11,Wajir,144.47162,chirps-v2.0.2019.11.tif,240.08256912231445,245.71269345283508,80.02752304077148,40.95211557547251
2019-12-01,2019,12,Wajir,25.765354,chirps-v2.0.2019.12.tif,261.4217720031738,270.4392396211624,87.14059066772461,45.07320660352707
2020-01-01,2020,1,Wajir,6.853437,chirps-v2.0.2020.01.tif,177.0904097557068,274.23993360996246,59.030136585235596,45.70665560166041
2020-02-01,2020,2,Wajir,2.9665585,chirps-v2.0.2020.02.tif,35.585349559783936,275.6679186820984,11.861783186594645,45.94465311368307
2020-03-01,2020,3,Wajir,34.82421,chirps-v2.0.2020.03.tif,44.644206523895264,306.0659785270691,14.881402174631754,51.010996421178184
2020-04-01,2020,4,Wajir,155.70515,chirps-v2.0.2020.04.tif,193.49592399597168,370.58633375167847,64.49864133199056,61.764388958613075
2020-05-01,2020,5,Wajir,7.91604,chirps-v2.0.2020.05.tif,198.44540548324585,234.03075504302979,66.14846849441528,39.00512584050497
2020-06-01,2020,6,Wajir,1.1548549,chirps-v2.0.2020.06.tif,164.77604925632477,209.42025578022003,54.925349752108254,34.90337596337
2020-07-01,2020,7,Wajir,4.33127,chirps-v2.0.2020.07.tif,13.402165055274963,206.89808905124664,4.467388351758321,34.48301484187444
2020-08-01,2020,8,Wajir,1.5557095,chirps-v2.0.2020.08.tif,7.041834592819214,205.48724007606506,2.3472781976064048,34.24787334601084
2020-09-01,2020,9,Wajir,2.372312,chirps-v2.0.2020.09.tif,8.259291768074036,173.0353410243988,2.7530972560246787,28.839223504066467
2020-10-01,2020,10,Wajir,17.411161,chirps-v2.0.2020.10.tif,21.33918297290802,34.74134802818298,7.11306099096934,5.790224671363831
2020-11-01,2020,11,Wajir,28.499714,chirps-v2.0.2020.11.tif,48.28318738937378,55.32502198219299,16.094395796457928,9.220836997032166
2020-12-01,2020,12,Wajir,10.928945,chirps-v2.0.2020.12.tif,56.83981990814209,65.09911167621613,18.946606636047363,10.84985194603602
2021-01-01,2021,1,Wajir,1.8664397,chirps-v2.0.2021.01.tif,41.295098185539246,62.634281158447266,13.765032728513082,10.439046859741211
2021-02-01,2021,2,Wajir,2.6028664,chirps-v2.0.2021.02.tif,15.398250699043274,63.68143808841705,5.132750233014424,10.613573014736176
2021-03-01,2021,3,Wajir,6.082024,chirps-v2.0.2021.03.tif,10.551330208778381,67.39115011692047,3.517110069592794,11.231858352820078
2021-04-01,2021,4,Wajir,52.96052,chirps-v2.0.2021.04.tif,61.64541220664978,102.94051039218903,20.548470735549927,17.156751732031505
2021-05-01,2021,5,Wajir,12.620722,chirps-v2.0.2021.05.tif,71.66326761245728,87.06151831150055,23.887755870819092,14.510253051916758
2021-06-01,2021,6,Wajir,1.1723642,chirps-v2.0.2021.06.tif,66.75360774993896,77.30493795871735,22.25120258331299,12.88415632645289
2021-07-01,2021,7,Wajir,2.4892328,chirps-v2.0.2021.07.tif,16.282318830490112,77.92773103713989,5.427439610163371,12.98795517285665
2021-08-01,2021,8,Wajir,1.4492526,chirps-v2.0.2021.08.tif,5.110849618911743,76.77411723136902,1.7036165396372478,12.79568620522817
2021-09-01,2021,9,Wajir,2.2490678,chirps-v2.0.2021.09.tif,6.18755316734314,72.9411609172821,2.0625177224477134,12.15686015288035
2021-10-01,2021,10,Wajir,8.560091,chirps-v2.0.2021.10.tif,12.258411407470703,28.540730237960815,4.086137135823567,4.756788372993469
2021-11-01,2021,11,Wajir,31.38413,chirps-v2.0.2021.11.tif,42.193289279937744,47.30413889884949,14.064429759979248,7.884023149808248
2021-12-01,2021,12,Wajir,47.024933,chirps-v2.0.2021.12.tif,86.96915435791016,93.1567075252533,28.989718119303387,15.52611792087555
2022-01-01,2022,1,Wajir,4.496208,chirps-v2.0.2022.01.tif,82.90527153015137,95.16368293762207,27.635090510050457,15.860613822937012
2022-02-01,2022,2,Wajir,2.4127517,chirps-v2.0.2022.02.tif,53.93389272689819,96.12718200683594,17.977964242299397,16.021197001139324
2022-03-01,2022,3,Wajir,7.4712596,chirps-v2.0.2022.03.tif,14.380219459533691,101.34937381744385,4.7934064865112305,16.891562302907307
2022-04-01,2022,4,Wajir,52.797726,chirps-v2.0.2022.04.tif,62.68173694610596,145.58700847625732,20.893912315368652,24.264501412709553
2022-05-01,2022,5,Wajir,19.236895,chirps-v2.0.2022.05.tif,79.5058798789978,133.439772605896,26.501959959665935,22.239962100982666
2022-06-01,2022,6,Wajir,1.1341031,chirps-v2.0.2022.06.tif,73.16872334480286,87.54894280433655,24.38957444826762,14.591490467389425
2022-07-01,2022,7,Wajir,3.262197,chirps-v2.0.2022.07.tif,23.6331946849823,86.31493163108826,7.877731561660767,14.38582193851471
2022-08-01,2022,8,Wajir,1.5043294,chirps-v2.0.2022.08.tif,5.90062952041626,85.40650939941406,1.96687650680542,14.234418233235678
2022-09-01,2022,9,Wajir,2.209498,chirps-v2.0.2022.09.tif,6.976024389266968,80.14474773406982,2.3253414630889893,13.357457955678305
2022-10-01,2022,10,Wajir,11.471567,chirps-v2.0.2022.10.tif,15.185394525527954,38.818589210510254,5.061798175175984,6.469764868418376
2022-11-01,2022,11,Wajir,36.463764,chirps-v2.0.2022.11.tif,50.14482927322388,56.04545879364014,16.714943091074627,9.340909798940023
2022-12-01,2022,12,Wajir,16.718422,chirps-v2.0.2022.12.tif,64.65375328063965,71.62977766990662,21.55125109354655,11.93829627831777
2023-01-01,2023,1,Wajir,2.3876746,chirps-v2.0.2023.01.tif,55.5698606967926,70.75525522232056,18.523286898930866,11.792542537053427
2023-02-01,2023,2,Wajir,2.317231,chirps-v2.0.2023.02.tif,21.423327445983887,71.56815671920776,7.141109148661296,11.92802611986796
2023-03-01,2023,3,Wajir,59.205757,chirps-v2.0.2023.03.tif,63.91066265106201,128.56441593170166,21.30355421702067,21.42740265528361
2023-04-01,2023,4,Wajir,135.12248,chirps-v2.0.2023.04.tif,196.64547038078308,252.21533107757568,65.54849012692769,42.03588851292928
2023-05-01,2023,5,Wajir,9.42452,chirps-v2.0.2023.05.tif,203.75275897979736,225.17608642578125,67.91758632659912,37.52934773763021
2023-06-01,2023,6,Wajir,1.1284164,chirps-v2.0.2023.06.tif,145.67541825771332,209.58608090877533,48.558472752571106,34.93101348479589
2023-07-01,2023,7,Wajir,2.6040351,chirps-v2.0.2023.07.tif,13.156971096992493,209.80244147777557,4.385657032330831,34.967073579629265
2023-08-01,2023,8,Wajir,1.9052405,chirps-v2.0.2023.08.tif,5.637692093849182,209.39045107364655,1.8792306979497273,34.89840851227442
2023-09-01,2023,9,Wajir,1.9199822,chirps-v2.0.2023.09.tif,6.429257869720459,152.10467612743378,2.1430859565734863,25.350779354572296
2023-10-01,2023,10,Wajir,78.92741,chirps-v2.0.2023.10.tif,82.75262904167175,95.90960013866425,27.58420968055725,15.98493335644404
2023-11-01,2023,11,Wajir,190.58151,chirps-v2.0.2023.11.tif,271.42890095710754,277.0665930509567,90.47630031903584,46.17776550849279
2023-12-01,2023,12,Wajir,6.8050833,chirps-v2.0.2023.12.tif,276.31400203704834,282.7432599067688,92.10466734568278,47.123876651128136
2024-01-01,2024,1,Wajir,2.0616398,chirps-v2.0.2024.01.tif,199.44823551177979,282.20086455345154,66.48274517059326,47.033477425575256
2024-02-01,2024,2,Wajir,3.2794778,chirps-v2.0.2024.02.tif,12.146200895309448,283.575101852417,4.048733631769816,47.26251697540283
2024-03-01,2024,3,Wajir,4.88997,chirps-v2.0.2024.03.tif,10.231087446212769,286.5450894832611,3.410362482070923,47.757514913876854
2024-04-01,2024,4,Wajir,120.33457,chirps-v2.0.2024.04.tif,128.50401949882507,327.95225501060486,42.834673166275024,54.65870916843414
2024-05-01,2024,5,Wajir,21.20923,chirps-v2.0.2024.05.tif,146.43377208709717,158.57997298240662,48.81125736236572,26.429995497067768
2024-06-01,2024,6,Wajir,1.0969596,chirps-v2.0.2024.06.tif,142.6407618522644,152.87184929847717,47.54692061742147,25.478641549746197
2024-07-01,2024,7,Wajir,2.9604971,chirps-v2.0.2024.07.tif,25.266687154769897,153.77070665359497,8.422229051589966,25.628451108932495
2024-08-01,2024,8,Wajir,5.1768894,chirps-v2.0.2024.08.tif,9.234346151351929,155.6681182384491,3.078115383783976,25.94468637307485
2024-09-01,2024,9,Wajir,2.1930544,chirps-v2.0.2024.09.tif,10.330440998077393,152.9712028503418,3.4434803326924643,25.495200475056965
2024-10-01,2024,10,Wajir,6.5232034,chirps-v2.0.2024.10.tif,13.893147230148315,39.15983438491821,4.631049076716105,6.526639064153035
2024-11-01,2024,11,Wajir,56.006786,chirps-v2.0.2024.11.tif,64.7230441570282,73.95739030838013,21.57434805234273,12.326231718063354
2024-12-01,2024,12,Wajir,2.5446696,chirps-v2.0.2024.12.tif,65.07465934753418,75.40510034561157,21.691553115844727,12.567516724268595
2025-01-01,2025,1,Wajir,1.2413232,chirps-v2.0.2025.01.tif,59.792779207229614,73.68592643737793,19.93092640240987,12.280987739562988
2025-02-01,2025,2,Wajir,1.8927037,chirps-v2.0.2025.02.tif,5.678696513175964,70.40174067020416,1.8928988377253215,11.733623445034027
2025-03-01,2025,3,Wajir,40.286537,chirps-v2.0.2025.03.tif,43.42056405544281,108.49522340297699,14.47352135181427,18.0825372338295
2025-04-01,2025,4,Wajir,92.64148,chirps-v2.0.2025.04.tif,134.82072031497955,194.61349952220917,44.94024010499319,32.43558325370153
2025-05-01,2025,5,Wajir,16.808226,chirps-v2.0.2025.05.tif,149.73624229431152,155.4149388074875,49.91208076477051,25.902489801247913
2025-06-01,2025,6,Wajir,1.3141721,chirps-v2.0.2025.06.tif,110.7638772726059,154.1844413280487,36.921292424201965,25.697406888008118
2025-07-01,2025,7,Wajir,2.3692002,chirps-v2.0.2025.07.tif,20.49159801006317,155.31231832504272,6.830532670021057,25.885386387507122
2025-08-01,2025,8,Wajir,1.2701185,chirps-v2.0.2025.08.tif,4.953490853309631,154.68973314762115,1.6511636177698772,25.78162219127019
2025-09-01,2025,9,Wajir,1.8146632,chirps-v2.0.2025.09.tif,5.453981876373291,116.21785914897919,1.817993958791097,19.369643191496532
2025-10-01,2025,10,Wajir,11.298947,chirps-v2.0.2025.10.tif,14.383728981018066,34.87532699108124,4.794576327006022,5.812554498513539
2025-11-01,2025,11,Wajir,15.12964,chirps-v2.0.2025.11.tif,28.243250131607056,33.19674098491669,9.414416710535685,5.5327901641527815
2025-12-01,2025,12,Wajir,8.912676,chirps-v2.0.2025.12.tif,35.34126281738281,40.7952446937561,11.780420939127604,6.799207448959351
2026-01-01,2026,1,Wajir,1.2657111,chirps-v2.0.2026.01.tif,25.308026552200317,39.691755533218384,8.436008850733439,6.615292588869731
2026-02-01,2026,2,Wajir,2.4722183,chirps-v2.0.2026.02.tif,12.650605201721191,40.89385533332825,4.2168684005737305,6.8156425555547075
2019-01-01,2019,1,West Pokot,3.4197254,chirps-v2.0.2019.01.tif,3.4197254180908203,3.4197254180908203,3.4197254180908203,3.4197254180908203
2019-02-01,2019,2,West Pokot,5.6758857,chirps-v2.0.2019.02.tif,9.095611095428467,9.095611095428467,4.547805547714233,4.547805547714233
2019-03-01,2019,3,West Pokot,22.544348,chirps-v2.0.2019.03.tif,31.63995885848999,31.63995885848999,10.546652952829996,10.546652952829996
2019-04-01,2019,4,West Pokot,35.57465,chirps-v2.0.2019.04.tif,63.794883251190186,67.214608669281,21.26496108373006,16.80365216732025
2019-05-01,2019,5,West Pokot,32.091465,chirps-v2.0.2019.05.tif,90.21046257019043,99.3060736656189,30.070154190063477,19.86121473312378
2019-06-01,2019,6,West Pokot,58.4104,chirps-v2.0.2019.06.tif,126.0765151977539,157.7164740562439,42.02550506591797,26.28607900937398
2019-07-01,2019,7,West Pokot,63.960274,chirps-v2.0.2019.07.tif,154.46213912963867,218.25702238082886,51.487379709879555,36.37617039680481
2019-08-01,2019,8,West Pokot,59.72039,chirps-v2.0.2019.08.tif,182.091064453125,272.30152702331543,60.697021484375,45.38358783721924
2019-09-01,2019,9,West Pokot,29.993757,chirps-v2.0.2019.09.tif,153.6744213104248,279.7509365081787,51.22480710347494,46.62515608469645
2019-10-01,2019,10,West Pokot,77.08609,chirps-v2.0.2019.10.tif,166.80023765563965,321.2623767852783,55.60007921854655,53.54372946421305
2019-11-01,2019,11,West Pokot,38.439434,chirps-v2.0.2019.11.tif,145.5192813873291,327.6103458404541,48.5064271291097,54.60172430674235
2019-12-01,2019,12,West Pokot,33.698433,chirps-v2.0.2019.12.tif,149.22395706176758,302.8983783721924,49.741319020589195,50.483063062032066
2020-01-01,2020,1,West Pokot,11.866655,chirps-v2.0.2020.01.tif,84.0045223236084,250.80475997924805,28.0015074412028,41.80079332987467
2020-02-01,2020,2,West Pokot,11.864861,chirps-v2.0.2020.02.tif,57.429948806762695,202.9492301940918,19.1433162689209,33.8248716990153
2020-03-01,2020,3,West Pokot,83.59664,chirps-v2.0.2020.03.tif,107.32815742492676,256.55211448669434,35.776052474975586,42.75868574778239
2020-04-01,2020,4,West Pokot,87.67344,chirps-v2.0.2020.04.tif,183.13494110107422,267.1394634246826,61.04498036702474,44.52324390411377
2020-05-01,2020,5,West Pokot,51.734188,chirps-v2.0.2020.05.tif,223.00426864624023,280.43421745300293,74.3347562154134,46.73903624216715
2020-06-01,2020,6,West Pokot,62.858288,chirps-v2.0.2020.06.tif,202.2659149169922,309.59407234191895,67.42197163899739,51.59901205698649
2020-07-01,2020,7,West Pokot,75.69405,chirps-v2.0.2020.07.tif,190.28652954101562,373.42147064208984,63.42884318033854,62.23691177368164
2020-08-01,2020,8,West Pokot,86.5999,chirps-v2.0.2020.08.tif,225.15224075317383,448.15650939941406,75.05074691772461,74.69275156656902
2020-09-01,2020,9,West Pokot,44.6632,chirps-v2.0.2020.09.tif,206.9571533203125,409.2230682373047,68.9857177734375,68.20384470621745
2020-10-01,2020,10,West Pokot,70.18961,chirps-v2.0.2020.10.tif,201.4527130126953,391.73924255371094,67.15090433756511,65.28987375895183
2020-11-01,2020,11,West Pokot,39.040405,chirps-v2.0.2020.11.tif,153.89321899414062,379.04545974731445,51.29773966471354,63.17424329121908
2020-12-01,2020,12,West Pokot,5.5317507,chirps-v2.0.2020.12.tif,114.76176929473877,321.71892261505127,38.253923098246254,53.61982043584188
2021-01-01,2021,1,West Pokot,8.815003,chirps-v2.0.2021.01.tif,53.38715934753418,254.8398723602295,17.795719782511394,42.473312060038246
2021-02-01,2021,2,West Pokot,8.607918,chirps-v2.0.2021.02.tif,22.95467185974121,176.84789085388184,7.651557286580403,29.474648475646973
2021-03-01,2021,3,West Pokot,14.863276,chirps-v2.0.2021.03.tif,32.2861967086792,147.04796600341797,10.762065569559732,24.507994333902996
2021-04-01,2021,4,West Pokot,41.611553,chirps-v2.0.2021.04.tif,65.0827465057373,118.46990585327148,21.69424883524577,19.744984308878582
2021-05-01,2021,5,West Pokot,80.94874,chirps-v2.0.2021.05.tif,137.4235668182373,160.37823867797852,45.8078556060791,26.729706446329754
2021-06-01,2021,6,West Pokot,23.453403,chirps-v2.0.2021.06.tif,146.0136947631836,178.2998914718628,48.67123158772787,29.7166485786438
2021-07-01,2021,7,West Pokot,32.627716,chirps-v2.0.2021.07.tif,137.02985763549805,202.11260414123535,45.67661921183268,33.68543402353922
2021-08-01,2021,8,West Pokot,32.541096,chirps-v2.0.2021.08.tif,88.6222152709961,226.0457820892334,29.540738423665363,37.67429701487223
2021-09-01,2021,9,West Pokot,36.318497,chirps-v2.0.2021.09.tif,101.48730850219727,247.50100326538086,33.82910283406576,41.25016721089681
2021-10-01,2021,10,West Pokot,34.98796,chirps-v2.0.2021.10.tif,103.84755325317383,240.87741088867188,34.615851084391274,40.14623514811198
2021-11-01,2021,11,West Pokot,8.588128,chirps-v2.0.2021.11.tif,79.89458560943604,168.51680088043213,26.63152853647868,28.08613348007202
2021-12-01,2021,12,West Pokot,4.336137,chirps-v2.0.2021.12.tif,47.9122257232666,149.39953422546387,15.970741907755533,24.899922370910645
2022-01-01,2022,1,West Pokot,9.781302,chirps-v2.0.2022.01.tif,22.705567359924316,126.55312061309814,7.5685224533081055,21.09218676884969
2022-02-01,2022,2,West Pokot,8.050793,chirps-v2.0.2022.02.tif,22.168231964111328,102.06281757354736,7.389410654703776,17.01046959559123
2022-03-01,2022,3,West Pokot,16.306936,chirps-v2.0.2022.03.tif,34.139031410217285,82.05125713348389,11.379677136739096,13.675209522247314
2022-04-01,2022,4,West Pokot,44.35263,chirps-v2.0.2022.04.tif,68.71035957336426,91.41592693328857,22.903453191121418,15.235987822214762
2022-05-01,2022,5,West Pokot,46.32256,chirps-v2.0.2022.05.tif,106.98212623596191,129.15035820007324,35.66070874532064,21.525059700012207
2022-06-01,2022,6,West Pokot,16.856579,chirps-v2.0.2022.06.tif,107.53176879882812,141.6708002090454,35.84392293294271,23.6118000348409
2022-07-01,2022,7,West Pokot,28.222168,chirps-v2.0.2022.07.tif,91.40130615234375,160.111665725708,30.46710205078125,26.685277620951336
2022-08-01,2022,8,West Pokot,64.47949,chirps-v2.0.2022.08.tif,109.5582389831543,216.5403652191162,36.519412994384766,36.0900608698527
2022-09-01,2022,9,West Pokot,29.994701,chirps-v2.0.2022.09.tif,122.69636154174805,230.22813034057617,40.89878718058268,38.371355056762695
2022-10-01,2022,10,West Pokot,31.49499,chirps-v2.0.2022.10.tif,125.96918296813965,217.3704891204834,41.98972765604655,36.2284148534139
2022-11-01,2022,11,West Pokot,18.763046,chirps-v2.0.2022.11.tif,80.25273704528809,189.81097602844238,26.750912348429363,31.635162671407063
2022-12-01,2022,12,West Pokot,10.326863,chirps-v2.0.2022.12.tif,60.584898948669434,183.28126049041748,20.194966316223145,30.546876748402912
2023-01-01,2023,1,West Pokot,1.9636058,chirps-v2.0.2023.01.tif,31.053515315055847,157.0226982831955,10.351171771685282,26.170449713865917
2023-02-01,2023,2,West Pokot,2.7994058,chirps-v2.0.2023.02.tif,15.089874863624573,95.34261190891266,5.029958287874858,15.89043531815211
2023-03-01,2023,3,West Pokot,47.19126,chirps-v2.0.2023.03.tif,51.954272866249084,112.53917181491852,17.318090955416363,18.756528635819752
2023-04-01,2023,4,West Pokot,63.186897,chirps-v2.0.2023.04.tif,113.1775643825531,144.23107969760895,37.725854794184364,24.038513282934826
2023-05-01,2023,5,West Pokot,37.88195,chirps-v2.0.2023.05.tif,148.2601089477539,163.34998381137848,49.42003631591797,27.224997301896412
2023-06-01,2023,6,West Pokot,27.382711,chirps-v2.0.2023.06.tif,128.45155906677246,180.40583193302155,42.81718635559082,30.06763865550359
2023-07-01,2023,7,West Pokot,30.200562,chirps-v2.0.2023.07.tif,95.46522331237793,208.64278769493103,31.821741104125977,34.773797949155174
2023-08-01,2023,8,West Pokot,26.021086,chirps-v2.0.2023.08.tif,83.6043586730957,231.8644676208496,27.868119557698567,38.644077936808266
2023-09-01,2023,9,West Pokot,33.753296,chirps-v2.0.2023.09.tif,89.97494316101074,218.4265022277832,29.991647720336914,36.40441703796387
2023-10-01,2023,10,West Pokot,50.178967,chirps-v2.0.2023.10.tif,109.95334815979004,205.41857147216797,36.651116053263344,34.236428578694664
2023-11-01,2023,11,West Pokot,28.2991,chirps-v2.0.2023.11.tif,112.23136329650879,195.8357219696045,37.410454432169594,32.63928699493408
2023-12-01,2023,12,West Pokot,5.840384,chirps-v2.0.2023.12.tif,84.31845140457153,174.29339456558228,28.10615046819051,29.048899094263714
2024-01-01,2024,1,West Pokot,13.049882,chirps-v2.0.2024.01.tif,47.189366817474365,157.1427149772644,15.729788939158121,26.190452496210735
2024-02-01,2024,2,West Pokot,23.387323,chirps-v2.0.2024.02.tif,42.277589321136475,154.50895261764526,14.092529773712158,25.751492102940876
2024-03-01,2024,3,West Pokot,22.731297,chirps-v2.0.2024.03.tif,59.16850185394287,143.4869532585144,19.72283395131429,23.9144922097524
2024-04-01,2024,4,West Pokot,95.44029,chirps-v2.0.2024.04.tif,141.55891227722168,188.74827909469604,47.18630409240723,31.458046515782673
2024-05-01,2024,5,West Pokot,62.454636,chirps-v2.0.2024.05.tif,180.62622451782227,222.90381383895874,60.20874150594076,37.150635639826454
2024-06-01,2024,6,West Pokot,16.684927,chirps-v2.0.2024.06.tif,174.57985496520996,233.74835681915283,58.19328498840332,38.9580594698588
2024-07-01,2024,7,West Pokot,80.292076,chirps-v2.0.2024.07.tif,159.43163871765137,300.99055099487305,53.14387957255045,50.16509183247884
2024-08-01,2024,8,West Pokot,49.52192,chirps-v2.0.2024.08.tif,146.49892234802246,327.1251468658447,48.832974116007485,54.52085781097412
2024-09-01,2024,9,West Pokot,22.914333,chirps-v2.0.2024.09.tif,152.72832870483398,327.30818367004395,50.90944290161133,54.551363945007324
2024-10-01,2024,10,West Pokot,71.05484,chirps-v2.0.2024.10.tif,143.49109268188477,302.92273139953613,47.83036422729492,50.48712189992269
2024-11-01,2024,11,West Pokot,38.122852,chirps-v2.0.2024.11.tif,132.09202575683594,278.5909481048584,44.03067525227865,46.431824684143066
2024-12-01,2024,12,West Pokot,3.0466416,chirps-v2.0.2024.12.tif,112.22433400154114,264.9526627063751,37.408111333847046,44.15877711772919
2025-01-01,2025,1,West Pokot,6.2310166,chirps-v2.0.2025.01.tif,47.40051054954529,190.89160323143005,15.800170183181763,31.815267205238342
2025-02-01,2025,2,West Pokot,3.2041597,chirps-v2.0.2025.02.tif,12.481817960739136,144.57384371757507,4.160605986913045,24.095640619595844
2025-03-01,2025,3,West Pokot,60.08433,chirps-v2.0.2025.03.tif,69.51950788497925,181.74384188652039,23.173169294993084,30.290640314420063
2025-04-01,2025,4,West Pokot,51.22452,chirps-v2.0.2025.04.tif,114.51301288604736,161.91352343559265,38.17100429534912,26.985587239265442
2025-05-01,2025,5,West Pokot,59.130493,chirps-v2.0.2025.05.tif,170.43934631347656,182.9211642742157,56.81311543782552,30.486860712369282
2025-06-01,2025,6,West Pokot,41.48138,chirps-v2.0.2025.06.tif,151.83639526367188,221.35590314865112,50.61213175455729,36.892650524775185
2025-07-01,2025,7,West Pokot,41.512596,chirps-v2.0.2025.07.tif,142.12446975708008,256.63748264312744,47.374823252360024,42.772913773854576
2025-08-01,2025,8,West Pokot,68.71174,chirps-v2.0.2025.08.tif,151.70571517944336,322.1450614929199,50.56857172648112,53.69084358215332
2025-09-01,2025,9,West Pokot,30.95763,chirps-v2.0.2025.09.tif,141.18196487426758,293.01836013793945,47.060654958089195,48.83639335632324
2025-10-01,2025,10,West Pokot,122.677505,chirps-v2.0.2025.10.tif,222.34687423706055,364.4713439941406,74.11562474568684,60.74522399902344
2025-11-01,2025,11,West Pokot,8.808522,chirps-v2.0.2025.11.tif,162.44365787506104,314.1493730545044,54.147885958353676,52.3582288424174
2025-12-01,2025,12,West Pokot,14.237044,chirps-v2.0.2025.12.tif,145.72307205200195,286.90503692626953,48.57435735066732,47.81750615437826
2026-01-01,2026,1,West Pokot,1.9554592,chirps-v2.0.2026.01.tif,25.001025795936584,247.34790003299713,8.333675265312195,41.22465000549952
2026-02-01,2026,2,West Pokot,44.925198,chirps-v2.0.2026.02.tif,61.117701172828674,223.5613590478897,20.372567057609558,37.26022650798162
