county,date,mean_ndvi,ndvi_1_month_mean,ndvi_3_month_mean,ndvi_6_month_mean,ndvi_anomaly
Baringo,2019-01-01,0.4343804528396965,0.4343804528396965,0.4343804528396965,0.4343804528396965,-0.020150073269125157
Baringo,2019-02-01,0.3559286255639585,0.3559286255639585,0.3951545392018275,0.3951545392018275,-0.056827545487948994
Baringo,2019-03-01,0.3496267474541434,0.3496267474541434,0.3799786086192662,0.3799786086192662,-0.09180229667734646
Baringo,2019-04-01,0.354903286349506,0.354903286349506,0.35348621978920264,0.3737097780518261,-0.18778497952659595
Baringo,2019-05-01,0.4084624772548695,0.4084624772548695,0.370997503686173,0.38066031789243476,-0.18201061343436253
Baringo,2019-06-01,0.6454976757401899,0.6454976757401899,0.4696211464481885,0.42479987753372733,0.07873929417121794
Baringo,2019-07-01,0.6547442818672854,0.6547442818672854,0.5695681449541149,0.46152718237165885,0.0781075298364865
Baringo,2019-08-01,0.6201522097565063,0.6201522097565063,0.6401313891213272,0.5055644464037501,0.013074689701027875
Baringo,2019-09-01,0.5273369014089079,0.5273369014089079,0.6007444643442331,0.5351828053962108,-0.03901298664657449
Baringo,2019-10-01,0.5462160150317816,0.5462160150317816,0.5645683753990652,0.5670682601765901,0.013011531744287264
Baringo,2019-11-01,0.6117686333329646,0.6117686333329646,0.5617738499245514,0.6009526195229392,0.07433972724112137
Baringo,2019-12-01,0.641567773015671,0.641567773015671,0.5998508071268057,0.6002976357355195,0.13024414823403985
Baringo,2020-01-01,0.5633973400045097,0.5633973400045097,0.6055779154510484,0.5850731454250568,0.10886681389568803
Baringo,2020-02-01,0.5710644522565376,0.5710644522565376,0.5920098550922395,0.5768918525083954,0.15830828120463009
Baringo,2020-03-01,0.5266741552416417,0.5266741552416417,0.5537119825008964,0.576781394813851,0.08524511111015187
Baringo,2020-04-01,0.5781170412537335,0.5781170412537335,0.558618549583971,0.5820982325175097,0.03542877537763156
Baringo,2020-05-01,0.6639320884134453,0.6639320884134453,0.5895744283029402,0.5907921416975898,0.07345899772421327
Baringo,2020-06-01,0.6550532646395333,0.6550532646395333,0.632367464768904,0.5930397236349002,0.08829488307056133
Baringo,2020-07-01,0.6657452521143867,0.6657452521143867,0.6615768683891218,0.6100977089865464,0.08910850008358784
Baringo,2020-08-01,0.6739475548269409,0.6739475548269409,0.6649153571936203,0.6272448927482802,0.06687003477146247
Baringo,2020-09-01,0.6143610236414125,0.6143610236414125,0.6513512768609134,0.6418593708149087,0.048011135585930176
Baringo,2020-10-01,0.6098548536992286,0.6098548536992286,0.6327211440558607,0.6471490062224913,0.07665037041173428
Baringo,2020-11-01,0.6134842933479104,0.6134842933479104,0.6125667235628506,0.6387410403782354,0.0760553872560672
Baringo,2020-12-01,0.5181863691271834,0.5181863691271834,0.5805085053914408,0.6159298911261771,0.00686274434555223
Baringo,2021-01-01,0.4484525784770016,0.4484525784770016,0.5267077469840319,0.5797144455199463,-0.006077947631820069
Baringo,2021-02-01,0.3991240266984771,0.3991240266984771,0.455254324767554,0.5339105241652023,-0.013632144353430409
Baringo,2021-03-01,0.3877816142320289,0.3877816142320289,0.4117860731358358,0.4961472892636383,-0.053647429899460974
Baringo,2021-04-01,0.4417775499509472,0.4417775499509472,0.409561063627151,0.4681344053055914,-0.10091071592515477
Baringo,2021-05-01,0.5985260558643078,0.5985260558643078,0.476028406682428,0.46564136572499093,0.00805296517507581
Baringo,2021-06-01,0.4882197378848281,0.4882197378848281,0.509507781233361,0.4606469271845985,-0.07853864368414387
Baringo,2021-07-01,0.527518587562233,0.527518587562233,0.5380881271037896,0.47382459536547045,-0.04911816446856587
Baringo,2021-08-01,0.5517743951325706,0.5517743951325706,0.5225042401932106,0.49926632343781935,-0.05530312492290779
Baringo,2021-09-01,0.5674441162970634,0.5674441162970634,0.5489123663306223,0.5292100737819917,0.0010942282415810078
Baringo,2021-10-01,0.5365621679757686,0.5365621679757686,0.5519268931351342,0.5450075101194619,0.003357684688274243
Baringo,2021-11-01,0.4571810655867491,0.4571810655867491,0.520395783286527,0.5214500117398688,-0.08024784050509415
Baringo,2021-12-01,0.402377993589178,0.402377993589178,0.46537374238389856,0.5071430543572605,-0.10894563119245321
Baringo,2022-01-01,0.376322708120111,0.376322708120111,0.41196058909867933,0.48194374111690674,-0.07820781798871068
Baringo,2022-02-01,0.3541672968829424,0.3541672968829424,0.3776226661974105,0.4490092247419688,-0.05858887416896508
Baringo,2022-03-01,0.3408283552987551,0.3408283552987551,0.3571061201006028,0.4112399312422507,-0.10060068883273476
Baringo,2022-04-01,0.5318197608948113,0.5318197608948113,0.4089384710255029,0.4104495300620911,-0.010868504981290661
Baringo,2022-05-01,0.5384984900203647,0.5384984900203647,0.4703822020713104,0.4240024341343604,-0.05197460066886739
Baringo,2022-06-01,0.505935152159115,0.505935152159115,0.5254178010247637,0.44126196056268324,-0.06082322940985696
Baringo,2022-07-01,0.509954546984746,0.509954546984746,0.5181293963880752,0.463533933706789,-0.06668220504605293
Baringo,2022-08-01,0.6040207071211132,0.6040207071211132,0.5399701354216581,0.5051761687464842,-0.003056812934365216
Baringo,2022-09-01,0.554168805553501,0.554168805553501,0.5560480198864535,0.5407329104556086,-0.012181082501981355
Baringo,2022-10-01,0.4431445271886588,0.4431445271886588,0.5337780132877578,0.5259537048379165,-0.09005995609883555
Baringo,2022-11-01,0.416506359727923,0.416506359727923,0.471273230823361,0.5056216831225094,-0.12092254636392025
Baringo,2022-12-01,0.3950538962620527,0.3950538962620527,0.41823492772621157,0.48714147380633244,-0.11626972851957851
Baringo,2023-01-01,0.395500783584474,0.395500783584474,0.40235367985814996,0.46806584657295375,-0.05902974252434767
Baringo,2023-02-01,0.3264936661314792,0.3264936661314792,0.3723494486593353,0.4218113397413481,-0.0862625049204283
Baringo,2023-03-01,0.3721778913492972,0.3721778913492972,0.3647241136884168,0.3914795207073141,-0.06925115278219268
Baringo,2023-04-01,0.5788281994655311,0.5788281994655311,0.42583325231543584,0.4140934660867928,0.03613993358942913
Baringo,2023-05-01,0.6070727684803903,0.6070727684803903,0.5193596197650728,0.44585453421220406,0.01659967779115823
Baringo,2023-06-01,0.4969815425832949,0.4969815425832949,0.5609608368430721,0.46284247526574446,-0.06977683898567705
Baringo,2023-07-01,0.4869693425856736,0.4869693425856736,0.5303412178831196,0.47808723509927775,-0.0896674094451253
Baringo,2023-08-01,0.472452651768402,0.472452651768402,0.4854678456457902,0.5024137327054315,-0.13462486828707643
Baringo,2023-09-01,0.4891431363539357,0.4891431363539357,0.4828550435693371,0.5219079402062046,-0.07720675170154667
Baringo,2023-10-01,0.4850641193900932,0.4850641193900932,0.4822199691708104,0.506280593526965,-0.04814036389740117
Baringo,2023-11-01,0.5679872003903059,0.5679872003903059,0.514064818711445,0.4997663321786175,0.030558294298462685
Baringo,2023-12-01,0.52395597652474,0.52395597652474,0.5256690987683798,0.5042620711688585,0.012632351743108838
Baringo,2024-01-01,0.4511155476094184,0.4511155476094184,0.5143529081748216,0.49828643867281586,-0.003414978499403254
Baringo,2024-02-01,0.4053911940339642,0.4053911940339642,0.4601542393893743,0.48710952905040955,-0.007364977017943308
Baringo,2024-03-01,0.408928448125704,0.408928448125704,0.4218117299230289,0.4737404143457043,-0.032500596005785864
Baringo,2024-04-01,0.5586855883581603,0.5586855883581603,0.45766841017260956,0.48601065917371544,0.015997322482058318
Baringo,2024-05-01,0.6729511487538845,0.6729511487538845,0.5468550617459164,0.5035046505676453,0.08247805806465247
Baringo,2024-06-01,0.5939742906188871,0.5939742906188871,0.6085370092436441,0.5151743695833364,0.02721590904991511
Baringo,2024-07-01,0.6053636677525729,0.6053636677525729,0.6240963690417815,0.5408823896071956,0.028726915721773993
Baringo,2024-08-01,0.6861252666190923,0.6861252666190923,0.6284877416635174,0.5876714017047169,0.07904774656361391
Baringo,2024-09-01,0.618726054210033,0.618726054210033,0.6367383295272327,0.6226376693854384,0.05237616615455065
Baringo,2024-10-01,0.5283892007218274,0.5283892007218274,0.6110801738503177,0.6175882714460496,-0.0048152825656669895
Baringo,2024-11-01,0.5076433980736345,0.5076433980736345,0.5515862176684982,0.5900369796660079,-0.029785508018208784
Baringo,2024-12-01,0.5739988700848654,0.5739988700848654,0.5366771562934424,0.5867077429103376,0.0626752453032342
Baringo,2025-01-01,0.4916339273698215,0.4916339273698215,0.5244253985094405,0.567752786179879,0.03710340126099981
Baringo,2025-02-01,0.4133231534503974,0.4133231534503974,0.4929853169683615,0.5222857673184298,0.0005669823984899014
Baringo,2025-03-01,0.4892257066691408,0.4892257066691408,0.46472759582978657,0.5007023760616144,0.047796662537650914
Baringo,2025-04-01,0.6412840701308021,0.6412840701308021,0.5146109767501135,0.5195181876297769,0.09859580425470016
Baringo,2025-05-01,0.6438686060373621,0.6438686060373621,0.5914594609457683,0.5422223889570649,0.05339551534813003
Baringo,2025-06-01,0.5816470073569558,0.5816470073569558,0.6222665611750401,0.5434970785024132,0.014888625787983889
Baringo,2025-07-01,0.5861615853486948,0.5861615853486948,0.6038923995810043,0.5592516881655588,0.009524833317895887
Baringo,2025-08-01,0.6410698551637242,0.6410698551637242,0.6029594826231249,0.5972094717844466,0.03399233510824573
Baringo,2025-09-01,0.5932691789235233,0.5932691789235233,0.6068335398119808,0.6145500504935103,0.0269192908680409
Baringo,2025-10-01,0.5832004990051024,0.5832004990051024,0.6058465110307832,0.6048694553058938,0.04999601571760803
Baringo,2025-11-01,0.5874313921834146,0.5874313921834146,0.5879670233706801,0.5954632529969025,0.05000248609157132
Baringo,2025-12-01,0.524124494867728,0.524124494867728,0.5649187953520817,0.5858761675820312,0.012800870086096872
Baringo,2026-01-01,0.4754408708655405,0.4754408708655405,0.5289989193055611,0.5674227151681722,0.020910344756718824
Baringo,2026-02-01,0.4765569533975038,0.4765569533975038,0.4920407730435908,0.5400038982071355,0.06380078234559633
Baringo,2026-03-01,0.6561894346812075,0.6561894346812075,0.536062419648084,0.5504906075000827,0.21476039054971763
Baringo,2026-04-01,0.6560906306053244,0.6560906306053244,0.596279006228012,0.5626389627667865,0.11340236472922238
Embu,2019-01-01,0.7601219363870044,0.7601219363870044,0.7601219363870044,0.7601219363870044,-0.008675492792617923
Embu,2019-02-01,0.6899147219836549,0.6899147219836549,0.7250183291853296,0.7250183291853296,-0.0303880092817288
Embu,2019-03-01,0.6517257133797834,0.6517257133797834,0.7005874572501476,0.7005874572501476,-0.06577619926290434
Embu,2019-04-01,0.6885154830752095,0.6885154830752095,0.6767186394795491,0.697569463706413,-0.08886861870733465
Embu,2019-05-01,0.7492422387810507,0.7492422387810507,0.6964944784120144,0.7079040187213406,-0.03152416715508688
Embu,2019-06-01,0.7100590976667112,0.7100590976667112,0.7159389398409904,0.708263198545569,-0.02682276226072
Embu,2019-07-01,0.680919188209219,0.680919188209219,0.7134068415523269,0.6950627405159381,-0.0046350252317655105
Embu,2019-08-01,0.648904059778263,0.648904059778263,0.6799607818847311,0.6882276301483728,-0.04314660091622746
Embu,2019-09-01,0.6343032498530232,0.6343032498530232,0.6547088326135018,0.685323886227246,-0.034279731852152384
Embu,2019-10-01,0.7350700135701083,0.7350700135701083,0.6727591077337983,0.6930829746430626,0.022962570002845184
Embu,2019-11-01,0.786721258620301,0.786721258620301,0.7186981740144774,0.6993294779496043,0.025318755450261188
Embu,2019-12-01,0.801064392712652,0.801064392712652,0.7742852216343538,0.7144970271239277,0.009115080803996034
Embu,2020-01-01,0.7904041953849305,0.7904041953849305,0.792729948905961,0.7327445283198797,0.021606766205308103
Embu,2020-02-01,0.7805142857021777,0.7805142857021777,0.7906609579332534,0.7546795659738654,0.060211554436794046
Embu,2020-03-01,0.7764277672461757,0.7764277672461757,0.7824487494444279,0.7783669855393908,0.05892585460348798
Embu,2020-04-01,0.7601290211173666,0.7601290211173666,0.7723570246885734,0.7825434867972673,-0.017255080665177558
Embu,2020-05-01,0.8057265587501214,0.8057265587501214,0.7807611157045545,0.785711036818904,0.024960152813983894
Embu,2020-06-01,0.768524740400734,0.768524740400734,0.7781267734227407,0.7802877614335842,0.03164288047330288
Embu,2020-07-01,0.6801686366586343,0.6801686366586343,0.7514733119364966,0.761915168312535,-0.005385576782350299
Embu,2020-08-01,0.6851105419084893,0.6851105419084893,0.7112679729892859,0.7460145443469202,-0.006940118786001204
Embu,2020-09-01,0.6762535254028484,0.6762535254028484,0.680510901323324,0.7293188373730324,0.007670543697672838
Embu,2020-10-01,0.7448137356647431,0.7448137356647431,0.7020592676586936,0.7267662897975949,0.032706292097479994
Embu,2020-11-01,0.7833527895068151,0.7833527895068151,0.7348066835248023,0.723037328257044,0.021950286336775315
Embu,2020-12-01,0.7819922038091823,0.7819922038091823,0.7700529096602469,0.7252819054917854,-0.009957108099473588
Embu,2021-01-01,0.7778609047819075,0.7778609047819075,0.7810686326993016,0.7415639501789976,0.009063475602285154
Embu,2021-02-01,0.7347280267075595,0.7347280267075595,0.7648603784328832,0.7498335309788425,0.014425295442175856
Embu,2021-03-01,0.6997715803111488,0.6997715803111488,0.7374535039335387,0.7537532067968927,-0.017730332331538867
Embu,2021-04-01,0.8062254364680603,0.8062254364680603,0.7469083478289229,0.7639884902641123,0.028841334685516196
Embu,2021-05-01,0.7481331591357525,0.7481331591357525,0.7513767253049872,0.7581185518689351,-0.03263324680038504
Embu,2021-06-01,0.6983787122810886,0.6983787122810886,0.7509124359616338,0.7441829699475861,-0.03850314764634255
Embu,2021-07-01,0.7303368563640701,0.7303368563640701,0.7256162425936371,0.73626229521128,0.044782642923085536
Embu,2021-08-01,0.677369790700543,0.677369790700543,0.702028453115234,0.7267025892101105,-0.014680869993947465
Embu,2021-09-01,0.6282636951318672,0.6282636951318672,0.6786567807321601,0.714784608346897,-0.04031928657330841
Embu,2021-10-01,0.672624258825858,0.672624258825858,0.6594192482194227,0.6925177454065299,-0.03948318474140511
Embu,2021-11-01,0.7066110646311363,0.7066110646311363,0.6691663395296206,0.6855973963224272,-0.05479143853890345
Embu,2021-12-01,0.8057319343314397,0.8057319343314397,0.7283224192628114,0.7034895999974857,0.01378262242278383
Embu,2022-01-01,0.7702618523687625,0.7702618523687625,0.7608682837771129,0.7101437659982679,0.001464423189140196
Embu,2022-02-01,0.7008945481074426,0.7008945481074426,0.7589627782692149,0.7140645588994178,-0.019408183157941128
Embu,2022-03-01,0.6609486191385204,0.6609486191385204,0.7107016732049085,0.7195120462338599,-0.05655329350416727
Embu,2022-04-01,0.7519050319226664,0.7519050319226664,0.7045827330562098,0.7327255084166614,-0.02547906985987769
Embu,2022-05-01,0.770181797007674,0.770181797007674,0.7276784826896203,0.7433206304794177,-0.01058460892846358
Embu,2022-06-01,0.7343534342253,0.7343534342253,0.7521467543852135,0.731424213795061,-0.0025284257021311873
Embu,2022-07-01,0.6470554714661713,0.6470554714661713,0.7171969008997151,0.7108898169779625,-0.03849874197481329
Embu,2022-08-01,0.6759581377492611,0.6759581377492611,0.685789014480244,0.7067337485849321,-0.016092522945229448
Embu,2022-09-01,0.6180538229892266,0.6180538229892266,0.647022477401553,0.6995846158933832,-0.050529158715948985
Embu,2022-10-01,0.662449978466997,0.662449978466997,0.6521539797351615,0.6846754403174383,-0.04965746510026603
Embu,2022-11-01,0.6851607424653166,0.6851607424653166,0.6552215146405134,0.6705052645603787,-0.07624176070472322
Embu,2022-12-01,0.7959598480794835,0.7959598480794835,0.7145235230039324,0.6807730002027427,0.004010536170827583
Embu,2023-01-01,0.7542136652918693,0.7542136652918693,0.7451114186122231,0.6986326991736923,-0.014583763887753065
Embu,2023-02-01,0.6816566200999113,0.6816566200999113,0.7439433778237547,0.699582446232134,-0.03864611116547234
Embu,2023-03-01,0.6361710110747193,0.6361710110747193,0.6906804321554999,0.7026019775797162,-0.0813309015679684
Embu,2023-04-01,0.7766468166607099,0.7766468166607099,0.6981581492784468,0.7216347839453349,-0.0007372851218342413
Embu,2023-05-01,0.7799124849156215,0.7799124849156215,0.730910104217017,0.7374267410203857,-0.0008539210205160686
Embu,2023-06-01,0.7172292351033541,0.7172292351033541,0.7579295122265618,0.7243049721910308,-0.019652624824077036
Embu,2023-07-01,0.5911073950486961,0.5911073950486961,0.6960830383558906,0.6971205938171687,-0.09444681839228841
Embu,2023-08-01,0.7104745298914076,0.7104745298914076,0.6729370533478193,0.701923578782418,0.018423869196917075
Embu,2023-09-01,0.6992043953723165,0.6992043953723165,0.6669287734374735,0.7124291428320176,0.030621413667140884
Embu,2023-10-01,0.8386382586132334,0.8386382586132334,0.7494390612923191,0.7227610498241049,0.1265308150459703
Embu,2023-11-01,0.8253983350471636,0.8253983350471636,0.787746996344238,0.7303420248460286,0.06399583187712388
Embu,2023-12-01,0.7934905952658983,0.7934905952658983,0.8191757296420984,0.7430522515397859,0.0015412833572423512
Embu,2024-01-01,0.76976937526956,0.76976937526956,0.7962194351942072,0.7728292482432632,0.0009719460899376697
Embu,2024-02-01,0.7358852323505815,0.7358852323505815,0.7663817342953466,0.7770643653197923,0.015582501085197764
Embu,2024-03-01,0.791866022554677,0.791866022554677,0.7658402100582729,0.7925079698501856,0.07436410991198927
Embu,2024-04-01,0.7891415773457461,0.7891415773457461,0.7722976107503349,0.784258522972271,0.011757475563201947
Embu,2024-05-01,0.8192404435205694,0.8192404435205694,0.8000826811403309,0.7832322077178387,0.0384740375844318
Embu,2024-06-01,0.7667843012550694,0.7667843012550694,0.7917221073737949,0.7787811587160339,0.029902441327638196
Embu,2024-07-01,0.8042157587223993,0.8042157587223993,0.7967468344993459,0.7845222226248404,0.1186615452814147
Embu,2024-08-01,0.7354487417632006,0.7354487417632006,0.7688162672468897,0.7844494741936102,0.043398081068710126
Embu,2024-09-01,0.6891997142902141,0.6891997142902141,0.7429547382586046,0.7673384228161998,0.02061673258503849
Embu,2024-10-01,0.6821031736977488,0.6821031736977488,0.7022505432503877,0.7494986888748669,-0.03000426986951432
Embu,2024-12-01,0.7681265975670772,0.7681265975670772,0.7131431618516801,0.7409797145492849,-0.023822714341578677
Embu,2025-01-01,0.77106200496758,0.77106200496758,0.7404305920774688,0.7416926651680367,0.00226457578795769
Embu,2025-02-01,0.7353028414453016,0.7353028414453016,0.7581638146599863,0.730207178955187,0.01500011017991787
Embu,2025-03-01,0.7172666346163006,0.7172666346163006,0.741210493676394,0.727176827764037,-0.00023527802638712014
Embu,2025-04-01,0.8037825097586283,0.8037825097586283,0.7521173286067434,0.7462739603421061,0.02639840797608417
Embu,2025-05-01,0.7929281594421729,0.7929281594421729,0.7713257679390338,0.7647447912995101,0.012161753506035322
Embu,2025-06-01,0.762843498559761,0.762843498559761,0.7865180559201873,0.7638642747982907,0.02596163863232981
Embu,2025-07-01,0.6650761876177022,0.6650761876177022,0.7402826152065454,0.7461999719066444,-0.020478025823282398
Embu,2025-08-01,0.7110888230702688,0.7110888230702688,0.7130028364159106,0.7421643021774722,0.019038162375778267
Embu,2025-09-01,0.7348024688967331,0.7348024688967331,0.7036558265282347,0.745086941224211,0.06621948719155746
Embu,2025-10-01,0.6490526861321524,0.6490526861321524,0.6983146593663848,0.719298637286465,-0.06305475743511069
Embu,2025-11-01,0.781170828749506,0.781170828749506,0.7216753279261305,0.7173390821710206,0.019768325579466284
Embu,2025-12-01,0.7972796115948584,0.7972796115948584,0.7425010421588389,0.7230784343435368,0.0053302996862024665
Embu,2026-01-01,0.7566854989853643,0.7566854989853643,0.778378646443243,0.7383466529048138,-0.012111930194258047
Embu,2026-02-01,0.7035255737264402,0.7035255737264402,0.7524968947688876,0.7370861113475091,-0.016777157538943488
Embu,2026-03-01,0.8058379528201765,0.8058379528201765,0.7553496751773269,0.748925358668083,0.08833604017748875
Embu,2026-04-01,0.8427269379119662,0.8427269379119662,0.7840301548195275,0.7812044006313853,0.06534283612942204
Garissa,2019-01-01,0.2719272588254922,0.2719272588254922,0.2719272588254922,0.2719272588254922,-0.06994888173828923
Garissa,2019-02-01,0.2340887576461134,0.2340887576461134,0.2530080082358028,0.2530080082358028,-0.03757943036678443
Garissa,2019-03-01,0.2352091655798029,0.2352091655798029,0.2470750606838028,0.2470750606838028,-0.03924268807831802
Garissa,2019-04-01,0.2360336939328841,0.2360336939328841,0.23511053905293347,0.24431471899607315,-0.11852122235669382
Garissa,2019-05-01,0.2962441552336973,0.2962441552336973,0.25582900491546146,0.25470060624359797,-0.033813833884574984
Garissa,2019-06-01,0.2112459665301522,0.2112459665301522,0.24784127189891117,0.247458166291357,-0.0478635170787991
Garissa,2019-07-01,0.2095766308341366,0.2095766308341366,0.23902225086599535,0.23706639495946444,-0.012707750942980128
Garissa,2019-08-01,0.1935721446054993,0.1935721446054993,0.2047982473232627,0.23031362611936204,-0.022941863259955897
Garissa,2019-09-01,0.1991163269082845,0.1991163269082845,0.20075503411597348,0.22429815300744235,-0.0186247970284516
Garissa,2019-10-01,0.2274915979057987,0.2274915979057987,0.2067266898065275,0.22287447033626143,0.00035655527661215825
Garissa,2019-11-01,0.4602868988395863,0.4602868988395863,0.2956316078845565,0.2502149276039096,0.08984630159810703
Garissa,2019-12-01,0.5458314660744591,0.5458314660744591,0.411203320939948,0.3059791775279607,0.11376390296032302
Garissa,2020-01-01,0.4084119199482812,0.4084119199482812,0.47151009495410884,0.3391183923803182,0.06653577938449978
Garissa,2020-02-01,0.3574128241488772,0.3574128241488772,0.43721873672387246,0.36642517230421445,0.08574463613597938
Garissa,2020-03-01,0.2976186709292629,0.2976186709292629,0.35448113834214046,0.38284222964104425,0.023166817271142004
Garissa,2020-04-01,0.4079430533918506,0.4079430533918506,0.35432484948999693,0.41291747222205283,0.05338813710227269
Garissa,2020-05-01,0.4109258645512434,0.4109258645512434,0.37216252962411894,0.40469063317399573,0.08086787543297114
Garissa,2020-06-01,0.2678762717059246,0.2678762717059246,0.36224839654967284,0.3583647674459067,0.008766788096973288
Garissa,2020-07-01,0.2317446928006773,0.2317446928006773,0.30351560968594843,0.3289202295879727,0.00946031102356057
Garissa,2020-08-01,0.2401399289223857,0.2401399289223857,0.24658696447632922,0.3093747470502241,0.02362592105693051
Garissa,2020-09-01,0.246137262551822,0.246137262551822,0.23934062809162834,0.3007945123206506,0.028396138615085886
Garissa,2020-10-01,0.2623152344580294,0.2623152344580294,0.24953080864407903,0.2765232091650138,0.035180191828842855
Garissa,2020-11-01,0.4966604022237825,0.4966604022237825,0.3350376330778779,0.2908122987771036,0.12621980498230323
Garissa,2020-12-01,0.3744516201098751,0.3744516201098751,0.377809085597229,0.30857485684442865,-0.05761594300426098
Garissa,2021-01-01,0.3098679555065782,0.3098679555065782,0.3936599926134119,0.32159540062874553,-0.03200818505720321
Garissa,2021-02-01,0.253026385545176,0.253026385545176,0.3124486537205431,0.32374314339921056,-0.018641802467721846
Garissa,2021-03-01,0.2404250726664003,0.2404250726664003,0.2677731379060515,0.3227911117516402,-0.0340267809917206
Garissa,2021-04-01,0.2518804624848688,0.2518804624848688,0.24844397356548167,0.32105198308944677,-0.10267445380470913
Garissa,2021-05-01,0.2461819811364803,0.2461819811364803,0.24616250542924978,0.27930557957489643,-0.08387600798179198
Garissa,2021-06-01,0.2394552037463422,0.2394552037463422,0.2458392157892304,0.2568061768476409,-0.01965427986260912
Garissa,2021-07-01,0.1921401468846328,0.1921401468846328,0.22592577725581842,0.23718487541065006,-0.03014423489248394
Garissa,2021-08-01,0.2095699344460387,0.2095699344460387,0.21372176169233792,0.22994213356079382,-0.006944073419416497
Garissa,2021-09-01,0.2136158835006839,0.2136158835006839,0.20510865494378513,0.22547393536650776,-0.004125240436052224
Garissa,2021-10-01,0.225279682893016,0.225279682893016,0.21615516694657955,0.22104047210119895,-0.001855359736170542
Garissa,2021-11-01,0.2134252020388635,0.2134252020388635,0.2174402561441878,0.21558100891826282,-0.15701539520261576
Garissa,2021-12-01,0.4157352962919229,0.4157352962919229,0.2848133937412675,0.2449610243425263,-0.01633226682221317
Garissa,2022-01-01,0.3976009457174713,0.3976009457174713,0.34225381468275257,0.27920449081466603,0.05572480515368988
Garissa,2022-02-01,0.2778676638327266,0.2778676638327266,0.36373463528070693,0.2905874457124474,0.00619947581982877
Garissa,2022-03-01,0.2369863311119434,0.2369863311119434,0.30415164688738044,0.294482520314324,-0.03746552254617752
Garissa,2022-04-01,0.2331925088174508,0.2331925088174508,0.24934883458737364,0.2958013246350631,-0.12136240747212712
Garissa,2022-05-01,0.2385527570575471,0.2385527570575471,0.23624386566231378,0.29998925047151037,-0.09150523206072517
Garissa,2022-06-01,0.2179269122977941,0.2179269122977941,0.22989072605759733,0.2670211864724889,-0.04118257131115721
Garissa,2022-07-01,0.192220555966393,0.192220555966393,0.21623340844057806,0.23279112151397585,-0.030063825810723727
Garissa,2022-08-01,0.2001886011122616,0.2001886011122616,0.20344535645881626,0.219844611060565,-0.016325406753193578
Garissa,2022-09-01,0.1921538916749636,0.1921538916749636,0.1948543495845394,0.21237253782106838,-0.025587232261772508
Garissa,2022-10-01,0.2179175517293933,0.2179175517293933,0.20342001483887287,0.20982671163972544,-0.009217490899793235
Garissa,2022-11-01,0.215113424147156,0.215113424147156,0.20839495585050435,0.20592015615466028,-0.15532717309432326
Garissa,2022-12-01,0.364354191667878,0.364354191667878,0.2657950558481425,0.23032470271634095,-0.06771337144625805
Garissa,2023-01-01,0.2757373703439438,0.2757373703439438,0.2850683287196593,0.24424417177926605,-0.0661387702198376
Garissa,2023-02-01,0.2261847670183941,0.2261847670183941,0.28875877634340535,0.2485768660969548,-0.045483420994503726
Garissa,2023-03-01,0.2588270112609013,0.2588270112609013,0.25358304954107974,0.2596890526946111,-0.015624842397219618
Garissa,2023-04-01,0.4251227725909433,0.4251227725909433,0.3033781836234129,0.2942232561715361,0.07056785630136536
Garissa,2023-05-01,0.3465699930454776,0.3465699930454776,0.3435065922991074,0.31613268432125635,0.01651200392720531
Garissa,2023-06-01,0.2734919794111944,0.2734919794111944,0.3483949150158718,0.3009889822784757,0.0143824958022431
Garissa,2023-07-01,0.2255211413513864,0.2255211413513864,0.2818610379360195,0.29261961077971615,0.0032367595742696653
Garissa,2023-08-01,0.2162421556831977,0.2162421556831977,0.23841842548192618,0.2909625088905168,-0.000271852182257476
Garissa,2023-09-01,0.2273520583294806,0.2273520583294806,0.2230384517880216,0.28571668340194667,0.009610934392744491
Garissa,2023-10-01,0.2009161597856618,0.2009161597856618,0.2148367912661134,0.24834891460106642,-0.02621888284352475
Garissa,2023-11-01,0.5057513783092071,0.5057513783092071,0.3113398654747832,0.2748791454783547,0.13531078106772787
Garissa,2023-12-01,0.5664537222916661,0.5664537222916661,0.42437375346217837,0.32370610262509997,0.13438615917753005
Garissa,2024-01-01,0.4613678533809285,0.4613678533809285,0.5111909846606005,0.36301388796335704,0.1194917128171471
Garissa,2024-02-01,0.342997779797786,0.342997779797786,0.4569397851567936,0.3841398253157884,0.07132959178488818
Garissa,2024-03-01,0.2917183260575204,0.2917183260575204,0.3653613197454117,0.39486753660379503,0.01726647239939949
Garissa,2024-04-01,0.4696840321807223,0.4696840321807223,0.36813337934534296,0.43966218200297175,0.11512911589114438
Garissa,2024-05-01,0.4623270171043022,0.4623270171043022,0.4079097917808483,0.4324247884688209,0.1322690279860299
Garissa,2024-06-01,0.3255049147998162,0.3255049147998162,0.41917198802828026,0.39226665388684595,0.06639543119086488
Garissa,2024-07-01,0.2765308900465867,0.2765308900465867,0.3547876073169018,0.3614604933311223,0.05424650826946997
Garissa,2024-08-01,0.2409046975289227,0.2409046975289227,0.28098016745844195,0.3444449796196451,0.024390689663467524
Garissa,2024-09-01,0.2374636639151066,0.2374636639151066,0.2516330838302054,0.33540253592924274,0.01972253997837048
Garissa,2024-10-01,0.2497358244416296,0.2497358244416296,0.24270139529521964,0.2987445013060607,0.022600781812443044
Garissa,2024-11-01,0.4054594636476243,0.4054594636476243,0.2975529840014535,0.2892665757299477,0.035018866406145044
Garissa,2024-12-01,0.4213524066992931,0.4213524066992931,0.35884923159618237,0.3052411577131938,-0.010715156414842997
Garissa,2025-01-01,0.3321059332710178,0.3321059332710178,0.3863059345393118,0.3145036649172657,-0.009770207292763622
Garissa,2025-02-01,0.2649066170063182,0.2649066170063182,0.3394549856588764,0.3185039848301649,-0.0067615710065796475
Garissa,2025-03-01,0.313789526454724,0.313789526454724,0.30360069224402003,0.33122496192010115,0.03933767279660311
Garissa,2025-04-01,0.428758764153161,0.428758764153161,0.3358183025380677,0.36106211853868975,0.07420384786358308
Garissa,2025-05-01,0.309604155699158,0.309604155699158,0.3507174821023477,0.345086233880612,-0.020453833419114276
Garissa,2025-06-01,0.2782651367714356,0.2782651367714356,0.3388760188745849,0.3212383555593024,0.0191556531624843
Garissa,2025-07-01,0.2282566145560044,0.2282566145560044,0.27204196900886607,0.3039301357734669,0.005972232778887671
Garissa,2025-08-01,0.2149805927598804,0.2149805927598804,0.24050078136244016,0.2956091317323939,-0.0015334151055747813
Garissa,2025-09-01,0.2083487806768115,0.2083487806768115,0.2171953293308988,0.2780356741027418,-0.009392343259924607
Garissa,2025-10-01,0.206289247190777,0.206289247190777,0.20987287354248965,0.2409574212756778,-0.02084579543840956
Garissa,2025-11-01,0.296387411484135,0.296387411484135,0.2370084797839079,0.23875463057317395,-0.07405318575734426
Garissa,2025-12-01,0.336294238663858,0.336294238663858,0.27965696577959004,0.2484261475552444,-0.09577332445027809
Garissa,2026-01-01,0.2779898875165383,0.2779898875165383,0.30355717922151043,0.256715026382,-0.0638862530472431
Garissa,2026-02-01,0.2168607091077913,0.2168607091077913,0.2770482784293959,0.2570283791066518,-0.05480747890510654
Garissa,2026-03-01,0.321040725204412,0.321040725204412,0.27196377394291393,0.2758103698612519,0.0465888715462911
Garissa,2026-04-01,0.3838240427647423,0.3838240427647423,0.30724182569231523,0.30539950245691283,0.029269126475164386
Isiolo,2019-01-01,0.2409677530395774,0.2409677530395774,0.2409677530395774,0.2409677530395774,-0.04825673477903869
Isiolo,2019-02-01,0.2093512106463292,0.2093512106463292,0.2251594818429533,0.2251594818429533,-0.030915614366924665
Isiolo,2019-03-01,0.204266264890813,0.204266264890813,0.21819507619223988,0.21819507619223988,-0.04910382365453059
Isiolo,2019-04-01,0.2242932522971199,0.2242932522971199,0.2126369092780874,0.21971962021845987,-0.14489560134403187
Isiolo,2019-05-01,0.2386342465026861,0.2386342465026861,0.22239792123020632,0.22350254547530515,-0.10847055682898926
Isiolo,2019-06-01,0.2070897444040229,0.2070897444040229,0.22333908106794298,0.2207670786300914,-0.04207510714798393
Isiolo,2019-07-01,0.1925813236541122,0.1925813236541122,0.21276843818694038,0.21270267373251392,-0.02846291691408992
Isiolo,2019-08-01,0.1852479511885279,0.1852479511885279,0.19497300641555435,0.20868546382288033,-0.027916627857954707
Isiolo,2019-09-01,0.1863812142719889,0.1863812142719889,0.18807016303820967,0.20570462205307635,-0.020180419059899674
Isiolo,2019-10-01,0.2271244490897548,0.2271244490897548,0.1995845381834239,0.20617648818518217,0.0059964435298069385
Isiolo,2019-11-01,0.3779297169312222,0.3779297169312222,0.26381179343098865,0.2293923999232715,0.04654975253855581
Isiolo,2019-12-01,0.5789708016880905,0.5789708016880905,0.39467498923635574,0.29137257613728273,0.22794786991817245
Isiolo,2020-01-01,0.414608392586593,0.414608392586593,0.45716963706863517,0.3283770876260295,0.1253839047679769
Isiolo,2020-02-01,0.3286152297547401,0.3286152297547401,0.4407314746764745,0.3522716340537316,0.08834840474148625
Isiolo,2020-03-01,0.2819034590057077,0.2819034590057077,0.3417090271156802,0.368192008176018,0.028533370460364083
Isiolo,2020-04-01,0.4405731758524699,0.4405731758524699,0.35036395487097255,0.4037667959698039,0.07138432221131813
Isiolo,2020-05-01,0.3696785625643309,0.3696785625643309,0.36405173247416944,0.40239160357532194,0.022573759232655533
Isiolo,2020-06-01,0.267360048640172,0.267360048640172,0.35920392901899084,0.3504564780673356,0.018195197088165166
Isiolo,2020-07-01,0.2421734353924964,0.2421734353924964,0.29307068219899973,0.3217173185349862,0.021129194824294262
Isiolo,2020-08-01,0.2263100156346343,0.2263100156346343,0.24528116655576748,0.3046664495149685,0.013145436588151677
Isiolo,2020-09-01,0.2230493847322278,0.2230493847322278,0.23051094525311946,0.2948574371360552,0.01648775140033923
Isiolo,2020-10-01,0.2504241379341597,0.2504241379341597,0.2332611794336739,0.2631659308163368,0.02929613237421183
Isiolo,2020-11-01,0.4294655610231898,0.4294655610231898,0.3009796945631924,0.27313043055948,0.09808559663052341
Isiolo,2020-12-01,0.27171767816526,0.27171767816526,0.3172024590408698,0.27385670214699465,-0.07930525360465801
Isiolo,2021-01-01,0.2368506624283264,0.2368506624283264,0.312677967205592,0.27296957331963295,-0.0523738253902897
Isiolo,2021-02-01,0.2128303441843405,0.2128303441843405,0.24046622825930894,0.2707229614112507,-0.027436480828913368
Isiolo,2021-03-01,0.210256863061548,0.210256863061548,0.21997928989140492,0.2685908744661374,-0.04311322548379559
Isiolo,2021-04-01,0.2360357404534961,0.2360357404534961,0.21970764923312816,0.2661928082193601,-0.1331531131876557
Isiolo,2021-05-01,0.2455332497424549,0.2455332497424549,0.23060861775249963,0.2355374230059043,-0.10157155358922046
Isiolo,2021-06-01,0.2034783741870469,0.2034783741870469,0.22834912146099928,0.22416420567620213,-0.045686477364959927
Isiolo,2021-07-01,0.1926441753520273,0.1926441753520273,0.21388526642717634,0.2167964578301523,-0.02840006521617483
Isiolo,2021-08-01,0.1880591999407517,0.1880591999407517,0.1947272498266086,0.21266793378955418,-0.025105379105730907
Isiolo,2021-09-01,0.1863166713157432,0.1863166713157432,0.1890066822028407,0.20867790183192003,-0.020244962016145368
Isiolo,2021-10-01,0.1888911359350548,0.1888911359350548,0.18775566906384986,0.20082046774551313,-0.032236869624893055
Isiolo,2021-11-01,0.1885487623110872,0.1885487623110872,0.18791885652062837,0.19132305317361853,-0.14283120208157918
Isiolo,2021-12-01,0.2146479106002136,0.2146479106002136,0.19736260294878516,0.19318464257581294,-0.1363750211697044
Isiolo,2022-01-01,0.2836192654855329,0.2836192654855329,0.22893864613227785,0.20834715759806388,-0.005605222333083193
Isiolo,2022-02-01,0.2214741908685663,0.2214741908685663,0.2399137889847709,0.21391632275269967,-0.01879263414468757
Isiolo,2022-03-01,0.1948662746229188,0.1948662746229188,0.23331991032567265,0.21534125663722892,-0.05850381392242479
Isiolo,2022-04-01,0.2178416275137771,0.2178416275137771,0.21139403100175402,0.22016633856701595,-0.1513472261273747
Isiolo,2022-05-01,0.2310659260029076,0.2310659260029076,0.21459127604653447,0.2272525325156527,-0.11603887732876778
Isiolo,2022-06-01,0.1944816452075146,0.1944816452075146,0.21446306624139969,0.2238914882835362,-0.054683206344492225
Isiolo,2022-07-01,0.1860193984492678,0.1860193984492678,0.20385565655322999,0.20762484377749205,-0.035024842118934335
Isiolo,2022-08-01,0.1804363915155468,0.1804363915155468,0.18697914505744304,0.20078521055198875,-0.032728187530935815
Isiolo,2022-09-01,0.1746431423337134,0.1746431423337134,0.18036631076617596,0.19741468850378788,-0.031918490998175175
Isiolo,2022-10-01,0.2062722173545634,0.2062722173545634,0.1871172504012745,0.19548645347725227,-0.014855788205384468
Isiolo,2022-11-01,0.1934179399863536,0.1934179399863536,0.19144443322487673,0.1892117891411599,-0.13796202440631278
Isiolo,2022-12-01,0.2146031935954777,0.2146031935954777,0.20476445031213153,0.19256538053915376,-0.1364197381744403
Isiolo,2023-01-01,0.2052004989681727,0.2052004989681727,0.20440721085000127,0.1957622306256379,-0.0840239888504434
Isiolo,2023-02-01,0.1791419677952178,0.1791419677952178,0.19964855345295604,0.1955464933389164,-0.061124857218036066
Isiolo,2023-03-01,0.2016437894899441,0.2016437894899441,0.1953287520844448,0.2000466011982882,-0.051726299055399494
Isiolo,2023-04-01,0.4873838227603757,0.4873838227603757,0.28938986001517913,0.24689853543259024,0.11819496911922389
Isiolo,2023-05-01,0.4345854617764785,0.4345854617764785,0.37453769134226605,0.28709312239761103,0.08748065844480313
Isiolo,2023-06-01,0.2768093787699082,0.2768093787699082,0.39959288776892077,0.29746081992668283,0.027644527217901366
Isiolo,2023-07-01,0.2314459896840582,0.2314459896840582,0.3142802767434816,0.30183506837933044,0.010401749115856063
Isiolo,2023-08-01,0.2179638902343836,0.2179638902343836,0.24207308622944992,0.30830538878585806,0.004799311187900973
Isiolo,2023-09-01,0.2111607840136536,0.2111607840136536,0.22019022131069843,0.3098915545398096,0.00459915068176503
Isiolo,2023-10-01,0.2218338068173699,0.2218338068173699,0.21698616035513565,0.26563321854930866,0.000705801257422034
Isiolo,2023-11-01,0.5181568224074554,0.5181568224074554,0.31705047107949297,0.27956177865447146,0.18677685801478905
Isiolo,2023-12-01,0.6011612687835274,0.6011612687835274,0.44705063266945083,0.33362042699007466,0.2501383370136094
Isiolo,2024-01-01,0.4561704022152325,0.4561704022152325,0.525162831135405,0.37107449574527035,0.16694591439661638
Isiolo,2024-02-01,0.3359800445112566,0.3359800445112566,0.4644372385033388,0.3907438547914159,0.09571321949800277
Isiolo,2024-03-01,0.2905738937236818,0.2905738937236818,0.36090811348339025,0.40397937307642057,0.03720380517833821
Isiolo,2024-04-01,0.4524346963687359,0.4524346963687359,0.3596628782012248,0.44241285466831487,0.08324584272758412
Isiolo,2024-05-01,0.5025828415582936,0.5025828415582936,0.41519714388357043,0.4398171911934546,0.1554780382266182
Isiolo,2024-06-01,0.3169853291432527,0.3169853291432527,0.42400095569009405,0.3924545345867421,0.0678204775912459
Isiolo,2024-07-01,0.2721039207967103,0.2721039207967103,0.3638906971660855,0.3617767876836551,0.05105968022850818
Isiolo,2024-08-01,0.2642389020367411,0.2642389020367411,0.2844427173255681,0.34981993060456923,0.05107432299025849
Isiolo,2024-09-01,0.2427824531090645,0.2427824531090645,0.259708425314172,0.34185469050213296,0.03622081977717592
Isiolo,2024-10-01,0.2358994524808999,0.2358994524808999,0.24764026920890184,0.3057654831874937,0.014771446920952058
Isiolo,2024-11-01,0.3267717324743932,0.3267717324743932,0.2684845460214525,0.2764636316735103,-0.004608231918273198
Isiolo,2024-12-01,0.3087457628506485,0.3087457628506485,0.2904723159353138,0.2750903706247429,-0.042277168919269525
Isiolo,2025-01-01,0.2533840626175746,0.2533840626175746,0.2963005193142054,0.27197039426155367,-0.03584042520104147
Isiolo,2025-02-01,0.2228544171561584,0.2228544171561584,0.2616614142081272,0.2650729801147898,-0.01741240785709547
Isiolo,2025-03-01,0.2813382734836973,0.2813382734836973,0.25252558441914347,0.27149895017722864,0.02796818493835368
Isiolo,2025-04-01,0.4637515390522048,0.4637515390522048,0.32264807656402017,0.3094742979391128,0.094562685411053
Isiolo,2025-05-01,0.4076533351745763,0.4076533351745763,0.38424771590349277,0.32295456505580994,0.06054853184290093
Isiolo,2025-06-01,0.2779494405121304,0.2779494405121304,0.38311810491297055,0.31782184466605695,0.028784588960123564
Isiolo,2025-07-01,0.2303414406487428,0.2303414406487428,0.3053147387784832,0.31398140767125166,0.009297200080540663
Isiolo,2025-08-01,0.2298957027747928,0.2298957027747928,0.24606219464522203,0.3151549552743574,0.016731123728310177
Isiolo,2025-09-01,0.2215977835468287,0.2215977835468287,0.22727830899012144,0.305198206951546,0.015036150214940147
Isiolo,2025-10-01,0.2174508393078326,0.2174508393078326,0.22298144187648472,0.26414809032748393,-0.003677166252115255
Isiolo,2025-11-01,0.2853692156149632,0.2853692156149632,0.2414726128232082,0.24376740373421504,-0.04601074877770317
Isiolo,2025-12-01,0.2673139067062082,0.2673139067062082,0.2567113205430014,0.24199481476656137,-0.08370902506370981
Isiolo,2026-01-01,0.2229948652079192,0.2229948652079192,0.25855932917636354,0.24077038552642413,-0.0662296226106969
Isiolo,2026-02-01,0.211887195189422,0.211887195189422,0.23406532236784983,0.23776896759552898,-0.028379629823831853
Isiolo,2026-03-01,0.3621118900844379,0.3621118900844379,0.26566465016059304,0.26118798535179716,0.1087418015390943
Isiolo,2026-04-01,0.4311969748310347,0.4311969748310347,0.3350653533682982,0.29681234127233086,0.062008121189882914
Kajiado,2019-01-01,0.4187340263502945,0.4187340263502945,0.4187340263502945,0.4187340263502945,-0.05229703184340262
Kajiado,2019-02-01,0.3222612794388638,0.3222612794388638,0.37049765289457914,0.37049765289457914,-0.1155500382938684
Kajiado,2019-03-01,0.2890126755197423,0.2890126755197423,0.3433359937696336,0.3433359937696336,-0.15829849771891097
Kajiado,2019-04-01,0.3431393476994867,0.3431393476994867,0.31813776755269757,0.34328683225209683,-0.16779912240481826
Kajiado,2019-05-01,0.4459501677773538,0.4459501677773538,0.35936739699886094,0.36381949935714825,-0.04874344332326441
Kajiado,2019-06-01,0.3794886351001945,0.3794886351001945,0.389526050192345,0.36643102198098926,-0.030229950954699825
Kajiado,2019-07-01,0.2892112697261463,0.2892112697261463,0.37155002420123157,0.34484389587696457,-0.03162631591941156
Kajiado,2019-08-01,0.2697426633141456,0.2697426633141456,0.31281418938016214,0.33609079318951157,-0.026079063206189246
Kajiado,2019-09-01,0.2559414780350749,0.2559414780350749,0.2716318036917889,0.3305789269420669,-0.027654310037378615
Kajiado,2019-10-01,0.3116955410581586,0.3116955410581586,0.27912656080245973,0.3253382925018456,0.026088316245900967
Kajiado,2019-11-01,0.429640904865321,0.429640904865321,0.3324259746528515,0.3226200820165068,0.034398271028696914
Kajiado,2019-12-01,0.6405731717076686,0.6405731717076686,0.4606365392103828,0.3661341714510858,0.14795122071267602
Kajiado,2020-01-01,0.6264514709398151,0.6264514709398151,0.5655551825042683,0.4223408716533639,0.155420412746118
Kajiado,2020-02-01,0.6440116948536609,0.6440116948536609,0.6370121125003815,0.4847190435766165,0.20620037712092876
Kajiado,2020-03-01,0.6051810703694104,0.6051810703694104,0.6252147453876288,0.5429256422990058,0.1578698971307571
Kajiado,2020-04-01,0.5758230359776227,0.5758230359776227,0.6083386004002314,0.5869468914522499,0.06488456587331781
Kajiado,2020-05-01,0.59151457071072,0.59151457071072,0.5908395590192511,0.6139258357598162,0.09682095961010179
Kajiado,2020-06-01,0.4640339929978899,0.4640339929978899,0.5437905332287442,0.5845026393081866,0.05431540694299558
Kajiado,2020-07-01,0.3840049499664221,0.3840049499664221,0.47985117122501064,0.544094885812621,0.06316736432086423
Kajiado,2020-08-01,0.3319845813615525,0.3319845813615525,0.3933411747752881,0.4920903668972696,0.03616285484121767
Kajiado,2020-09-01,0.317276465014278,0.317276465014278,0.34442199878075086,0.4441062660047475,0.03368067694182447
Kajiado,2020-10-01,0.3015910157385657,0.3015910157385657,0.31695068737146537,0.398400929298238,0.015983790926308084
Kajiado,2020-11-01,0.388144236182957,0.388144236182957,0.33567057231193353,0.36450587354361086,-0.007098397653667099
Kajiado,2020-12-01,0.4390635484594123,0.4390635484594123,0.376266266793645,0.36034413278719796,-0.05355840253558025
Kajiado,2021-01-01,0.4419635773291543,0.4419635773291543,0.4230571206571745,0.37000390401431993,-0.029067480864542805
Kajiado,2021-02-01,0.5143549183416304,0.5143549183416304,0.465127348043399,0.4003989601776663,0.0765436006088982
Kajiado,2021-03-01,0.4483748468067486,0.4483748468067486,0.46823111415917773,0.4222486904764114,0.0010636735680953358
Kajiado,2021-04-01,0.4853946195698213,0.4853946195698213,0.48270812823940007,0.4528826244482873,-0.02554385053448366
Kajiado,2021-05-01,0.4468326019434974,0.4468326019434974,0.46020068944002235,0.46266401874171065,-0.047861009157120826
Kajiado,2021-06-01,0.4035496103026278,0.4035496103026278,0.4452589439386488,0.4567450290489133,-0.006168975752266492
Kajiado,2021-07-01,0.3190684782693753,0.3190684782693753,0.3898168968385001,0.43626251253895015,-0.001769107376182577
Kajiado,2021-08-01,0.2933574509551709,0.2933574509551709,0.33865851317572465,0.3994296013078735,-0.0024642755651639314
Kajiado,2021-09-01,0.2644298384967491,0.2644298384967491,0.29228525590709836,0.36877209992287363,-0.01916594957570439
Kajiado,2021-10-01,0.2707124645127157,0.2707124645127157,0.2761665846548785,0.3329917407466894,-0.014894760299541954
Kajiado,2021-11-01,0.2722336041708963,0.2722336041708963,0.26912530239345367,0.3038919077845892,-0.1230090296657278
Kajiado,2021-12-01,0.4590220883293106,0.4590220883293106,0.33398938567097414,0.3131373207890363,-0.03359986266568199
Kajiado,2022-01-01,0.4018693878362823,0.4018693878362823,0.37770836011216297,0.32693747238352083,-0.06916167035741483
Kajiado,2022-02-01,0.3949012789654471,0.3949012789654471,0.41859758504368,0.3438614437185668,-0.04291003876728511
Kajiado,2022-03-01,0.3503931119804303,0.3503931119804303,0.3823879262607199,0.358188655965847,-0.09691806125822294
Kajiado,2022-04-01,0.3436287699707174,0.3436287699707174,0.36297438697219825,0.3703413735421806,-0.16730970013358754
Kajiado,2022-05-01,0.3847493319300202,0.3847493319300202,0.35959040462705594,0.38909399483536794,-0.10994427917059801
Kajiado,2022-06-01,0.3042515862983212,0.3042515862983212,0.3442098960663529,0.36329891116353635,-0.10546699975657309
Kajiado,2022-07-01,0.2538717194389886,0.2538717194389886,0.3142908792224433,0.33863263309732083,-0.06696586620656925
Kajiado,2022-08-01,0.2524089107278085,0.2524089107278085,0.27017740548837277,0.31488390505771435,-0.043412815792526316
Kajiado,2022-09-01,0.23525631599514,0.23525631599514,0.247178982053979,0.29569443906016596,-0.04833947207731351
Kajiado,2022-10-01,0.2335136390473563,0.2335136390473563,0.2403929552567682,0.27734191723960583,-0.052093585764901335
Kajiado,2022-11-01,0.2856111064506026,0.2856111064506026,0.25146035383103293,0.2608188796597029,-0.1096315273860215
Kajiado,2022-12-01,0.3363444903889275,0.3363444903889275,0.2851564119622954,0.26616769700813725,-0.15627746060606507
Kajiado,2023-01-01,0.3274964859082597,0.3274964859082597,0.3164840275825966,0.2784384914196824,-0.14353457228543742
Kajiado,2023-02-01,0.2646629525833333,0.2646629525833333,0.30950130962684014,0.28048083172893656,-0.1731483651493989
Kajiado,2023-03-01,0.2665456688632936,0.2665456688632936,0.2862350357849622,0.28569572387362885,-0.18076550437535965
Kajiado,2023-04-01,0.4546457408953262,0.4546457408953262,0.328618120780651,0.3225510741816238,-0.05629272920897871
Kajiado,2023-05-01,0.4398833902447909,0.4398833902447909,0.3870249333344702,0.34826312148065525,-0.05481022085582732
Kajiado,2023-06-01,0.3330831538641524,0.3330831538641524,0.4092040950014231,0.34771956539319265,-0.07663543219074193
Kajiado,2023-07-01,0.2723347380294709,0.2723347380294709,0.3484337607128047,0.33852594074672787,-0.048502847616086975
Kajiado,2023-08-01,0.257844374707457,0.257844374707457,0.2877540888670267,0.3373895111007485,-0.03797735181287781
Kajiado,2023-09-01,0.274638181917636,0.274638181917636,0.26827243155152125,0.3387382632764722,-0.008957606154817499
Kajiado,2023-10-01,0.2578969427677002,0.2578969427677002,0.263459833130931,0.30594679692186794,-0.027710282044557444
Kajiado,2023-11-01,0.5538717780790355,0.5538717780790355,0.3621356342547905,0.3249448615609087,0.15862914424241142
Kajiado,2023-12-01,0.5922246100614866,0.5922246100614866,0.4679977769694074,0.36813510426046436,0.09960265906649407
Kajiado,2024-01-01,0.6206988528063204,0.6206988528063204,0.5889317469822808,0.42619579005660596,0.1496677946126233
Kajiado,2024-02-01,0.5353360188650323,0.5353360188650323,0.5827531605776132,0.47244439741620187,0.09752470113230016
Kajiado,2024-03-01,0.5388563668238858,0.5388563668238858,0.5649637461650795,0.5164807615672434,0.09154519358523255
Kajiado,2024-04-01,0.6075478677945374,0.6075478677945374,0.5605800844944852,0.574755915738383,0.09660939769023247
Kajiado,2024-05-01,0.6477480101201186,0.6477480101201186,0.5980507482461807,0.5904019544118969,0.1530543990195004
Kajiado,2024-06-01,0.5273957666095889,0.5273957666095889,0.5942305481747482,0.5795971471699138,0.11767718055469456
Kajiado,2024-07-01,0.4154857638713981,0.4154857638713981,0.5302098468670352,0.5453949656807602,0.09464817822584021
Kajiado,2024-08-01,0.3494194011910235,0.3494194011910235,0.4307669772240034,0.5144088627350921,0.053597674670688655
Kajiado,2024-09-01,0.3268048828415332,0.3268048828415332,0.3639033493013182,0.4790669487380333,0.04320909476907969
Kajiado,2024-10-01,0.3322863406325915,0.3322863406325915,0.336170208221716,0.43319002754437563,0.04667911582033385
Kajiado,2024-11-01,0.4487406107747395,0.4487406107747395,0.3692772780829547,0.40002212765347905,0.053497976938115366
Kajiado,2024-12-01,0.5847675708382106,0.5847675708382106,0.45526484074851387,0.40958409502491605,0.09214561984321806
Kajiado,2025-01-01,0.4899086577413952,0.4899086577413952,0.5078056131181151,0.4219879106699156,0.018877599547698076
Kajiado,2025-02-01,0.4602791833707152,0.4602791833707152,0.5116518039834403,0.4404645410331975,0.02246786563798303
Kajiado,2025-03-01,0.4172962139316285,0.4172962139316285,0.4558280183479129,0.45554642954821345,-0.030014959307024747
Kajiado,2025-04-01,0.6360854225879583,0.6360854225879583,0.5045536066301007,0.5061796098741079,0.12514695248365337
Kajiado,2025-05-01,0.5061772049778265,0.5061772049778265,0.5198529471658043,0.5157523755746224,0.011483593877208265
Kajiado,2025-06-01,0.4562273572114855,0.4562273572114855,0.5328299949257568,0.4943290066368349,0.04650877115659119
Kajiado,2025-07-01,0.3118861802171038,0.3118861802171038,0.42476358080213855,0.4646585937161196,-0.008951405428454073
Kajiado,2025-08-01,0.3159947033851859,0.3159947033851859,0.36136941360459174,0.44061118038519814,0.02017297686485109
Kajiado,2025-09-01,0.3108233542067634,0.3108233542067634,0.3129014126030177,0.4228657037643872,0.027227566134309877
Kajiado,2025-10-01,0.2915546299287155,0.2915546299287155,0.3061242291735549,0.3654439049878468,0.00594740511645786
Kajiado,2025-11-01,0.3884561963328169,0.3884561963328169,0.33027806015609856,0.3458237368803452,-0.006786437503807197
Kajiado,2025-12-01,0.3963581771799315,0.3963581771799315,0.3587896678138213,0.3358455402084195,-0.09626377381506107
Kajiado,2026-01-01,0.4411260066380552,0.4411260066380552,0.40864679338360116,0.35738551127857804,-0.029905051555641937
Kajiado,2026-02-01,0.3666832154431746,0.3666832154431746,0.40138913308705365,0.36583359662157616,-0.07112810228955757
Kajiado,2026-03-01,0.6628294316140865,0.6628294316140865,0.4902128845651054,0.4245012761894634,0.2155182583754332
Kajiado,2026-04-01,0.6412429563389693,0.6412429563389693,0.5569185344654102,0.48278266392450564,0.1303044862346644
Kilifi,2019-01-01,0.4866611863661648,0.4866611863661648,0.4866611863661648,0.4866611863661648,-0.021492436562325745
Kilifi,2019-02-01,0.4164424164946216,0.4164424164946216,0.4515518014303932,0.4515518014303932,0.0012050872922403921
Kilifi,2019-03-01,0.3839037919453618,0.3839037919453618,0.42900246493538274,0.42900246493538274,-0.07067051238947858
Kilifi,2019-04-01,0.3887249952692708,0.3887249952692708,0.3963570679030847,0.41893309751885477,-0.13417224302823388
Kilifi,2019-05-01,0.5764358684080144,0.5764358684080144,0.44968821854088237,0.4504336516966867,0.03841614623573664
Kilifi,2019-06-01,0.5747521795405287,0.5747521795405287,0.5133043477392712,0.47115340633732705,0.07709242479183759
Kilifi,2019-07-01,0.4807361959469168,0.4807361959469168,0.5439747479651533,0.470165907934119,-0.06593663820604628
Kilifi,2019-08-01,0.5701361984746355,0.5701361984746355,0.5418748579873603,0.4957815382641213,0.07790932376635745
Kilifi,2019-09-01,0.6065098612094004,0.6065098612094004,0.5524607518769843,0.5328825498081278,0.1552569876625864
Kilifi,2019-10-01,0.7781826686975508,0.7781826686975508,0.6516095761271956,0.5977921620461745,0.2664437611480148
Kilifi,2019-11-01,0.7517812655567927,0.7517812655567927,0.712157931821248,0.6270163949043042,0.2156897056067253
Kilifi,2019-12-01,0.7200036091617665,0.7200036091617665,0.7499891811387034,0.6512249665078439,0.14191278210545943
Kilifi,2020-01-01,0.7177454004782113,0.7177454004782113,0.7298434250655902,0.6907265005963928,0.2095917775497208
Kilifi,2020-02-01,0.5385602399589243,0.5385602399589243,0.6587697498663007,0.6854638408437742,0.12332291075654311
Kilifi,2020-03-01,0.5955683293072834,0.5955683293072834,0.6172913232481396,0.6836402521934216,0.14099402497244307
Kilifi,2020-04-01,0.6759012168773356,0.6759012168773356,0.6033432620478477,0.666593343556719,0.15300397857983095
Kilifi,2020-05-01,0.7023056548050697,0.7023056548050697,0.657925066996563,0.6583474084314318,0.1642859326327919
Kilifi,2020-06-01,0.6107002098686538,0.6107002098686538,0.6629690271836864,0.640130175215913,0.11304045511996269
Kilifi,2020-07-01,0.6669657495912983,0.6669657495912983,0.6599905380883406,0.6316669000680942,0.1202929154383352
Kilifi,2020-08-01,0.5581030472002947,0.5581030472002947,0.6119230022200822,0.6349240346083226,0.06587617249201666
Kilifi,2020-09-01,0.46193284005705,0.46193284005705,0.5623338789495477,0.6126514530666171,0.01067996651023595
Kilifi,2020-10-01,0.5967874065142827,0.5967874065142827,0.5389410979238758,0.5994658180061082,0.08504849896474675
Kilifi,2020-11-01,0.6026775841935634,0.6026775841935634,0.5537992769216321,0.5828611395708572,0.06658602424349602
Kilifi,2020-12-01,0.6117217645404881,0.6117217645404881,0.6037289184161114,0.5830313986828295,0.033630937484181
Kilifi,2021-01-01,0.4430252702766991,0.4430252702766991,0.5524748730035836,0.5457079854637297,-0.06512835265179145
Kilifi,2021-02-01,0.4125247983957171,0.4125247983957171,0.4890906110709681,0.5214449439963,-0.002712530806664115
Kilifi,2021-03-01,0.3725797879181718,0.3725797879181718,0.40937661886352933,0.5065527686398205,-0.08199451641666855
Kilifi,2021-04-01,0.4168769998333196,0.4168769998333196,0.40066052871573615,0.4765677008596598,-0.10602023846418507
Kilifi,2021-05-01,0.4612848617354265,0.4612848617354265,0.416913883162306,0.45300224711663706,-0.0767348604368513
Kilifi,2021-06-01,0.4218542525837935,0.4218542525837935,0.4333387047175132,0.42135766179052125,-0.07580550216489762
Kilifi,2021-07-01,0.5840008057640578,0.5840008057640578,0.48904664002775927,0.44485358437174777,0.03732797161109469
Kilifi,2021-08-01,0.5281725782880997,0.5281725782880997,0.511342545545317,0.4641282143538115,0.035945703579821686
Kilifi,2021-09-01,0.4162527265599395,0.4162527265599395,0.5094753702040323,0.4714070374607728,-0.035000146986874536
Kilifi,2021-10-01,0.3899078029826832,0.3899078029826832,0.4447777026102408,0.46691217131900004,-0.12183110456685281
Kilifi,2021-11-01,0.3576779247204461,0.3576779247204461,0.38794615142102296,0.44964434848317,-0.17841363522962128
Kilifi,2021-12-01,0.5361716840483757,0.5361716840483757,0.4279191372505016,0.46869725372726706,-0.041919143007931425
Kilifi,2022-01-01,0.5251976305082809,0.5251976305082809,0.47301574642570093,0.4588967245179709,0.01704400757979041
Kilifi,2022-02-01,0.4190978234820969,0.4190978234820969,0.49348904601291793,0.4407175987169703,0.003860494279715687
Kilifi,2022-03-01,0.3759857595975831,0.3759857595975831,0.4400937378626537,0.4340064375565777,-0.07858854473725724
Kilifi,2022-04-01,0.4167544025629125,0.4167544025629125,0.40394599521419755,0.43848087081994924,-0.10614283573459216
Kilifi,2022-05-01,0.3772907636893264,0.3772907636893264,0.3900103086166074,0.4417496773147626,-0.16072895848295138
Kilifi,2022-06-01,0.4387599184887207,0.4387599184887207,0.4109350282469866,0.4255143830548201,-0.05889983625997042
Kilifi,2022-07-01,0.4682553011013383,0.4682553011013383,0.42810199442646185,0.41602399482032965,-0.0784175330516248
Kilifi,2022-08-01,0.5305040571087148,0.5305040571087148,0.47917309223292465,0.4345917004247659,0.038277182400436816
Kilifi,2022-09-01,0.3662866904082275,0.3662866904082275,0.45501534953942685,0.4329751888932067,-0.08496618313858656
Kilifi,2022-10-01,0.4450629149488734,0.4450629149488734,0.44728455415527196,0.43769327429086685,-0.06667599260066259
Kilifi,2022-11-01,0.4533593553326183,0.4533593553326183,0.42156965356323967,0.4503713728980822,-0.08273220461744912
Kilifi,2022-12-01,0.5229129622075604,0.5229129622075604,0.473778410829684,0.46439688018455544,-0.05517786484874665
Kilifi,2023-01-01,0.3870906954332175,0.3870906954332175,0.45445433765779875,0.4508694459065354,-0.12106292749527303
Kilifi,2023-02-01,0.3118025562090651,0.3118025562090651,0.4072687379499477,0.41441919575659375,-0.1034347729933161
Kilifi,2023-03-01,0.3170034178334427,0.3170034178334427,0.33863222315857505,0.4062053169941296,-0.13757088650139765
Kilifi,2023-04-01,0.448810753698133,0.448810753698133,0.3592055759135469,0.4068299567856728,-0.07408648459937167
Kilifi,2023-05-01,0.4547648075463211,0.4547648075463211,0.4068596596926322,0.40706419882128997,-0.08325491462595669
Kilifi,2023-06-01,0.3818218130873715,0.3818218130873715,0.42846579144394187,0.38354900730125846,-0.11583794166131961
Kilifi,2023-07-01,0.5088383187949127,0.5088383187949127,0.4484749798095351,0.4038402778615411,-0.03783451535805038
Kilifi,2023-08-01,0.4893754087535078,0.4893754087535078,0.46001184687859736,0.43343575328561484,-0.002851465954770205
Kilifi,2023-09-01,0.5419068536971965,0.5419068536971965,0.5133735270818723,0.4709196592629071,0.09065398015038245
Kilifi,2023-10-01,0.5282346829823983,0.5282346829823983,0.5198389818110342,0.48415698081028463,0.016495775432862292
Kilifi,2023-11-01,0.6563765203835715,0.6563765203835715,0.5755060190210554,0.5177589329498264,0.12028496043350412
Kilifi,2023-12-01,0.6886554931717945,0.6886554931717945,0.6244222321792549,0.5688978796305636,0.11056466611548743
Kilifi,2024-01-01,0.6398818341432908,0.6398818341432908,0.6616379492328855,0.5907384655219599,0.13172821121480027
Kilifi,2024-02-01,0.4600533860182872,0.4600533860182872,0.5961969044444575,0.5858514617327565,0.044816056815906
Kilifi,2024-03-01,0.5460492168121313,0.5460492168121313,0.5486614789912364,0.5865418555852456,0.09147491247729089
Kilifi,2024-04-01,0.6076570218020764,0.6076570218020764,0.5379198748774981,0.599778912055192,0.0847597835045717
Kilifi,2024-05-01,0.5655153044433847,0.5655153044433847,0.5730738476858641,0.5846353760651608,0.027495582271106933
Kilifi,2024-06-01,0.4542069397882323,0.4542069397882323,0.5424597553445645,0.5455606171679005,-0.04345281496045883
Kilifi,2024-07-01,0.4755484493559903,0.4755484493559903,0.4984235645292024,0.5181717197033503,-0.0711243847969728
Kilifi,2024-08-01,0.4378687016086357,0.4378687016086357,0.45587469691761945,0.5144742723017418,-0.054358173099642304
Kilifi,2024-09-01,0.3853525367013804,0.3853525367013804,0.43292322922200216,0.48769149228328335,-0.06590033684543362
Kilifi,2024-10-01,0.3484057834152869,0.3484057834152869,0.390542340575101,0.4444829525521517,-0.1633331241342491
Kilifi,2024-11-01,0.38876988460713,0.38876988460713,0.3741760682412658,0.4150253825794426,-0.14732167534293739
Kilifi,2024-12-01,0.4849413808352464,0.4849413808352464,0.40737234961922114,0.4201477894206116,-0.0931494462210607
Kilifi,2025-01-01,0.5021745087842735,0.5021745087842735,0.4586285914088833,0.42458546599199215,-0.005979114144217035
Kilifi,2025-02-01,0.4060181028136017,0.4060181028136017,0.4643779974777072,0.4192770328594864,-0.009219226388779533
Kilifi,2025-03-01,0.3978695363015195,0.3978695363015195,0.43535404929979826,0.4213631994595097,-0.05670476803332086
Kilifi,2025-04-01,0.5867809328883863,0.5867809328883863,0.4635561906678358,0.46109239103835953,0.06388369459088161
Kilifi,2025-05-01,0.6285407945784018,0.6285407945784018,0.5377304212561026,0.5010542093669048,0.09052107240612406
Kilifi,2025-06-01,0.6015229698835374,0.6015229698835374,0.6056148991167751,0.5204844742082867,0.10386321513484625
Kilifi,2025-07-01,0.6423650185162275,0.6423650185162275,0.624142927659389,0.5438495591636124,0.09569218436326443
Kilifi,2025-08-01,0.3314281315240581,0.3314281315240581,0.525105373307941,0.5314178972820218,-0.16079874318421994
Kilifi,2025-09-01,0.3805286061945038,0.3805286061945038,0.45144058541159643,0.5285277422641858,-0.07072426735231024
Kilifi,2025-10-01,0.4955910933056768,0.4955910933056768,0.40251594367474625,0.5133294356670676,-0.016147814243859193
Kilifi,2025-11-01,0.5419983848563497,0.5419983848563497,0.4727060281188434,0.4989057007133922,0.005906824906282249
Kilifi,2025-12-01,0.4822288954289174,0.4822288954289174,0.5066061245303146,0.4790233549709555,-0.09586193162738971
Kilifi,2026-01-01,0.363452457437786,0.363452457437786,0.462559912574351,0.43253792812454855,-0.14470116549070455
Kilifi,2026-02-01,0.3573993102467357,0.3573993102467357,0.40102688770447975,0.4368664579116615,-0.0578380189556455
Kilifi,2026-03-01,0.6476345949632291,0.6476345949632291,0.4561621208825836,0.4813841227064491,0.1930602906283887
Kilifi,2026-04-01,0.6416715834486035,0.6416715834486035,0.5489018295528562,0.5057308710636036,0.11877434515109886
Kitui,2019-01-01,0.4299443244593732,0.4299443244593732,0.4299443244593732,0.4299443244593732,-0.1265854802255954
Kitui,2019-02-01,0.3610174114274508,0.3610174114274508,0.395480867943412,0.395480867943412,-0.09410941515518856
Kitui,2019-03-01,0.3193573481003021,0.3193573481003021,0.37010636132904207,0.37010636132904207,-0.14851617493138752
Kitui,2019-04-01,0.3041820513418681,0.3041820513418681,0.328185603623207,0.35362528383224856,-0.22630975829891004
Kitui,2019-05-01,0.395273240146911,0.395273240146911,0.3396042131963604,0.36195487509518104,-0.10074694760987002
Kitui,2019-06-01,0.3275589317682151,0.3275589317682151,0.34233807441899805,0.35622221787402003,-0.05998407313209447
Kitui,2019-07-01,0.2861932322230934,0.2861932322230934,0.33634180137940656,0.3322637025013067,-0.05081389051571522
Kitui,2019-08-01,0.2753384608688358,0.2753384608688358,0.29636354162004813,0.3179838774082043,-0.03382688614846269
Kitui,2019-09-01,0.2671365626754812,0.2671365626754812,0.2762227519224701,0.30928041317073407,-0.027898611496857073
Kitui,2019-10-01,0.3794077109902409,0.3794077109902409,0.3072942448448526,0.32181802311212954,0.0671554954559122
Kitui,2019-11-01,0.5326118736631497,0.5326118736631497,0.3930520491096239,0.34470779536483603,0.05447571884880659
Kitui,2019-12-01,0.6663815448911565,0.6663815448911565,0.5261337098481823,0.4011782308853262,0.027911117971819444
Kitui,2020-01-01,0.6991458981903098,0.6991458981903098,0.6327131055815386,0.4700036752131956,0.1426160935053412
Kitui,2020-02-01,0.7423054863959833,0.7423054863959833,0.7026109764924833,0.5478315128010536,0.2871786598133439
Kitui,2020-03-01,0.7082828090532652,0.7082828090532652,0.7165780645465194,0.6213558871973509,0.24040928602157563
Kitui,2020-04-01,0.6817561807845147,0.6817561807845147,0.7107814920779211,0.6717472988297298,0.1512643711437366
Kitui,2020-05-01,0.5849589655536465,0.5849589655536465,0.6583326517971421,0.6804718141448127,0.08893877779686543
Kitui,2020-06-01,0.4472733687256481,0.4472733687256481,0.5713295050212698,0.6439537847838946,0.05973036382533853
Kitui,2020-07-01,0.3963033227915045,0.3963033227915045,0.476178552356933,0.5934800222174271,0.05929620005269587
Kitui,2020-08-01,0.3522091979440477,0.3522091979440477,0.39859529648706676,0.5284639741421044,0.04304385092674923
Kitui,2020-09-01,0.3269615219086341,0.3269615219086341,0.35849134754806206,0.4649104262846659,0.031926347736295824
Kitui,2020-10-01,0.3254215064204163,0.3254215064204163,0.3348640754243661,0.4055213138906495,0.013169290886087592
Kitui,2020-11-01,0.6135630054214728,0.6135630054214728,0.42198201125017437,0.41028865386862057,0.13542685060712972
Kitui,2020-12-01,0.6576059422534063,0.6576059422534063,0.5321968180317651,0.44534408278991355,0.01913551533406921
Kitui,2021-01-01,0.515674432903028,0.515674432903028,0.5956144601926358,0.46523926780850083,-0.04085537178194065
Kitui,2021-02-01,0.4368198866786842,0.4368198866786842,0.5367000872783728,0.4793410492642736,-0.018306939903955155
Kitui,2021-03-01,0.3731090323669992,0.3731090323669992,0.4418677839829037,0.48703230100733447,-0.09476449066469039
Kitui,2021-04-01,0.4314930913920133,0.4314930913920133,0.4138073368125655,0.5047108985026006,-0.09899871824876483
Kitui,2021-05-01,0.4432862328576145,0.4432862328576145,0.41596278553887567,0.47633143640862424,-0.052733954899166546
Kitui,2021-06-01,0.3286624997221624,0.3286624997221624,0.40114727465726335,0.4215075293200836,-0.05888050517814719
Kitui,2021-07-01,0.316436384559687,0.316436384559687,0.36279503904648785,0.38830118792952667,-0.02057073817912164
Kitui,2021-08-01,0.2969299080499207,0.2969299080499207,0.3140095974439233,0.3649861914913995,-0.012235438967377776
Kitui,2021-09-01,0.2795173461656139,0.2795173461656139,0.2976278795917405,0.3493875771245019,-0.015517828006724355
Kitui,2021-10-01,0.2863932346118585,0.2863932346118585,0.2876134962757977,0.3252042676611428,-0.025858980922470187
Kitui,2021-11-01,0.2841293580996385,0.2841293580996385,0.2833466462923703,0.29867812186814685,-0.19400679671470455
Kitui,2021-12-01,0.6198207742406301,0.6198207742406301,0.39678112231737567,0.3472045009545581,-0.018649652678706996
Kitui,2022-01-01,0.6812747806675511,0.6812747806675511,0.5284083043359399,0.4080109003058688,0.1247449759825825
Kitui,2022-02-01,0.4322330059370332,0.4322330059370332,0.5777761869484048,0.43056141662038755,-0.02289382064560619
Kitui,2022-03-01,0.372037571162077,0.372037571162077,0.49518178592222045,0.445981454119798,-0.09583595186961263
Kitui,2022-04-01,0.4039485621614491,0.4039485621614491,0.4027397130868531,0.4655740087113965,-0.12654324747932905
Kitui,2022-05-01,0.4086254775415888,0.4086254775415888,0.39487053695503826,0.48632336195172154,-0.08739471021519224
Kitui,2022-06-01,0.3412782617669422,0.3412782617669422,0.38461743382332664,0.4398996098727736,-0.04626474313336737
Kitui,2022-07-01,0.2885302109955124,0.2885302109955124,0.3461446501013478,0.3744421815941004,-0.048476911743296214
Kitui,2022-08-01,0.2848551209753685,0.2848551209753685,0.30488786457927436,0.34987920076715634,-0.02431022604192995
Kitui,2022-09-01,0.2654271900631329,0.2654271900631329,0.2796041740113379,0.33211080391733233,-0.029607984109205343
Kitui,2022-10-01,0.2547205397219591,0.2547205397219591,0.26833428358682015,0.307239466844084,-0.057531675812369565
Kitui,2022-11-01,0.3747976020053025,0.3747976020053025,0.29831511059679816,0.3016014875880363,-0.10333855280904058
Kitui,2022-12-01,0.6096446023030754,0.6096446023030754,0.41305424801011226,0.34632921101072517,-0.028825824616261708
Kitui,2023-01-01,0.4620118622447525,0.4620118622447525,0.4821513555177101,0.3752428195522652,-0.09451794244021611
Kitui,2023-02-01,0.3443315678102792,0.3443315678102792,0.47199601078603565,0.38515556069141693,-0.11079525877236018
Kitui,2023-03-01,0.3081878623249496,0.3081878623249496,0.371510430793327,0.3922823394017197,-0.15968566070674
Kitui,2023-04-01,0.4514500488249686,0.4514500488249686,0.36798982632006577,0.42507059091888794,-0.07904176081580955
Kitui,2023-05-01,0.521704539927613,0.521704539927613,0.42711415035917705,0.44955508057260635,0.02568435217083198
Kitui,2023-06-01,0.4083357144412229,0.4083357144412229,0.46049676773126813,0.41600359926229763,0.020792709540913334
Kitui,2023-07-01,0.3477155932890589,0.3477155932890589,0.42591861588596486,0.3969542211030154,0.01070847055025026
Kitui,2023-08-01,0.3015995094071764,0.3015995094071764,0.35255027237915265,0.38983221136916496,-0.007565837610122084
Kitui,2023-09-01,0.2957475135587995,0.2957475135587995,0.3150208720850115,0.3877588199081399,0.0007123393864612582
Kitui,2023-10-01,0.3264991922603295,0.3264991922603295,0.3079487384087684,0.36693367714736674,0.014246976726000782
Kitui,2023-11-01,0.644927236450901,0.644927236450901,0.4223913140900099,0.3874707932345814,0.16679108163655793
Kitui,2023-12-01,0.6909834771159182,0.6909834771159182,0.5541366352757161,0.43457875368036386,0.052513050196581146
Kitui,2024-01-01,0.5978381026945656,0.5978381026945656,0.6445829387537948,0.47626583858128174,0.04130829800959701
Kitui,2024-02-01,0.4974380260053596,0.4974380260053596,0.5954198686052811,0.5089055913476456,0.042311199422720214
Kitui,2024-03-01,0.5514248812020017,0.5514248812020017,0.5489003366339755,0.551518485954846,0.08355135817031212
Kitui,2024-04-01,0.6564943431692041,0.6564943431692041,0.5684524167921884,0.6065176777729917,0.12600253352842594
Kitui,2024-05-01,0.6044134576835928,0.6044134576835928,0.6041108940182661,0.5997653813117737,0.10839326992681175
Kitui,2024-06-01,0.4445598386408123,0.4445598386408123,0.5684892131645363,0.558694774899256,0.057016833740502704
Kitui,2024-07-01,0.3757104854053409,0.3757104854053409,0.47489459390991523,0.5216735053510518,0.03870336266653229
Kitui,2024-08-01,0.3282071832281552,0.3282071832281552,0.3828258357581027,0.4934683648881845,0.0190418362108567
Kitui,2024-09-01,0.3225925699737302,0.3225925699737302,0.342170079535742,0.4553296463501393,0.027557395801391937
Kitui,2024-10-01,0.3062355281538638,0.3062355281538638,0.3190117604519163,0.3969531771809159,-0.006016687380464902
Kitui,2024-11-01,0.4921626144198887,0.4921626144198887,0.37366357084916074,0.3782447033036318,0.014026459605545605
Kitui,2024-12-01,0.6378606209163237,0.6378606209163237,0.4787529211633586,0.4104615003495504,-0.0006098060030134134
Kitui,2025-01-01,0.5532382005968898,0.5532382005968898,0.561087145311034,0.4400494528814752,-0.0032916040880788255
Kitui,2025-02-01,0.4390163072936578,0.4390163072936578,0.5433717096022903,0.4585176402257256,-0.01611051928898155
Kitui,2025-03-01,0.4147030226956225,0.4147030226956225,0.4689858435287233,0.473869382346041,-0.05317050033606713
Kitui,2025-04-01,0.6853784392163832,0.6853784392163832,0.513032589735221,0.5370598675231276,0.15488662957560506
Kitui,2025-05-01,0.5138794005865007,0.5138794005865007,0.5379869541661687,0.5406793318842296,0.017859212829719695
Kitui,2025-06-01,0.4151324192371642,0.4151324192371642,0.5381300863466826,0.503557964937703,0.027589414336854634
Kitui,2025-07-01,0.348160629907463,0.348160629907463,0.4257241499103759,0.4693783698227986,0.011153507168654375
Kitui,2025-08-01,0.3250180486475849,0.3250180486475849,0.36277036593073725,0.4503786600484531,0.015852701630286403
Kitui,2025-09-01,0.3078635148609762,0.3078635148609762,0.3270140644720079,0.4325720754093454,0.012828340688637918
Kitui,2025-10-01,0.3070877965816329,0.3070877965816329,0.3133231200300645,0.3695236349702203,-0.005164418952695815
Kitui,2025-11-01,0.4047613936400484,0.4047613936400484,0.33990423502755235,0.3513373004791449,-0.0733747611742947
Kitui,2025-12-01,0.586996026714849,0.586996026714849,0.43294840564550996,0.379981235058759,-0.051474400204488124
Kitui,2026-01-01,0.5131108357232785,0.5131108357232785,0.5016227520260584,0.4074729360280616,-0.04341896896169006
Kitui,2026-02-01,0.3878529211126667,0.3878529211126667,0.4959865945169313,0.4179454147722419,-0.06727390546997264
Kitui,2026-03-01,0.6958856573482994,0.6958856573482994,0.5322831380614147,0.4826157718534625,0.22801213431660983
Kitui,2026-04-01,0.6292317602358243,0.6292317602358243,0.57099011289893,0.5363064324624943,0.09873995059504614
Kwale,2019-01-01,0.5245390665995047,0.5245390665995047,0.5245390665995047,0.5245390665995047,-0.03277850900114099
Kwale,2019-02-01,0.4529126953018526,0.4529126953018526,0.4887258809506786,0.4887258809506786,-0.0062576497713863755
Kwale,2019-03-01,0.4253027229853857,0.4253027229853857,0.467584828295581,0.467584828295581,-0.07144531034882184
Kwale,2019-04-01,0.3990687543696761,0.3990687543696761,0.42576139088563814,0.45045580981410477,-0.15844674680070664
Kwale,2019-05-01,0.6398774368936306,0.6398774368936306,0.48808297141623086,0.48834013523000996,0.06683379256539079
Kwale,2019-06-01,0.4458871628140967,0.4458871628140967,0.4949444513591345,0.48126463982735773,-0.04234518171314927
Kwale,2019-07-01,0.4524668673349648,0.4524668673349648,0.5127438223475641,0.469252606616601,-0.0364565938300459
Kwale,2019-08-01,0.5067509693200839,0.5067509693200839,0.46836833315638177,0.47822565228630626,0.08600039147043148
Kwale,2019-09-01,0.3665740687471464,0.3665740687471464,0.44193063513406505,0.46843754324659975,-0.010242259394239506
Kwale,2019-10-01,0.6773463908446957,0.6773463908446957,0.5168904763039753,0.5148171493257697,0.22223854979695234
Kwale,2019-11-01,0.7284297022569027,0.7284297022569027,0.5907833872829149,0.5295758602196484,0.19460602813759242
Kwale,2019-12-01,0.7405969415186502,0.7405969415186502,0.7154576782067495,0.5786941566704072,0.14629566210930256
Kwale,2020-01-01,0.7360121469184221,0.7360121469184221,0.735012930231325,0.6259517032676502,0.17869457131777644
Kwale,2020-02-01,0.606166733272906,0.606166733272906,0.6942586072366593,0.6425209972597872,0.1469963881996671
Kwale,2020-03-01,0.6845383812426726,0.6845383812426726,0.6755724204780003,0.695515049342375,0.1877903479084651
Kwale,2020-04-01,0.6931408958653835,0.6931408958653835,0.6612820034603207,0.6981474668458229,0.1356253946950008
Kwale,2020-05-01,0.6777464494947039,0.6777464494947039,0.6851419088675866,0.689700258052123,0.10470280516646402
Kwale,2020-06-01,0.566505818172873,0.566505818172873,0.6457977211776534,0.6606850708278268,0.07827347364562709
Kwale,2020-07-01,0.6009950737068342,0.6009950737068342,0.6150824471248036,0.6381822252925623,0.11207161254182357
Kwale,2020-08-01,0.4726059520176672,0.4726059520176672,0.5467022812991248,0.6159220950833558,0.05185537416801478
Kwale,2020-09-01,0.4181866777337112,0.4181866777337112,0.4972625678194042,0.5715301444985288,0.04137034959232533
Kwale,2020-10-01,0.5340880127900813,0.5340880127900813,0.47496021418048656,0.5450213306526451,0.07898017174233796
Kwale,2020-11-01,0.677998987515097,0.677998987515097,0.5434245593462965,0.5450634203227106,0.1441753133957867
Kwale,2020-12-01,0.6765013345375706,0.6765013345375706,0.629529444947583,0.5633960063834936,0.08220005512822293
Kwale,2021-01-01,0.5774833438211938,0.5774833438211938,0.643994555291287,0.5594773847358868,0.020165768220548164
Kwale,2021-02-01,0.4773592242049175,0.4773592242049175,0.577114634187894,0.5602695967670952,0.018188879131678548
Kwale,2021-03-01,0.4332092492522797,0.4332092492522797,0.4960172724261303,0.5627733586868566,-0.06353878408192781
Kwale,2021-04-01,0.5420481350301577,0.5420481350301577,0.4842055361624517,0.5641000457268693,-0.015467366140225036
Kwale,2021-05-01,0.5614172800105416,0.5614172800105416,0.5122248880976596,0.5446697611427768,-0.011626364317698257
Kwale,2021-06-01,0.4065206022528064,0.4065206022528064,0.5033286724311686,0.4996729724286495,-0.08171174227443956
Kwale,2021-07-01,0.3860974847184687,0.3860974847184687,0.4513451223272722,0.4677753292448619,-0.10282597644654196
Kwale,2021-08-01,0.3913149939859828,0.3913149939859828,0.39464436031908595,0.4534346242083728,-0.029435583863669623
Kwale,2021-09-01,0.3263127290538331,0.3263127290538331,0.36790840258609486,0.43561853750863166,-0.05050359908755281
Kwale,2021-10-01,0.3081164763734878,0.3081164763734878,0.3419147331377679,0.39662992773252004,-0.14699136467425555
Kwale,2021-11-01,0.3229378307901807,0.3229378307901807,0.31912234540583384,0.3568833528624599,-0.21088584332912963
Kwale,2021-12-01,0.4497797563645837,0.4497797563645837,0.3602780211760841,0.3640932118810895,-0.1445215230447639
Kwale,2022-01-01,0.5099129073972649,0.5099129073972649,0.4275434981840098,0.3847291156608888,-0.04740466820338074
Kwale,2022-02-01,0.4395521714082819,0.4395521714082819,0.46641494505671016,0.392768645231272,-0.01961817366495705
Kwale,2022-03-01,0.3708650981461076,0.3708650981461076,0.44011005898388483,0.40019404007998444,-0.12588293518809995
Kwale,2022-04-01,0.4382669188934255,0.4382669188934255,0.4162280628159383,0.42188578049997405,-0.11924858227695723
Kwale,2022-05-01,0.3805945380421144,0.3805945380421144,0.3965755183605491,0.43149523170862963,-0.19244910628612544
Kwale,2022-06-01,0.3503831225041905,0.3503831225041905,0.38974819314657677,0.4149291260652308,-0.13784922202305544
Kwale,2022-07-01,0.4511358643417122,0.4511358643417122,0.394037841629339,0.40513295222263873,-0.037787596823298464
Kwale,2022-08-01,0.3767790294781141,0.3767790294781141,0.39276600544133894,0.394670761900944,-0.04397154837153833
Kwale,2022-09-01,0.3457987620092939,0.3457987620092939,0.3912378852763734,0.3904930392114751,-0.031017566132092
Kwale,2022-10-01,0.3191659432910236,0.3191659432910236,0.3472479115928105,0.37064287661107476,-0.13594189775671978
Kwale,2022-11-01,0.4177917626276372,0.4177917626276372,0.36091882264265157,0.37684241404199526,-0.11603191149167313
Kwale,2022-12-01,0.4344953130099008,0.4344953130099008,0.39048433964285384,0.3908611124596136,-0.15980596639944683
Kwale,2023-01-01,0.427644703526923,0.427644703526923,0.4266439263881536,0.3869459189904821,-0.12967287207372263
Kwale,2023-02-01,0.3160087886987416,0.3160087886987416,0.3927162684118552,0.37681754552725333,-0.14316155637449735
Kwale,2023-03-01,0.325428671577294,0.325428671577294,0.3563607212676529,0.37342253045525337,-0.17131936175691354
Kwale,2023-04-01,0.4551158093447777,0.4551158093447777,0.36551775654027113,0.39608084146421235,-0.10239969182560504
Kwale,2023-05-01,0.5128225790646693,0.5128225790646693,0.43112235332891363,0.4119193108703844,-0.06022106526357052
Kwale,2023-06-01,0.526122940859335,0.526122940859335,0.498020443089594,0.42719058217862343,0.03789059633208902
Kwale,2023-07-01,0.5251334618148221,0.5251334618148221,0.5213596605796088,0.4434387085599399,0.03621000064981145
Kwale,2023-08-01,0.3547120579321616,0.3547120579321616,0.4686561535354395,0.44988925343217656,-0.06603851991749082
Kwale,2023-09-01,0.4489827593263747,0.4489827593263747,0.44294275969111946,0.4704816013903567,0.07216643118498883
Kwale,2023-10-01,0.5507797559334839,0.5507797559334839,0.4514915243973401,0.48642559248847445,0.09567191488574056
Kwale,2023-11-01,0.7143365907292815,0.7143365907292815,0.5713663686630467,0.5200112610992431,0.18051291660997115
Kwale,2023-12-01,0.719664817863231,0.719664817863231,0.6615937215086655,0.5522682405998925,0.12536353845388337
Kwale,2024-01-01,0.7068949360770446,0.7068949360770446,0.7136321148898523,0.5825618196435962,0.1495773604763989
Kwale,2024-02-01,0.5479725444287896,0.5479725444287896,0.6581774327896884,0.6147719007263676,0.08880219935555067
Kwale,2024-03-01,0.6061155744698863,0.6061155744698863,0.6203276849919068,0.6409607032502861,0.10936754113567876
Kwale,2024-04-01,0.6447349267852902,0.6447349267852902,0.5996076818946553,0.6566198983922539,0.08721942561490748
Kwale,2024-05-01,0.5965185230040241,0.5965185230040241,0.6157896747530668,0.6369835537713776,0.02347487867578424
Kwale,2024-06-01,0.5016988247581802,0.5016988247581802,0.5809840915158314,0.6006558882538692,0.013466480230934219
Kwale,2024-07-01,0.4251534845545159,0.4251534845545159,0.5077902774389067,0.553698979666781,-0.06376997661049477
Kwale,2024-08-01,0.4909613497651119,0.4909613497651119,0.47260455302593596,0.5441971138895014,0.07021077191545949
Kwale,2024-09-01,0.3798138905743707,0.3798138905743707,0.4319762416313328,0.5064801665735822,0.002997562432984824
Kwale,2024-10-01,0.3470945797150194,0.3470945797150194,0.40595660668483396,0.45687344206187036,-0.10801326133272399
Kwale,2024-11-01,0.4101496055436794,0.4101496055436794,0.3790193586110231,0.4258119558184796,-0.1236740685756309
Kwale,2024-12-01,0.6625430746704686,0.6625430746704686,0.4732624199763891,0.452619330803861,0.06824179526112095
Kwale,2025-01-01,0.5829991674302066,0.5829991674302066,0.5518972825481182,0.4789269446164761,0.02568159182956098
Kwale,2025-02-01,0.4513189814952904,0.4513189814952904,0.5656204078653219,0.47231988323817253,-0.007851363577948522
Kwale,2025-03-01,0.4263332681262768,0.4263332681262768,0.4868838056839246,0.4800731128301569,-0.07041476520793072
Kwale,2025-04-01,0.606699501139436,0.606699501139436,0.49478391692033435,0.5233405997342263,0.049183999969053316
Kwale,2025-05-01,0.6423287037879951,0.6423287037879951,0.5584538243512359,0.562037116108279,0.06928505945975527
Kwale,2025-06-01,0.6205079403292401,0.6205079403292401,0.623178715085557,0.5550312603847408,0.1322755958019941
Kwale,2025-07-01,0.5814819916837567,0.5814819916837567,0.6147728786003306,0.5547783977603326,0.09255853051874602
Kwale,2025-08-01,0.3521296924484455,0.3521296924484455,0.5180398748204808,0.5382468495858583,-0.06862088540120692
Kwale,2025-09-01,0.3520454095449713,0.3520454095449713,0.4285523645590577,0.5258655398223074,-0.02477091859641456
Kwale,2025-10-01,0.4491637283864117,0.4491637283864117,0.3844462767932761,0.4996095776968034,-0.0059441126613316575
Kwale,2025-11-01,0.4651212393723934,0.4651212393723934,0.4221101257679254,0.4700750002942031,-0.0687024347469169
Kwale,2025-12-01,0.4765277179010287,0.4765277179010287,0.46360422855327793,0.4460782965561679,-0.11777356150831891
Kwale,2026-01-01,0.3930543330346059,0.3930543330346059,0.4449010967693426,0.4146736867813094,-0.16426324256603975
Kwale,2026-02-01,0.3820716217751319,0.3820716217751319,0.4172178909035888,0.4196640083357572,-0.07709872329810707
Kwale,2026-03-01,0.7021913008737575,0.7021913008737575,0.4924390852278317,0.47802165689055487,0.20544326753954995
Kwale,2026-04-01,0.6810490679349148,0.6810490679349148,0.5884373301946013,0.516669213481972,0.12353356676453209
Laikipia,2019-01-01,0.4086036467916626,0.4086036467916626,0.4086036467916626,0.4086036467916626,-0.03906230197658056
Laikipia,2019-02-01,0.3191375809935595,0.3191375809935595,0.36387061389261105,0.36387061389261105,-0.06645284618479885
Laikipia,2019-03-01,0.2989039171129392,0.2989039171129392,0.3422150482993871,0.3422150482993871,-0.08933617582164588
Laikipia,2019-04-01,0.3323888282516255,0.3323888282516255,0.3168101087860414,0.3397584932874467,-0.14627492765779804
Laikipia,2019-05-01,0.3721533742215441,0.3721533742215441,0.3344820398620363,0.34623746947426615,-0.16195520808728942
Laikipia,2019-06-01,0.5682064838392205,0.5682064838392205,0.42424956210413,0.38323230520175855,0.06292057398591577
Laikipia,2019-07-01,0.5478257316574752,0.5478257316574752,0.4960618632394132,0.4064359860127273,0.06176421179516195
Laikipia,2019-08-01,0.5505919238135797,0.5505919238135797,0.5555413797700918,0.44501170981606397,0.055709129640707344
Laikipia,2019-09-01,0.4721092025245478,0.4721092025245478,0.5235089526652009,0.47387925738466546,0.006821528051635772
Laikipia,2019-10-01,0.4235375407508432,0.4235375407508432,0.4820795556963236,0.4890707094678684,-0.01673269842282954
Laikipia,2019-11-01,0.595207140032859,0.595207140032859,0.4969512944360834,0.5262463371030875,0.07603823465391901
Laikipia,2019-12-01,0.6228937096920887,0.6228937096920887,0.5472127968252636,0.5353608747452322,0.1089902643481202
Laikipia,2020-01-01,0.5765369475872805,0.5765369475872805,0.598212599104076,0.5401460774001998,0.1288709988190373
Laikipia,2020-02-01,0.5506596834744418,0.5506596834744418,0.583363446917937,0.5401573706770102,0.1650692562960835
Laikipia,2020-03-01,0.4953389914503402,0.4953389914503402,0.5408452075040208,0.5440290021646422,0.10709889851575516
Laikipia,2020-04-01,0.5124204820235327,0.5124204820235327,0.5194730523161049,0.5588428257100905,0.03375672611410918
Laikipia,2020-05-01,0.6450416749953216,0.6450416749953216,0.5509337161563982,0.5671485815371676,0.1109330926864881
Laikipia,2020-06-01,0.6251350737406676,0.6251350737406676,0.5941990769198405,0.5675221422119308,0.11984916388736289
Laikipia,2020-07-01,0.5957044914924062,0.5957044914924062,0.6219604134094651,0.570716732862785,0.10964297163009301
Laikipia,2020-08-01,0.5750636006088897,0.5750636006088897,0.5986343886139878,0.5747840523851929,0.08018080643601738
Laikipia,2020-09-01,0.519516238184183,0.519516238184183,0.5634281100951596,0.5788135935075002,0.054228563711270994
Laikipia,2020-10-01,0.4952859454229342,0.4952859454229342,0.5299552614053357,0.5759578374074004,0.05501570624926144
Laikipia,2020-11-01,0.5798709258397234,0.5798709258397234,0.5315577031489468,0.5650960458814674,0.060702020460783435
Laikipia,2020-12-01,0.4773428433752345,0.4773428433752345,0.5174999048792973,0.5404640074872286,-0.03656060196873395
Laikipia,2021-01-01,0.4228093954558588,0.4228093954558588,0.4933410548902722,0.511648158147804,-0.024856553312384344
Laikipia,2021-02-01,0.3871718543241633,0.3871718543241633,0.4291080310517521,0.48033286710034956,0.0015814271458049478
Laikipia,2021-03-01,0.3669981291030805,0.3669981291030805,0.3923264596277008,0.45491318225349914,-0.021241963831504562
Laikipia,2021-04-01,0.3778773977784055,0.3778773977784055,0.3773491270685497,0.435345090979411,-0.10078635813101805
Laikipia,2021-05-01,0.4981359177206823,0.4981359177206823,0.4143371482007227,0.4217225896262375,-0.03597266458815124
Laikipia,2021-06-01,0.4090901691651151,0.4090901691651151,0.4283678282214009,0.4103471439245509,-0.09619574068818959
Laikipia,2021-07-01,0.4021104455717764,0.4021104455717764,0.43644551081919114,0.40689731894387055,-0.08395107429053683
Laikipia,2021-08-01,0.4064631000632351,0.4064631000632351,0.40588790493337545,0.41011252656704916,-0.08841969410963724
Laikipia,2021-09-01,0.4412494553736589,0.4412494553736589,0.41660766700289004,0.4224877476121455,-0.024038219099253133
Laikipia,2021-10-01,0.4398397332753344,0.4398397332753344,0.4291840962374094,0.4328148035283004,-0.0004305058983383736
Laikipia,2021-11-01,0.3844038089084603,0.3844038089084603,0.4218309991858178,0.4138594520595967,-0.13476509647047968
Laikipia,2021-12-01,0.4365981342023753,0.4365981342023753,0.42028055879538995,0.4184441128991401,-0.07730531114159317
Laikipia,2022-01-01,0.3929449925530613,0.3929449925530613,0.4046489785546323,0.41691653739602086,-0.05472095621518186
Laikipia,2022-02-01,0.3179188118161374,0.3179188118161374,0.3824873128571913,0.4021591560215046,-0.06767161536222094
Laikipia,2022-03-01,0.2979606800495435,0.2979606800495435,0.3362748281395807,0.3782776934674854,-0.09027941288504154
Laikipia,2022-04-01,0.3495682466632532,0.3495682466632532,0.321815912842978,0.3632324456988052,-0.12909550924617036
Laikipia,2022-05-01,0.3780843995014463,0.3780843995014463,0.34187110873808096,0.3621792107976362,-0.15602418280738722
Laikipia,2022-06-01,0.3624332121441292,0.3624332121441292,0.3633619527696095,0.3498183904545951,-0.14285269770917547
Laikipia,2022-07-01,0.3602341609537074,0.3602341609537074,0.3669172575330942,0.3443665851880362,-0.1258273589086058
Laikipia,2022-08-01,0.4026970567932592,0.4026970567932592,0.3751214766303652,0.3584962926842232,-0.09218573737961316
Laikipia,2022-09-01,0.409394562804368,0.409394562804368,0.3907752601837782,0.3770686064766939,-0.05589311166854405
Laikipia,2022-10-01,0.3763800372541854,0.3763800372541854,0.39615721895060413,0.3815372382418492,-0.06389020191948735
Laikipia,2022-11-01,0.3716196699133508,0.3716196699133508,0.38579808999063464,0.38045978331049995,-0.14754923546558918
Laikipia,2022-12-01,0.4068532523237917,0.4068532523237917,0.38495098649710924,0.38786312334044376,-0.10705019302017676
Laikipia,2023-01-01,0.3534794645256842,0.3534794645256842,0.3773174622542755,0.3867373406024399,-0.09418648424255899
Laikipia,2023-02-01,0.2836555370860309,0.2836555370860309,0.34799608464516885,0.3668970873179018,-0.10193489009232742
Laikipia,2023-03-01,0.2883197949471521,0.2883197949471521,0.308484932186289,0.3467179593416992,-0.09992029798743296
Laikipia,2023-04-01,0.4992739253755164,0.4992739253755164,0.3570830858028997,0.36720027402858774,0.020610169466092843
Laikipia,2023-05-01,0.5437886178138102,0.5437886178138102,0.44379411271215946,0.39589509867866424,0.009680035504976647
Laikipia,2023-06-01,0.4336234748273024,0.4336234748273024,0.4922286726722096,0.40035680242924937,-0.07166243502600228
Laikipia,2023-07-01,0.3937099117106836,0.3937099117106836,0.45704066811726535,0.4070618769600826,-0.09235160815162963
Laikipia,2023-08-01,0.3536134801956138,0.3536134801956138,0.39364895557786656,0.418721534145013,-0.14126931397725856
Laikipia,2023-09-01,0.3600749747959146,0.3600749747959146,0.3691327889007372,0.4306807307864735,-0.10521269967699742
Laikipia,2023-10-01,0.3955982919395481,0.3955982919395481,0.3697622489770254,0.41340145854714544,-0.044671947234124654
Laikipia,2023-11-01,0.6163380275223327,0.6163380275223327,0.4573370980859317,0.4254930268318992,0.09716912214339268
Laikipia,2023-12-01,0.627629214679402,0.627629214679402,0.5465218447137609,0.45782731680724914,0.11372576933543355
Laikipia,2024-01-01,0.540127146841397,0.540127146841397,0.5946981296810439,0.48223018932903466,0.09246119807315378
Laikipia,2024-02-01,0.4345768483362905,0.4345768483362905,0.5341110699523631,0.4957240840191475,0.04898642115793217
Laikipia,2024-03-01,0.3805257267778598,0.3805257267778598,0.45174324065184895,0.49913254268280505,-0.007714366156725272
Laikipia,2024-04-01,0.5944726850618129,0.5944726850618129,0.46985842005865436,0.5322782748698491,0.11580892915238938
Laikipia,2024-05-01,0.7025432000178816,0.7025432000178816,0.5591805372858514,0.5466458036191073,0.1684346177090481
Laikipia,2024-06-01,0.6144214739262179,0.6144214739262179,0.6371457863353042,0.5444445134935766,0.10913556407291325
Laikipia,2024-07-01,0.6057005606309654,0.6057005606309654,0.6408884115250215,0.5553734157918381,0.11963904076865223
Laikipia,2024-08-01,0.6390878363000132,0.6390878363000132,0.6197366236190655,0.5894585804524585,0.14420504212714086
Laikipia,2024-09-01,0.5517583213469174,0.5517583213469174,0.598848906092632,0.6179973462139681,0.08647064687400535
Laikipia,2024-10-01,0.4806563896185881,0.4806563896185881,0.5571675157551728,0.5990279636400974,0.040386150444915336
Laikipia,2024-11-01,0.529794429834555,0.529794429834555,0.5207363802666868,0.5702365019428762,0.010625524455615043
Laikipia,2024-12-01,0.535639404865959,0.535639404865959,0.5153634081063673,0.5571061570994997,0.021735959521990478
Laikipia,2025-01-01,0.4405527336930221,0.4405527336930221,0.5019955227978453,0.5295815192765091,-0.007113215075221058
Laikipia,2025-02-01,0.4056973725849743,0.4056973725849743,0.46062983704798505,0.490683108657336,0.02010694540661595
Laikipia,2025-03-01,0.4023931275373192,0.4023931275373192,0.41621441127177183,0.46578890968906966,0.01415303460273415
Laikipia,2025-04-01,0.572434233521595,0.572434233521595,0.4601749112146294,0.4810852170062374,0.09377047761217139
Laikipia,2025-05-01,0.5990128918911483,0.5990128918911483,0.5246134176500208,0.49262162734900294,0.06490430958231475
Laikipia,2025-06-01,0.5240914813304799,0.5240914813304799,0.5651795355810743,0.4906969734264231,0.01880557147717521
Laikipia,2025-07-01,0.4971453370191784,0.4971453370191784,0.5400832367469355,0.5001290739807825,0.011083817156865183
Laikipia,2025-08-01,0.5366625614355157,0.5366625614355157,0.5192997932617246,0.5219566054558727,0.041779767262643375
Laikipia,2025-09-01,0.5029109662807945,0.5029109662807945,0.5122396215784961,0.5387095785797853,0.03762329180788243
Laikipia,2025-10-01,0.470593735954276,0.470593735954276,0.5033890878901953,0.5217361623185655,0.030323496780603254
Laikipia,2025-11-01,0.556948335601299,0.556948335601299,0.510151012612123,0.5147254029369239,0.03777943022235897
Laikipia,2025-12-01,0.4903675582689279,0.4903675582689279,0.5059698766081676,0.5091047490933319,-0.023535887075040562
Laikipia,2026-01-01,0.4462732626979788,0.4462732626979788,0.49786305218940186,0.5006260700397986,-0.0013926860702643817
Laikipia,2026-02-01,0.3859057288112689,0.3859057288112689,0.4408488499260585,0.4754999312690908,0.00031530163291054736
Laikipia,2026-03-01,0.5754803764984459,0.5754803764984459,0.46921978933589775,0.4875948329720327,0.1872402835638608
Laikipia,2026-04-01,0.590874248599647,0.590874248599647,0.5174201179697872,0.5076415850795946,0.11221049269022343
Lamu,2019-01-01,0.6032315590078435,0.6032315590078435,0.6032315590078435,0.6032315590078435,-0.029926311715742226
Lamu,2019-02-01,0.5346367509171748,0.5346367509171748,0.5689341549625091,0.5689341549625091,-0.03160989689269256
Lamu,2019-03-01,0.4970664010054486,0.4970664010054486,0.5449782369768222,0.5449782369768222,-0.02762807102747128
Lamu,2019-04-01,0.5125236938760521,0.5125236938760521,0.5147422819328918,0.5368646012016298,-0.11731918583701073
Lamu,2019-05-01,0.7536990485209323,0.7536990485209323,0.587763047800811,0.5802314906654903,0.04329512589264317
Lamu,2019-06-01,0.7401429696348764,0.7401429696348764,0.6687885706772869,0.6068834038270546,0.0015143226846769942
Lamu,2019-07-01,0.715740977157061,0.715740977157061,0.7365276651042899,0.6256349735185909,-0.002340067635320242
Lamu,2019-08-01,0.6734417078221815,0.6734417078221815,0.7097752182047063,0.6487691330027586,0.005709276842088329
Lamu,2019-09-01,0.6454791375989906,0.6454791375989906,0.6782206075260776,0.6735045891016823,0.046619240891347835
Lamu,2019-10-01,0.7195073455111272,0.7195073455111272,0.6794760636440996,0.7080018643741948,0.1362921535000764
Lamu,2019-11-01,0.7501387141080268,0.7501387141080268,0.7050417324060482,0.7074084753053772,0.12539955440773665
Lamu,2019-12-01,0.7764602041161671,0.7764602041161671,0.7487020879117736,0.7134613477189257,0.12027212849359414
Lamu,2020-01-01,0.7378029233618514,0.7378029233618514,0.754800613862015,0.7171383387530574,0.10464505263826562
Lamu,2020-02-01,0.6798261807114124,0.6798261807114124,0.7313631027298104,0.7182024175679292,0.1135795329015451
Lamu,2020-03-01,0.62524772570833,0.62524772570833,0.6809589432605313,0.7148305155861525,0.10055325367541013
Lamu,2020-04-01,0.7546962347788563,0.7546962347788563,0.6865900470661996,0.7206953304641073,0.12485335506579343
Lamu,2020-05-01,0.7817741910443525,0.7817741910443525,0.7205727171771796,0.725967909953495,0.07137026841606342
Lamu,2020-06-01,0.7725265737795409,0.7725265737795409,0.7696656665342498,0.7253123048973906,0.03389792682934156
Lamu,2020-07-01,0.7333505441228919,0.7333505441228919,0.7625504363155952,0.7245702416908973,0.015269499330510694
Lamu,2020-08-01,0.6645852265888511,0.6645852265888511,0.7234874481637613,0.7220300826704705,-0.0031472043912420533
Lamu,2020-09-01,0.6451021445695817,0.6451021445695817,0.6810126384271081,0.725339152480679,0.04624224786193898
Lamu,2020-10-01,0.5998421045359577,0.5998421045359577,0.6365098252314635,0.6995301307735292,0.01662691252490689
Lamu,2020-11-01,0.6756649200484085,0.6756649200484085,0.6402030563846494,0.6818452522742052,0.050925760348118354
Lamu,2020-12-01,0.5937133408844815,0.5937133408844815,0.6230734551562825,0.6520430467916953,-0.06247473473809151
Lamu,2021-01-01,0.5522287615928159,0.5522287615928159,0.6072023408419019,0.6218560830366827,-0.0809291091307699
Lamu,2021-02-01,0.4926622379501816,0.4926622379501816,0.5462014468091597,0.5932022515969044,-0.07358440985968573
Lamu,2021-03-01,0.4615545350780323,0.4615545350780323,0.5021485115403432,0.5626109833483129,-0.06313993695488757
Lamu,2021-04-01,0.5286393148106624,0.5286393148106624,0.4942853626129587,0.5507438517274302,-0.10120356490240046
Lamu,2021-05-01,0.5797211276051909,0.5797211276051909,0.5233049924979619,0.5347532196535607,-0.1306827950230982
Lamu,2021-06-01,0.6566773671391576,0.6566773671391576,0.5883459365183369,0.5452472240293401,-0.08195127981104178
Lamu,2021-07-01,0.673831939811549,0.673831939811549,0.6367434781852991,0.565514420399129,-0.04424910498083223
Lamu,2021-08-01,0.656828578211952,0.656828578211952,0.6624459617208861,0.5928754771094241,-0.010903852768141209
Lamu,2021-09-01,0.5487993934953297,0.5487993934953297,0.6264866371729435,0.6074162868456402,-0.050060503212313034
Lamu,2021-10-01,0.4564060829925077,0.4564060829925077,0.5540113515665964,0.5953774148759478,-0.1268091090185431
Lamu,2021-11-01,0.4356797588327187,0.4356797588327187,0.4802950784401854,0.5713705200805358,-0.18905940086757145
Lamu,2021-12-01,0.6151007136453659,0.6151007136453659,0.5023955184901975,0.5644410778315705,-0.04108736197720708
Lamu,2022-01-01,0.6868183208542004,0.6868183208542004,0.5791995977774284,0.5666054746720124,0.0536604501306146
Lamu,2022-02-01,0.5710222082727481,0.5710222082727481,0.6243137475907714,0.5523044130154784,0.004775560462880746
Lamu,2022-03-01,0.4307498541665377,0.4307498541665377,0.5628634610978287,0.532629489794013,-0.09394461786638214
Lamu,2022-04-01,0.4746028219137903,0.4746028219137903,0.4921249614510253,0.5356622796142269,-0.15524005779927258
Lamu,2022-05-01,0.6797768504394764,0.6797768504394764,0.5283765088399348,0.5763451282153532,-0.030627072188812665
Lamu,2022-06-01,0.7677671588404331,0.7677671588404331,0.6407156103978999,0.6017895357478643,0.029138511890233754
Lamu,2022-07-01,0.7204396166785426,0.7204396166785426,0.7226612086528174,0.6073930850519214,0.002358571886161398
Lamu,2022-08-01,0.6565592402191364,0.6565592402191364,0.7149220052460373,0.621649257042986,-0.011173190760956797
Lamu,2022-09-01,0.548072355899518,0.548072355899518,0.6416904042657323,0.6412030073318161,-0.050787540808124754
Lamu,2022-10-01,0.5115140178399579,0.5115140178399579,0.5720485379862041,0.6473548733195108,-0.0717011741710929
Lamu,2022-11-01,0.5568519786712347,0.5568519786712347,0.5388127841369035,0.6268673946914705,-0.06788718102905544
Lamu,2022-12-01,0.5645278383464862,0.5645278383464862,0.5442979449525596,0.5929941746091459,-0.09166023727608674
Lamu,2023-01-01,0.587951680613068,0.587951680613068,0.5697771658769296,0.5709128519315668,-0.04520619011051774
Lamu,2023-02-01,0.4947100838253086,0.4947100838253086,0.5490632009282875,0.5439379925325956,-0.07153656398455871
Lamu,2023-03-01,0.4898738028950788,0.4898738028950788,0.5241785224444852,0.5342382336985224,-0.03482066913784104
Lamu,2023-04-01,0.5993636763525728,0.5993636763525728,0.5279825210243201,0.5488798434506248,-0.030479203360490037
Lamu,2023-05-01,0.7340939444165897,0.7340939444165897,0.6077771412214138,0.5784201710748507,0.023690021788300597
Lamu,2023-06-01,0.7204077827370003,0.7204077827370003,0.684621801168721,0.604400161806603,-0.018220864213199017
Lamu,2023-07-01,0.700641050737422,0.700641050737422,0.7183809259636708,0.6231817234939954,-0.017439994054959218
Lamu,2023-08-01,0.667208387250453,0.667208387250453,0.6960857402416251,0.6519314407315194,-0.0005240437296402112
Lamu,2023-09-01,0.6163545560179193,0.6163545560179193,0.6614013313352648,0.6730115662519928,0.017494659310276606
Lamu,2023-10-01,0.6272551879299463,0.6272551879299463,0.6369393770661061,0.6776601515148885,0.044039995918895514
Lamu,2023-11-01,0.7550434284873466,0.7550434284873466,0.6662177241450707,0.6811517321933479,0.13030426878705648
Lamu,2023-12-01,0.7682390134537045,0.7682390134537045,0.7168458766236658,0.6891236039794654,0.11205093783113151
Lamu,2024-01-01,0.7753058764748867,0.7753058764748867,0.7661961061386459,0.7015677416023761,0.14214800575130093
Lamu,2024-02-01,0.7159207589051391,0.7159207589051391,0.7531552162779102,0.7096864702114903,0.14967411109527173
Lamu,2024-03-01,0.6287977686981998,0.6287977686981998,0.7066748013594085,0.7117603389915371,0.10410329666527995
Lamu,2024-04-01,0.7768399150291622,0.7768399150291622,0.7071861475441671,0.7366911268414064,0.1469970353160993
Lamu,2024-05-01,0.7315769682802864,0.7315769682802864,0.7124048840025495,0.7327800501402297,0.02117304565199729
Lamu,2024-06-01,0.7563859993655581,0.7563859993655581,0.7549342942250021,0.7308045477922054,0.017757352415358696
Lamu,2024-07-01,0.7261437473734758,0.7261437473734758,0.7380355716731067,0.7226108596086368,0.008062702581094539
Lamu,2024-08-01,0.6873021116111456,0.6873021116111456,0.7232772861167264,0.717841085059638,0.019569680631052466
Lamu,2024-09-01,0.5818618362535973,0.5818618362535973,0.6651025650794062,0.7100184296522042,-0.016998060454045394
Lamu,2024-10-01,0.5745552523764061,0.5745552523764061,0.6145730667470497,0.6763043192100783,-0.00865993963464462
Lamu,2024-11-01,0.6263981110190203,0.6263981110190203,0.5942717332163413,0.658774509666534,0.001658951318730173
Lamu,2024-12-01,0.629876262936923,0.629876262936923,0.6102765421107832,0.6376895535950947,-0.02631181268564997
Lamu,2025-01-01,0.6211359241916157,0.6211359241916157,0.6258034327158529,0.6201882497314514,-0.012021946531970085
Lamu,2025-02-01,0.5673114838607539,0.5673114838607539,0.6061078903297642,0.6001898117730528,0.0010648360508865862
Lamu,2025-03-01,0.4723955293059401,0.4723955293059401,0.5536143124527699,0.5819454272817765,-0.05229894272697977
Lamu,2025-04-01,0.6234965565784796,0.6234965565784796,0.5544011899150578,0.5901023113154554,-0.006346323134583276
Lamu,2025-05-01,0.712185328091196,0.712185328091196,0.6026924713252052,0.6044001808274847,0.0017814054629068377
Lamu,2025-06-01,0.7564926771548294,0.7564926771548294,0.6973915206081683,0.6255029165304692,0.01786403020463001
Lamu,2025-07-01,0.7564194376657262,0.7564194376657262,0.7416991476372505,0.6480501687761542,0.03833839287334495
Lamu,2025-08-01,0.6682017651569329,0.6682017651569329,0.7270379599924962,0.6648652156588507,0.00046933417683969747
Lamu,2025-09-01,0.6063498531185627,0.6063498531185627,0.6769903519804071,0.6871909362942877,0.0074899564109199845
Lamu,2025-10-01,0.5934263528914525,0.5934263528914525,0.622659323722316,0.6821792356797832,0.010211160880401748
Lamu,2025-11-01,0.5733972067352755,0.5733972067352755,0.5910578042484302,0.6590478821204632,-0.05134195296501465
Lamu,2025-12-01,0.6453991559748826,0.6453991559748826,0.6040742385338702,0.6405322952571387,-0.010788919647690354
Lamu,2026-01-01,0.5007879196924045,0.5007879196924045,0.5731947608008542,0.5979270422615851,-0.1323699510311812
Lamu,2026-02-01,0.4738834780362199,0.4738834780362199,0.5400235179011691,0.5655406610747996,-0.09236316977364745
Lamu,2026-03-01,0.5918701594057911,0.5918701594057911,0.5221805190448051,0.5631273787893377,0.06717568737287127
Lamu,2026-04-01,0.7685808243649274,0.7685808243649274,0.6114448206023128,0.5923197907015835,0.1387379446518645
Makueni,2019-01-01,0.5885396493727972,0.5885396493727972,0.5885396493727972,0.5885396493727972,-0.0394748797559028
Makueni,2019-02-01,0.4573087511493294,0.4573087511493294,0.5229242002610633,0.5229242002610633,-0.0739594137912512
Makueni,2019-03-01,0.3898993008948573,0.3898993008948573,0.47858256713899466,0.47858256713899466,-0.1312038192032628
Makueni,2019-04-01,0.3653804624133835,0.3653804624133835,0.4041961714858567,0.45028204095759183,-0.20526401897190516
Makueni,2019-05-01,0.4691964794560078,0.4691964794560078,0.40815874758808285,0.45406492865727505,-0.08446259705210662
Makueni,2019-06-01,0.4219743569045712,0.4219743569045712,0.4188504329246541,0.44871650003182445,-0.0381980945764977
Makueni,2019-07-01,0.341483334167467,0.341483334167467,0.4108847235093487,0.4075404474976027,-0.05115931251307099
Makueni,2019-08-01,0.3299551175332177,0.3299551175332177,0.36447093620175197,0.3863148418949174,-0.024181135404238996
Makueni,2019-09-01,0.3052121636521365,0.3052121636521365,0.32555020511760707,0.37220031902113065,-0.025535080888743178
Makueni,2019-10-01,0.4328670374966821,0.4328670374966821,0.35601143956067877,0.3834480815350137,0.09902375774706895
Makueni,2019-11-01,0.5762447534189142,0.5762447534189142,0.4381079848559109,0.40128946052883147,0.11333148064195098
Makueni,2019-12-01,0.6891838184875039,0.6891838184875039,0.5660985364677001,0.44582437079265363,0.018886598549084366
Makueni,2020-01-01,0.6949411963543874,0.6949411963543874,0.6534565894202685,0.5047340144904736,0.06692666722568741
Makueni,2020-02-01,0.7307705354753325,0.7307705354753325,0.7049651834390745,0.5715365841474928,0.19950237053475195
Makueni,2020-03-01,0.7085984300244242,0.7085984300244242,0.711436720618048,0.638767628542874,0.18749530992630414
Makueni,2020-04-01,0.6648552214967962,0.6648552214967962,0.7014080623321842,0.6774323258762264,0.09421074011150754
Makueni,2020-05-01,0.6077275036484958,0.6077275036484958,0.6603937183899055,0.68267945091449,0.0540684271403814
Makueni,2020-06-01,0.4910833256787231,0.4910833256787231,0.5878886836080051,0.6496627021130265,0.030910874197654203
Makueni,2020-07-01,0.4284939452374487,0.4284939452374487,0.5091015915215559,0.60525482692687,0.035851298556910716
Makueni,2020-08-01,0.381613709690036,0.381613709690036,0.43373032686873597,0.5470620226293207,0.027477456752579288
Makueni,2020-09-01,0.3567980007727534,0.3567980007727534,0.3889685519000794,0.4884286177540422,0.02605075623187375
Makueni,2020-10-01,0.3185805274398834,0.3185805274398834,0.3523307459675576,0.4307161687445567,-0.015262752309729732
Makueni,2020-11-01,0.6241341239260896,0.6241341239260896,0.4331708840462421,0.433450605457489,0.16122085114912632
Makueni,2020-12-01,0.6516472738935397,0.6516472738935397,0.5314539750865043,0.46021126349329183,-0.018649946044879795
Makueni,2021-01-01,0.6582049844214845,0.6582049844214845,0.6446621274137047,0.4984964366906311,0.030190455292784413
Makueni,2021-02-01,0.5709209271431283,0.5709209271431283,0.6269243951527175,0.5300476395994798,0.03965276220254765
Makueni,2021-03-01,0.4755647000976823,0.4755647000976823,0.5682302038874317,0.5498420894869679,-0.045538420000437785
Makueni,2021-04-01,0.5119787815173846,0.5119787815173846,0.5194881362527317,0.5820751318332181,-0.05866569986790404
Makueni,2021-05-01,0.4880489132341634,0.4880489132341634,0.4918641316164101,0.5593942633845638,-0.06561016327395103
Makueni,2021-06-01,0.392604380076289,0.392604380076289,0.464210691609279,0.5162204477483553,-0.06756807140477988
Makueni,2021-07-01,0.3767841908636258,0.3767841908636258,0.419145828058026,0.46931698215537887,-0.015858455816912198
Makueni,2021-08-01,0.33108464308356,0.33108464308356,0.36682440467449157,0.42934426814545085,-0.023051609853896704
Makueni,2021-09-01,0.3147499878980341,0.3147499878980341,0.3408729406150733,0.40254181611217615,-0.01599725664284557
Makueni,2021-10-01,0.3175197920218492,0.3175197920218492,0.32111814100114777,0.37013198452958695,-0.01632348772776393
Makueni,2021-11-01,0.303649999980823,0.303649999980823,0.3119732599669021,0.33939883232069684,-0.15926327279614028
Makueni,2021-12-01,0.708088377443119,0.708088377443119,0.4430860564819304,0.39197949854850184,0.037791157504699524
Makueni,2022-01-01,0.6692293493525787,0.6692293493525787,0.5603225755921736,0.44072035829666073,0.04121482022387868
Makueni,2022-02-01,0.488732378152559,0.488732378152559,0.6220167016494189,0.46699498080816043,-0.04253578678802161
Makueni,2022-03-01,0.4202622812248852,0.4202622812248852,0.5260746695766744,0.48458036302930235,-0.10084083887323492
Makueni,2022-04-01,0.4536076567962122,0.4536076567962122,0.4542007720578855,0.5072616738250294,-0.1170368245890765
Makueni,2022-05-01,0.4740827559534652,0.4740827559534652,0.4493175646581875,0.5356671331538032,-0.0795763205546492
Makueni,2022-06-01,0.3949491182383924,0.3949491182383924,0.44087984366268995,0.4834772566196821,-0.06522333324267648
Makueni,2022-07-01,0.3238024780894523,0.3238024780894523,0.39761145076043664,0.42590611140916107,-0.06884016859108572
Makueni,2022-08-01,0.3191371878818216,0.3191371878818216,0.34596292806988876,0.3976402463640382,-0.034999065055635104
Makueni,2022-09-01,0.2880909533128912,0.2880909533128912,0.31034353976138834,0.3756116917120391,-0.042656291227988474
Makueni,2022-10-01,0.2627477477849091,0.2627477477849091,0.28999196299320734,0.343801706876822,-0.07109553196470403
Makueni,2022-11-01,0.2782452849107414,0.2782452849107414,0.2763613286695139,0.3111621283697013,-0.18466798786622185
Makueni,2022-12-01,0.6188774988434901,0.6188774988434901,0.38662351051304683,0.3484835251372176,-0.05141972109492943
Makueni,2023-01-01,0.5369402370558221,0.5369402370558221,0.47802100693668453,0.3840064849649459,-0.09107429207287798
Makueni,2023-02-01,0.4022976778207605,0.4022976778207605,0.5193718045733575,0.39786656662143577,-0.12897048711982012
Makueni,2023-03-01,0.353943217965619,0.353943217965619,0.4310603776140672,0.40884194406355706,-0.1671599021325011
Makueni,2023-04-01,0.5180846946014438,0.5180846946014438,0.42477519679594106,0.45139810186631274,-0.052559786783844875
Makueni,2023-05-01,0.5616874138947856,0.5616874138947856,0.4779051088206161,0.49863845669698686,0.008028337386671192
Makueni,2023-06-01,0.4577536296524471,0.4577536296524471,0.5125085793828922,0.4717844784984797,-0.0024188218286217977
Makueni,2023-07-01,0.3904403032015527,0.3904403032015527,0.4699604489162618,0.4473678228561015,-0.0022023434789852914
Makueni,2023-08-01,0.3469237105532387,0.3469237105532387,0.39837254780241277,0.43813882831151446,-0.007212542384218035
Makueni,2023-09-01,0.3306849900036179,0.3306849900036179,0.3560163345861364,0.4342624569845143,-6.225453726177443e-05
Makueni,2023-10-01,0.321104001734767,0.321104001734767,0.3329042340972079,0.40143234150673485,-0.012739278014846145
Makueni,2023-11-01,0.6421393728853559,0.6421393728853559,0.4313094548745802,0.4148410013384966,0.17922610010839268
Makueni,2023-12-01,0.6970034758349681,0.6970034758349681,0.5534156168183637,0.4547159757022501,0.026706255896548625
Makueni,2024-01-01,0.6943712034045552,0.6943712034045552,0.6778380173749596,0.5053711257360838,0.06635667427585512
Makueni,2024-02-01,0.580004358518679,0.580004358518679,0.6571263459194009,0.5442179003969906,0.04873619357809844
Makueni,2024-03-01,0.6187684204911843,0.6187684204911843,0.6310479941381395,0.5922318054782516,0.0976653003930642
Makueni,2024-04-01,0.6658612503042377,0.6658612503042377,0.6215446764380337,0.6496913469064968,0.09521676891894904
Makueni,2024-05-01,0.6780427696629077,0.6780427696629077,0.6542241468194433,0.655675246369422,0.12438369315479325
Makueni,2024-06-01,0.5486067472531767,0.5486067472531767,0.630836922406774,0.6309424582724568,0.08843429577210782
Makueni,2024-07-01,0.4638307934075146,0.4638307934075146,0.563493436774533,0.5925190566062833,0.0711881467269766
Makueni,2024-08-01,0.3985765254320912,0.3985765254320912,0.4703380220309275,0.5622810844251854,0.0444402724946345
Makueni,2024-09-01,0.3790480462727733,0.3790480462727733,0.41381845503745973,0.5223276887221169,0.048300801731893606
Makueni,2024-10-01,0.3474625102785291,0.3474625102785291,0.37502902732779786,0.4692612320511654,0.013619230528915949
Makueni,2024-11-01,0.4175512114631814,0.4175512114631814,0.3813539226714946,0.4258459723512111,-0.04536206131378184
Makueni,2024-12-01,0.6708212173977077,0.6708212173977077,0.478611646379806,0.4462150507086329,0.0005239974592882168
Makueni,2025-01-01,0.5848630414053472,0.5848630414053472,0.557745156755412,0.46638709204160494,-0.043151487723352866
Makueni,2025-02-01,0.5326551213732857,0.5326551213732857,0.5961131267254468,0.4887335246984707,0.0013869564327051442
Makueni,2025-03-01,0.4664362182628895,0.4664362182628895,0.5279847936805074,0.5032982200301568,-0.0546669018352306
Makueni,2025-04-01,0.6812217584829917,0.6812217584829917,0.5601043660397224,0.5589247613975672,0.11057727709770304
Makueni,2025-05-01,0.5968276997069758,0.5968276997069758,0.5814952254842857,0.5888041761048662,0.04316862319886139
Makueni,2025-06-01,0.5142356025638826,0.5142356025638826,0.5974283535846167,0.5627065736325622,0.054063151082813676
Makueni,2025-07-01,0.4236634817967049,0.4236634817967049,0.5115755946891877,0.535839980364455,0.03102083511616688
Makueni,2025-08-01,0.3716628763882317,0.3716628763882317,0.43652065358293973,0.5090079395336127,0.017526623450774992
Makueni,2025-09-01,0.3406465698739511,0.3406465698739511,0.3786576426862958,0.4880429981354563,0.009899325333071418
Makueni,2025-10-01,0.3366213414906721,0.3366213414906721,0.3496435959176183,0.43060959530340304,0.0027780617410589348
Makueni,2025-11-01,0.3984281628536372,0.3984281628536372,0.3585653580727534,0.3975430058278466,-0.06448510992332607
Makueni,2025-12-01,0.6564588776686084,0.6564588776686084,0.4638361273376392,0.42124688501196755,-0.013838342269811066
Makueni,2026-01-01,0.5970265716626284,0.5970265716626284,0.5506378707282913,0.4501407333229548,-0.030987957466071636
Makueni,2026-02-01,0.4874555698915707,0.4874555698915707,0.5803136730742691,0.4694395155735113,-0.04381259504900992
Makueni,2026-03-01,0.7353523918234193,0.7353523918234193,0.6066115111258727,0.535223819231756,0.21424927172529917
Makueni,2026-04-01,0.7041660254698597,0.7041660254698597,0.6423246623949498,0.5964812665616206,0.13352154408457106
Mandera,2019-01-01,0.2923131185449238,0.2923131185449238,0.2923131185449238,0.2923131185449238,-0.025217067867461807
Mandera,2019-02-01,0.2488845252239101,0.2488845252239101,0.270598821884417,0.270598821884417,-0.01869037749969102
Mandera,2019-03-01,0.2511986276438327,0.2511986276438327,0.26413209047088887,0.26413209047088887,-0.04427112730352434
Mandera,2019-04-01,0.287614607980984,0.287614607980984,0.2625659202829089,0.2700027198484127,-0.12964465024613464
Mandera,2019-05-01,0.3044002815937107,0.3044002815937107,0.2810711724061758,0.27688223219747227,-0.10677074960381261
Mandera,2019-06-01,0.2211449968201739,0.2211449968201739,0.2710532954649562,0.26759269296792254,-0.08708262630600228
Mandera,2019-07-01,0.2397474962513896,0.2397474962513896,0.2550975915550914,0.25883175591900015,-0.02433577226212555
Mandera,2019-08-01,0.2340944194702239,0.2340944194702239,0.23166230418059583,0.2563667382933858,-0.026764520067025566
Mandera,2019-09-01,0.2390246777086276,0.2390246777086276,0.2376221978100804,0.2543377466375183,-0.026312984983268867
Mandera,2019-10-01,0.4154495662468919,0.4154495662468919,0.2961895544752478,0.27564357301516956,0.09830537798099814
Mandera,2019-11-01,0.5722567348478569,0.5722567348478569,0.40891032626779217,0.320286315224194,0.15145121172528586
Mandera,2019-12-01,0.6170291923657859,0.6170291923657859,0.5349118311535116,0.38626701448179596,0.2186534489721178
Mandera,2020-01-01,0.4536184240919677,0.4536184240919677,0.5476347837685368,0.4219121691218923,0.13608823767958206
Mandera,2020-02-01,0.3457000661881931,0.3457000661881931,0.4721158942153156,0.4405131102415538,0.07812516346459197
Mandera,2020-03-01,0.3050262427615433,0.3050262427615433,0.3681149110139013,0.4515133710837065,0.00955648781418622
Mandera,2020-04-01,0.4280193615144949,0.4280193615144949,0.3595818901547438,0.4536083369616402,0.010760103287376255
Mandera,2020-05-01,0.4516859568010486,0.4516859568010486,0.3949105203590289,0.4335132072871722,0.04051492560352532
Mandera,2020-06-01,0.3447128614060998,0.3447128614060998,0.40813939324054777,0.38812715212722454,0.036485238279923615
Mandera,2020-07-01,0.3075953988915338,0.3075953988915338,0.36799807236622745,0.3637899812604856,0.043512130378018654
Mandera,2020-08-01,0.2752940501718754,0.2752940501718754,0.309200770156503,0.35205564525776595,0.014435110634625936
Mandera,2020-09-01,0.308980168334572,0.308980168334572,0.29728987246599375,0.3527146328532707,0.04364250564267552
Mandera,2020-10-01,0.3267079356793129,0.3267079356793129,0.3036607180619201,0.3358293952140738,0.009563747413419144
Mandera,2020-11-01,0.4129788749907714,0.4129788749907714,0.3495556596682188,0.3293782149123609,-0.007826648131799618
Mandera,2020-12-01,0.3402140422649467,0.3402140422649467,0.35996695097834364,0.3286284117221687,-0.05816170112872138
Mandera,2021-01-01,0.2679477437206137,0.2679477437206137,0.34038022032544396,0.32202046919368205,-0.04958244269177192
Mandera,2021-02-01,0.2482762685951031,0.2482762685951031,0.2854793515268878,0.31751750559755326,-0.019298634128498027
Mandera,2021-03-01,0.25585330043171,0.25585330043171,0.25735910424914227,0.3086630276137429,-0.03961645451564705
Mandera,2021-04-01,0.4358631495441628,0.4358631495441628,0.3133309061903253,0.3268555632578846,0.018603891317044152
Mandera,2021-05-01,0.4282742949362765,0.4282742949362765,0.37333024830404976,0.3294047999154688,0.017103263738753205
Mandera,2021-06-01,0.2825772909368247,0.2825772909368247,0.382238245139088,0.3197986746941151,-0.025650332189351477
Mandera,2021-07-01,0.255635694580313,0.255635694580313,0.3221624268178047,0.317746666504065,-0.008447573933202168
Mandera,2021-08-01,0.2476028405267694,0.2476028405267694,0.2619386086813023,0.3176344284926761,-0.013256099010480082
Mandera,2021-09-01,0.2465772586196756,0.2465772586196756,0.24993859790891934,0.3160884215240037,-0.01876040407222085
Mandera,2021-10-01,0.2531912809493116,0.2531912809493116,0.24912379336525223,0.28564311009152843,-0.06395290731658215
Mandera,2021-11-01,0.2874837064913126,0.2874837064913126,0.26241741535343327,0.26217801201736785,-0.13332181663125842
Mandera,2021-12-01,0.3128253717051681,0.3128253717051681,0.2845001197152641,0.26721935881209175,-0.0855503716885
Mandera,2022-01-01,0.2735596674474706,0.2735596674474706,0.2912895818813171,0.27020668762328465,-0.043970518964914995
Mandera,2022-02-01,0.2306789873405439,0.2306789873405439,0.2723546754977275,0.26738604542558037,-0.036895915383057226
Mandera,2022-03-01,0.2392113559395388,0.2392113559395388,0.24781667024251774,0.26615839497889093,-0.05625839900781826
Mandera,2022-04-01,0.324627008290404,0.324627008290404,0.26483911719016223,0.2780643495357396,-0.09263224993671465
Mandera,2022-05-01,0.3367751693346124,0.3367751693346124,0.30020451118818503,0.2862795933429563,-0.07439586186291092
Mandera,2022-06-01,0.2659747269768817,0.2659747269768817,0.3091256348672993,0.27847115255490856,-0.042252896149294505
Mandera,2022-07-01,0.2376182201682789,0.2376182201682789,0.2801227054932577,0.27248091134170993,-0.026465048345236247
Mandera,2022-08-01,0.2248629252112369,0.2248629252112369,0.24281862411879918,0.2715115676534921,-0.03599601432601257
Mandera,2022-09-01,0.2171008913100411,0.2171008913100411,0.22652734556318566,0.2678264902152425,-0.048236771381855365
Mandera,2022-10-01,0.2458560246041868,0.2458560246041868,0.22927328037515493,0.2546979929342063,-0.07128816366170695
Mandera,2022-11-01,0.2787090577403228,0.2787090577403228,0.24722199121818358,0.24502030766849137,-0.14209646538224824
Mandera,2022-12-01,0.2520736084892666,0.2520736084892666,0.2588795636112587,0.2427034545872222,-0.14630213490440153
Mandera,2023-01-01,0.2449091260396904,0.2449091260396904,0.25856393075642664,0.24391860556579073,-0.07262106037269522
Mandera,2023-02-01,0.223578801269829,0.223578801269829,0.24018717859959535,0.24370458490888944,-0.04399610145377214
Mandera,2023-03-01,0.2870473379061028,0.2870473379061028,0.2518450884052074,0.2553623260082331,-0.008422417041254238
Mandera,2023-04-01,0.5202712836379534,0.5202712836379534,0.34363247427129506,0.3010982025138608,0.10301202541083476
Mandera,2023-05-01,0.4204185135818996,0.4204185135818996,0.4092457117086519,0.3247164451541236,0.009247482384376282
Mandera,2023-06-01,0.3429670840388212,0.3429670840388212,0.42788562708622474,0.339865357745716,0.034739460912645015
Mandera,2023-07-01,0.2571338353757275,0.2571338353757275,0.34017314433214946,0.34190280930172223,-0.006949433137787675
Mandera,2023-08-01,0.2638215206052676,0.2638215206052676,0.2879741466732721,0.34860992919096195,0.002962581068018111
Mandera,2023-09-01,0.2697806591224804,0.2697806591224804,0.2635786717011585,0.34573214939369157,0.004442996430583934
Mandera,2023-10-01,0.3816857199418916,0.3816857199418916,0.3050959665565466,0.322634555444348,0.06454153167599785
Mandera,2023-11-01,0.6196214450878991,0.6196214450878991,0.4236959413840904,0.3558350440286812,0.19881592196532805
Mandera,2023-12-01,0.5990605187262622,0.5990605187262622,0.533455894585351,0.3985172831432548,0.2006847753325941
Mandera,2024-01-01,0.4635015077436045,0.4635015077436045,0.5607278238525887,0.4329118952045676,0.14597132133121887
Mandera,2024-02-01,0.351394235246261,0.351394235246261,0.471318753905376,0.4475073476447331,0.08381933252265988
Mandera,2024-03-01,0.3308430449327416,0.3308430449327416,0.3819129293075358,0.4576844119464433,0.035373289985384526
Mandera,2024-04-01,0.5070741205885536,0.5070741205885536,0.3964371335891855,0.478582478720887,0.08981486236143499
Mandera,2024-05-01,0.5846285536135818,0.5846285536135818,0.47418190637829233,0.47275033014183415,0.1734575224160585
Mandera,2024-06-01,0.4363069000083643,0.4363069000083643,0.5093365247368332,0.4456247270221844,0.12807927688218812
Mandera,2024-07-01,0.3325981107441272,0.3325981107441272,0.45117785478869116,0.42380749418893826,0.06851484223061205
Mandera,2024-08-01,0.3128125860807913,0.3128125860807913,0.36057253227776104,0.4173772193280267,0.05195364654354184
Mandera,2024-09-01,0.3175325305428103,0.3175325305428103,0.32098107578924295,0.41515880026303814,0.05219486785091382
Mandera,2024-10-01,0.3184439093398284,0.3184439093398284,0.3162630086544767,0.3837204317215839,0.0012997210739346676
Mandera,2024-11-01,0.4639020597979604,0.4639020597979604,0.36662616656019975,0.36359934941898037,0.043096536675389374
Mandera,2024-12-01,0.3868765453695914,0.3868765453695914,0.38974083816912675,0.35536095697918485,-0.011499198024076729
Mandera,2025-01-01,0.2931010470319733,0.2931010470319733,0.38129321739984173,0.34877811302715916,-0.0244291393804123
Mandera,2025-02-01,0.2563657889330576,0.2563657889330576,0.3121144604448742,0.33937031350253694,-0.011209113790543512
Mandera,2025-03-01,0.2911321156699432,0.2911321156699432,0.28019965054499135,0.334970244357059,-0.004337639277413874
Mandera,2025-04-01,0.3558715364478294,0.3558715364478294,0.3011231470169434,0.34120818220839255,-0.06138772177928925
Mandera,2025-05-01,0.3520144485215337,0.3520144485215337,0.3330060335464355,0.3225602469956548,-0.05915658267598961
Mandera,2025-06-01,0.2639095016960679,0.2639095016960679,0.32393182888847705,0.30206573971673417,-0.04431812143010827
Mandera,2025-07-01,0.2182541235832363,0.2182541235832363,0.27805935793361264,0.289591252475278,-0.04582914493027887
Mandera,2025-08-01,0.267524234694582,0.267524234694582,0.24989595332462877,0.29145099343553205,0.006665295157332496
Mandera,2025-09-01,0.2583674532050681,0.2583674532050681,0.24804860382762883,0.2859902163580529,-0.00697020948682836
Mandera,2025-10-01,0.2786748810998329,0.2786748810998329,0.26818885633316103,0.2731241071333868,-0.03846930716606084
Mandera,2025-11-01,0.3106867829018738,0.3106867829018738,0.2825763724022583,0.2662361628634435,-0.11011874022069723
Mandera,2025-12-01,0.2805509248346559,0.2805509248346559,0.2899708629454542,0.2690097333865415,-0.11782481855901222
Mandera,2026-01-01,0.2512908566788409,0.2512908566788409,0.28084285480512355,0.2745158555691422,-0.06623932973354474
Mandera,2026-02-01,0.2357205489919113,0.2357205489919113,0.25585411016846943,0.26921524128536384,-0.03185435373168982
Mandera,2026-03-01,0.4034460142934443,0.4034460142934443,0.29681913998806553,0.29339500146675984,0.10797625934608723
Mandera,2026-04-01,0.4787329978125672,0.4787329978125672,0.3726331870326409,0.3267380209188822,0.06147373958544855
Marsabit,2019-01-01,0.1889158729244223,0.1889158729244223,0.1889158729244223,0.1889158729244223,-0.03553079283702809
Marsabit,2019-02-01,0.1715779751052598,0.1715779751052598,0.18024692401484105,0.18024692401484105,-0.025542275523109614
Marsabit,2019-03-01,0.1727166738734423,0.1727166738734423,0.1777368406343748,0.1777368406343748,-0.04882193258617215
Marsabit,2019-04-01,0.1910982909357105,0.1910982909357105,0.1784643133048042,0.18107720320970871,-0.1022799039523779
Marsabit,2019-05-01,0.1864981609986739,0.1864981609986739,0.18343770860260888,0.18216139476750176,-0.1154480234380208
Marsabit,2019-06-01,0.1784048968192423,0.1784048968192423,0.18533378291787558,0.18153531177612517,-0.03500120935435633
Marsabit,2019-07-01,0.1692523289555656,0.1692523289555656,0.1780517955911606,0.1782580544479824,-0.019323027231488543
Marsabit,2019-08-01,0.1592019917231796,0.1592019917231796,0.16895307249932914,0.17619539055096903,-0.023566238219541236
Marsabit,2019-09-01,0.1592384854793789,0.1592384854793789,0.16256426871937468,0.17394902581862515,-0.017253176764086692
Marsabit,2019-10-01,0.1940733173635768,0.1940733173635768,0.1708379315220451,0.17444486355660282,0.012601486048892468
Marsabit,2019-11-01,0.2783765286891166,0.2783765286891166,0.2105627771773574,0.1897579248383433,0.038787112917501476
Marsabit,2019-12-01,0.4539905204931003,0.4539905204931003,0.30881345551526457,0.23568886211731965,0.17817634640827934
Marsabit,2020-01-01,0.3310039828676669,0.3310039828676669,0.35445701068329455,0.26264747110266984,0.10655731710621652
Marsabit,2020-02-01,0.2861312227254611,0.2861312227254611,0.35704190869540947,0.28380234293638346,0.08901097209709169
Marsabit,2020-03-01,0.2471040848573291,0.2471040848573291,0.2880797634834857,0.2984466094993751,0.02556547839771464
Marsabit,2020-04-01,0.3360971932434244,0.3360971932434244,0.2897775002754049,0.3221172554793497,0.04271899835533599
Marsabit,2020-05-01,0.3400012564503489,0.3400012564503489,0.3077341781837008,0.33238804343955514,0.03805507201365421
Marsabit,2020-06-01,0.2366004177989164,0.2366004177989164,0.30423295583089655,0.2961563596571911,0.023194311625317793
Marsabit,2020-07-01,0.2067126384493996,0.2067126384493996,0.2611047708995549,0.2754411355874799,0.018137282262345455
Marsabit,2020-08-01,0.1911595867993706,0.1911595867993706,0.21149088101589553,0.2596125295997982,0.008391356856649768
Marsabit,2020-09-01,0.1845038902230813,0.1845038902230813,0.1941253718239505,0.24917916382742353,0.008012227979615705
Marsabit,2020-10-01,0.1998196527308304,0.1998196527308304,0.19182770991776077,0.22646624040865784,0.018347821416146076
Marsabit,2020-11-01,0.204123610621059,0.204123610621059,0.1961490511916569,0.2038199661037762,-0.03546580515055614
Marsabit,2020-12-01,0.217396631210769,0.217396631210769,0.20711329818755278,0.20061933500575166,-0.05841754287405196
Marsabit,2021-01-01,0.1938399288898225,0.1938399288898225,0.20512005690721682,0.1984738834124888,-0.030606736871627904
Marsabit,2021-02-01,0.185090143918677,0.185090143918677,0.19877556800642282,0.19746230959903988,-0.0120301067096924
Marsabit,2021-03-01,0.1972588545008212,0.1972588545008212,0.19206297576977358,0.19958813697866318,-0.024279751958793255
Marsabit,2021-04-01,0.1691195027440438,0.1691195027440438,0.18382283372118066,0.19447144531419872,-0.12425869214404461
Marsabit,2021-05-01,0.2387659254602716,0.2387659254602716,0.20171476090171223,0.2002451644540675,-0.0631802589764231
Marsabit,2021-06-01,0.1880977189388825,0.1880977189388825,0.19866104904773263,0.1953620124087531,-0.025308387234716123
Marsabit,2021-07-01,0.1709385559722015,0.1709385559722015,0.19926740012378522,0.19154511692248297,-0.017636800214852644
Marsabit,2021-08-01,0.163754560827348,0.163754560827348,0.17426361191281067,0.18798918640726145,-0.019013669115372833
Marsabit,2021-09-01,0.1638682844499925,0.1638682844499925,0.1661871337498473,0.18242409139878998,-0.012623377793473112
Marsabit,2021-10-01,0.1623737887032003,0.1623737887032003,0.16333221132684692,0.18129980572531604,-0.01909804261148404
Marsabit,2021-11-01,0.1678011894513937,0.1678011894513937,0.16468108753486213,0.1694723497238364,-0.07178822632022144
Marsabit,2021-12-01,0.1691155127102787,0.1691155127102787,0.16643016362162422,0.16630864868573578,-0.10669866137454226
Marsabit,2022-01-01,0.1806651128930227,0.1806651128930227,0.17252727168489837,0.16792974150587262,-0.04378155286842769
Marsabit,2022-02-01,0.1740241008405696,0.1740241008405696,0.17460157548129032,0.16964133150807625,-0.023096149787799808
Marsabit,2022-03-01,0.1631594625905797,0.1631594625905797,0.17261622544139069,0.16952319453150744,-0.058379143869034755
Marsabit,2022-04-01,0.1835193577082461,0.1835193577082461,0.17356764037979847,0.17304745603234842,-0.10985883717984232
Marsabit,2022-05-01,0.1977030052765406,0.1977030052765406,0.18146060852512214,0.17803109200320621,-0.10424317916015408
Marsabit,2022-06-01,0.1637282185450223,0.1637282185450223,0.18165019384326966,0.17713320964233015,-0.049677887628576306
Marsabit,2022-07-01,0.1549997990282073,0.1549997990282073,0.17214367428325672,0.1728556573315276,-0.03357555715884686
Marsabit,2022-08-01,0.1532527545495979,0.1532527545495979,0.1573269240409425,0.1693937662830323,-0.02951547539312291
Marsabit,2022-09-01,0.1506525867966756,0.1506525867966756,0.15296838012482694,0.16730928698404832,-0.02583907544679001
Marsabit,2022-10-01,0.1342796023443583,0.1342796023443583,0.14606164789687728,0.159102661090067,-0.047192228970326044
Marsabit,2022-11-01,0.1467280550322204,0.1467280550322204,0.14388674805775145,0.15060683604934696,-0.09286136073939474
Marsabit,2022-12-01,0.1577722496426333,0.1577722496426333,0.146259969006404,0.14961417456561546,-0.11804192444218764
Marsabit,2023-01-01,0.1611026375111602,0.1611026375111602,0.1552009807286713,0.1506313143127743,-0.0633440282502902
Marsabit,2023-02-01,0.1501741320307073,0.1501741320307073,0.15634967306150027,0.15011821055962585,-0.046946118597662095
Marsabit,2023-03-01,0.1684786382407287,0.1684786382407287,0.1599184692608654,0.15308921913363469,-0.053059968218885756
Marsabit,2023-04-01,0.3280337966053334,0.3280337966053334,0.21556218895892312,0.1853815848437972,0.034655601717244966
Marsabit,2023-05-01,0.336963890928262,0.336963890928262,0.2778254419247747,0.2170875574931375,0.035017706491567324
Marsabit,2023-06-01,0.2269742142851065,0.2269742142851065,0.2973239672729006,0.22862121826688306,0.013568108111507882
Marsabit,2023-07-01,0.1874513551356159,0.1874513551356159,0.25046315344966147,0.23301267120429228,-0.001124001051438256
Marsabit,2023-08-01,0.1824783091833504,0.1824783091833504,0.19896795953469093,0.23839670072973282,-0.0002899207593704267
Marsabit,2023-09-01,0.1768608704852609,0.1768608704852609,0.18226351160140908,0.23979373943715485,0.000369208241795288
Marsabit,2023-10-01,0.1897715600105644,0.1897715600105644,0.1830369132263919,0.2167500333380267,0.008299728695880054
Marsabit,2023-11-01,0.4024769223516625,0.4024769223516625,0.2563697842824959,0.22766887190859342,0.16288750658004736
Marsabit,2023-12-01,0.4348194855790936,0.4348194855790936,0.34235598931377353,0.26230975045759125,0.15900531149427266
Marsabit,2024-01-01,0.3085149792483723,0.3085149792483723,0.3819371290597095,0.28248702114305063,0.0840683134869219
Marsabit,2024-02-01,0.2412501939889704,0.2412501939889704,0.3281948862721455,0.29228233527732067,0.044129943360601
Marsabit,2024-03-01,0.2393041512074069,0.2393041512074069,0.26302310814824986,0.30268954873101167,0.017765544747792433
Marsabit,2024-04-01,0.3330949816399333,0.3330949816399333,0.2712164422787702,0.3265767856692398,0.03971678675184487
Marsabit,2024-05-01,0.4588460873134913,0.4588460873134913,0.3437484067202772,0.3359716464962113,0.15689990287679662
Marsabit,2024-06-01,0.2694316858545141,0.2694316858545141,0.3537909182693129,0.30840701320878133,0.05602557968091548
Marsabit,2024-07-01,0.234568346978695,0.234568346978695,0.3209487067155668,0.29608257449716846,0.04599299079164085
Marsabit,2024-08-01,0.2199092102959535,0.2199092102959535,0.24130308104305417,0.2925257438816657,0.03714098035323268
Marsabit,2024-09-01,0.1986802404331509,0.1986802404331509,0.2177192659025998,0.28575509208595634,0.02218857818968531
Marsabit,2024-10-01,0.1996280021562997,0.1996280021562997,0.2060724842951347,0.2635105955053508,0.01815617084161536
Marsabit,2024-11-01,0.2800088214810268,0.2800088214810268,0.22610568802349248,0.23370438453327336,0.04041940570941166
Marsabit,2024-12-01,0.2995771638432383,0.2995771638432383,0.2597379958268549,0.2387286308647274,0.02376298975841734
Marsabit,2025-01-01,0.2238607686538775,0.2238607686538775,0.2678155846593808,0.2369440344772578,-0.0005858971075728969
Marsabit,2025-02-01,0.1910906048265583,0.1910906048265583,0.23817617910789135,0.2321409335656919,-0.006029645801811118
Marsabit,2025-03-01,0.236139561905474,0.236139561905474,0.21703031179530327,0.23838415381107905,0.014600955445859543
Marsabit,2025-04-01,0.4129950565208209,0.4129950565208209,0.2800750744176177,0.27394532953849926,0.1196168616327325
Marsabit,2025-05-01,0.3548449646292743,0.3548449646292743,0.334659861018523,0.2864180200632072,0.0528987801925796
Marsabit,2025-06-01,0.2306055909735063,0.2306055909735063,0.33281520404120046,0.2749227579182519,0.017199484799907683
Marsabit,2025-07-01,0.196104468789694,0.196104468789694,0.26051834146415814,0.27029670794088795,0.007529112602639859
Marsabit,2025-08-01,0.2096211962202456,0.2096211962202456,0.21211041866114863,0.27338513983983587,0.026852966277524787
Marsabit,2025-09-01,0.2016372778367192,0.2016372778367192,0.20245431428221958,0.2676347591617101,0.025145615593253595
Marsabit,2025-10-01,0.1903568958939604,0.1903568958939604,0.20053845665030837,0.23052839905723332,0.00888506457927607
Marsabit,2025-11-01,0.1976107827748269,0.1976107827748269,0.19653498550183549,0.20432270208149206,-0.04197863299678822
Marsabit,2025-12-01,0.1980276551146334,0.1980276551146334,0.1953317779278069,0.19889304610501327,-0.07778651897018754
Marsabit,2026-01-01,0.2076700431032588,0.2076700431032588,0.201102826997573,0.20082064182394074,-0.016776622658191603
Marsabit,2026-02-01,0.1776236315907517,0.1776236315907517,0.19444044326954793,0.1954877143856917,-0.019496619037617707
Marsabit,2026-03-01,0.3481474245011338,0.3481474245011338,0.24448036639838142,0.21990607216309419,0.12660881804151933
Marsabit,2026-04-01,0.3930673797071948,0.3930673797071948,0.3062794785996934,0.25369115279863325,0.09968918481910638
Meru,2019-01-01,0.5972811782898211,0.5972811782898211,0.5972811782898211,0.5972811782898211,-0.03162874794980963
Meru,2019-02-01,0.4942161902369836,0.4942161902369836,0.5457486842634023,0.5457486842634023,-0.05443728928088942
Meru,2019-03-01,0.4514393159013398,0.4514393159013398,0.5143122281427148,0.5143122281427148,-0.09066050044351137
Meru,2019-04-01,0.4902453026730659,0.4902453026730659,0.4786336029371297,0.5082954967753026,-0.14546460580997544
Meru,2019-05-01,0.5579150047607405,0.5579150047607405,0.49986654111171536,0.5182193983723902,-0.10071755240402891
Meru,2019-06-01,0.4646797008074038,0.4646797008074038,0.5042800027470701,0.5092961154448924,-0.06661536757351799
Meru,2019-07-01,0.4675079355977695,0.4675079355977695,0.4967008803886379,0.48766724166288383,0.013219982529499852
Meru,2019-08-01,0.4084697201909955,0.4084697201909955,0.44688578553205627,0.4733761633218858,-0.05291829754060301
Meru,2019-09-01,0.4315146661935723,0.4315146661935723,0.43583077399411246,0.4700553883705913,-0.014553614158741901
Meru,2019-10-01,0.457957309946769,0.457957309946769,0.4326472321104456,0.4646740562495417,0.0028626419073165543
Meru,2019-11-01,0.6909077294388533,0.6909077294388533,0.5267932351930648,0.4868395103625606,0.07930066023495463
Meru,2019-12-01,0.7519114082048344,0.7519114082048344,0.6335921491968189,0.5347114615954657,0.06896207082993322
Meru,2020-01-01,0.6953423186908546,0.6953423186908546,0.7127204854448473,0.5726838587776465,0.0664323924512239
Meru,2020-02-01,0.6775800207502616,0.6775800207502616,0.7082779158819835,0.6175355755375241,0.12892654123238856
Meru,2020-03-01,0.6318646050537504,0.6318646050537504,0.6682623148316221,0.6509272320142205,0.08976478870889926
Meru,2020-04-01,0.6989636607345322,0.6989636607345322,0.6694694288461814,0.6910949571455145,0.06325375225149088
Meru,2020-05-01,0.7082767007556039,0.7082767007556039,0.6797016555146289,0.6939897856983062,0.049644143590834466
Meru,2020-06-01,0.5886025545776662,0.5886025545776662,0.6652809720226007,0.6667716434271115,0.05730748619674442
Meru,2020-07-01,0.5102651540223362,0.5102651540223362,0.6023814697852021,0.6359254493156917,0.05597720095406655
Meru,2020-08-01,0.4808784981378468,0.4808784981378468,0.5265820689126164,0.6031418622136225,0.01949048040624829
Meru,2020-09-01,0.4675901088051736,0.4675901088051736,0.4862445869884522,0.5757627795055266,0.02152182845285938
Meru,2020-10-01,0.5244609611815033,0.5244609611815033,0.49097652270817455,0.5466789962466884,0.0693662931420509
Meru,2020-11-01,0.6853740502770056,0.6853740502770056,0.5591417067545609,0.5428618878335886,0.07376698107310697
Meru,2020-12-01,0.6590614021315616,0.6590614021315616,0.6229654711966902,0.5546050290925711,-0.023887935243339542
Meru,2021-01-01,0.6051265956330301,0.6051265956330301,0.6498540160138657,0.5704152693610202,-0.02378333060660065
Meru,2021-02-01,0.5259516936283203,0.5259516936283203,0.596713230464304,0.5779274686094324,-0.02270178588955274
Meru,2021-03-01,0.5048486657146845,0.5048486657146845,0.5453089849920116,0.5841372280943509,-0.03725115063016671
Meru,2021-04-01,0.5010195455530574,0.5010195455530574,0.5106066349653541,0.5802303254896098,-0.13469036292998393
Meru,2021-05-01,0.6203235108516403,0.6203235108516403,0.5420639073731274,0.5693885689187157,-0.03830904631312915
Meru,2021-06-01,0.4845569601127265,0.4845569601127265,0.535300005505808,0.5403044952489098,-0.0467381082681953
Meru,2021-07-01,0.4106439693391716,0.4106439693391716,0.5051748134345128,0.5078907241999334,-0.04364398372909806
Meru,2021-08-01,0.434937465513532,0.434937465513532,0.44337946498847663,0.492721686180802,-0.02645055221806647
Meru,2021-09-01,0.3982856104823524,0.3982856104823524,0.41462234844501866,0.47496117697541335,-0.047782669869961825
Meru,2021-10-01,0.4542972211806262,0.4542972211806262,0.42917343239217015,0.4671741229133415,-0.0007974468588262118
Meru,2021-11-01,0.5192551059537129,0.5192551059537129,0.4572793125388972,0.45032938876368694,-0.09235196325018569
Meru,2021-12-01,0.6719443975086348,0.6719443975086348,0.5484989082143246,0.48156062832967167,-0.011004939866266383
Meru,2022-01-01,0.6611848810931257,0.6611848810931257,0.6174614615184911,0.5233174469553307,0.032274954853494964
Meru,2022-02-01,0.5305957107284638,0.5305957107284638,0.6212416631100747,0.539260487824486,-0.018057768789409234
Meru,2022-03-01,0.4790717550040321,0.4790717550040321,0.5569507822752072,0.552724845244766,-0.06302806134081906
Meru,2022-04-01,0.502337370087597,0.502337370087597,0.5040016119400309,0.5607315367292611,-0.13337253839544427
Meru,2022-05-01,0.5601851533677472,0.5601851533677472,0.5138647594864588,0.5675532112982667,-0.09844740379702221
Meru,2022-06-01,0.425306524297615,0.425306524297615,0.49594301591765305,0.5264468990964302,-0.10598854408330677
Meru,2022-07-01,0.4314407682291586,0.4314407682291586,0.4723108152981736,0.4881562136191023,-0.022847184839111023
Meru,2022-08-01,0.4159110751347356,0.4159110751347356,0.4242194558871697,0.46904210768681426,-0.04547694259686291
Meru,2022-09-01,0.4073388500992145,0.4073388500992145,0.4182302311543695,0.4570866235360113,-0.03872943025309972
Meru,2022-10-01,0.4310582906805292,0.4310582906805292,0.4181027386381597,0.44520677696816674,-0.024036377358923222
Meru,2022-11-01,0.4941715073711946,0.4941715073711946,0.4441895493836461,0.43420450263540794,-0.11743556183270404
Meru,2022-12-01,0.6428460635452188,0.6428460635452188,0.5226919538656475,0.4704610925100085,-0.04010327382968237
Meru,2023-01-01,0.5884484740253478,0.5884484740253478,0.5751553483139203,0.4966290434760401,-0.04046145221428288
Meru,2023-02-01,0.4774668784573644,0.4774668784573644,0.569587138675977,0.5068883440298115,-0.07118660106050861
Meru,2023-03-01,0.4420189248825586,0.4420189248825586,0.5026447591217569,0.5126683564937022,-0.10008089146229254
Meru,2023-04-01,0.7079689761190759,0.7079689761190759,0.542484926486333,0.5588201374001267,0.07225906763603462
Meru,2023-05-01,0.7018880169584031,0.7018880169584031,0.6172919726533458,0.5934395556646614,0.043255459793633655
Meru,2023-06-01,0.554755905799476,0.554755905799476,0.6548709662923183,0.5787578627070377,0.023460837418554203
Meru,2023-07-01,0.4440345547380254,0.4440345547380254,0.5668928258319681,0.5546888761591505,-0.010253398330244246
Meru,2023-08-01,0.4676019149855618,0.4676019149855618,0.4887974585076877,0.5530447155805168,0.006213897253963319
Meru,2023-09-01,0.4438690041429105,0.4438690041429105,0.45183515795549917,0.5533530621239088,-0.0021992762094037444
Meru,2023-10-01,0.3878848950168287,0.3878848950168287,0.4331186047151003,0.5000057152735342,-0.06720977302262371
Meru,2023-11-01,0.7334618952801053,0.7334618952801053,0.5217385981466147,0.5052680283271512,0.12185482607620668
Meru,2023-12-01,0.7560337643494982,0.7560337643494982,0.6257935182154774,0.5388143380854883,0.07308442697459705
Meru,2024-01-01,0.7065150939175451,0.7065150939175451,0.7320035845157161,0.5825610946154083,0.07760516767791437
Meru,2024-02-01,0.6149836561023354,0.6149836561023354,0.6925108381231261,0.6071247181348706,0.06633017658446239
Meru,2024-03-01,0.58603073598219,0.58603073598219,0.63584316200069,0.6308183401080838,0.04393091963733886
Meru,2024-04-01,0.7272299060012098,0.7272299060012098,0.6427480993619117,0.687375841938814,0.09151999751816853
Meru,2024-05-01,0.7571704557831845,0.7571704557831845,0.6901436992555281,0.6913272686893271,0.09853789861841511
Meru,2024-06-01,0.6253332724154962,0.6253332724154962,0.7032445447332968,0.6695438533669935,0.09403820403457441
Meru,2024-07-01,0.5250236721359324,0.5250236721359324,0.6358424667782042,0.6392952830700581,0.07073571906766274
Meru,2024-08-01,0.5300709971846262,0.5300709971846262,0.5601426472453516,0.6251431732504399,0.06868297945302776
Meru,2024-09-01,0.496712572004758,0.496712572004758,0.5172690804417722,0.6102568125875345,0.050644291652443774
Meru,2024-10-01,0.496020076626875,0.496020076626875,0.5076012152720863,0.5717218410251453,0.04092540858742255
Meru,2024-11-01,0.5900494613625721,0.5900494613625721,0.5275940366647349,0.5438683419550433,-0.021557607841326543
Meru,2024-12-01,0.6920884404369583,0.6920884404369583,0.592719326142135,0.5549942032919536,0.009139103062057119
Meru,2025-01-01,0.6051072675519686,0.6051072675519686,0.6290817231171663,0.5683414691946264,-0.02380265868766207
Meru,2025-02-01,0.5451063685280381,0.5451063685280381,0.6141006921723217,0.5708473644185283,-0.003547110989834956
Meru,2025-03-01,0.541382807299442,0.541382807299442,0.5638654811264828,0.578292403634309,-0.0007170090454091671
Meru,2025-04-01,0.7367697693502823,0.7367697693502823,0.6077529817259207,0.6184173524215435,0.10105986086724095
Meru,2025-05-01,0.7046690576760665,0.7046690576760665,0.6609405447752635,0.6375206184737926,0.04603650051129704
Meru,2025-06-01,0.5758305606560694,0.5758305606560694,0.6724231292274726,0.6181443051769778,0.04453549227514764
Meru,2025-07-01,0.3910996174154937,0.3910996174154937,0.5571997452492098,0.5824763634875654,-0.06318833565277593
Meru,2025-08-01,0.4918464529738915,0.4918464529738915,0.48625887701515147,0.5735997108952076,0.030458435242293025
Meru,2025-09-01,0.4771671507382184,0.4771671507382184,0.45337107370920116,0.5628971014683369,0.031098870385904198
Meru,2025-10-01,0.4339839216430355,0.4339839216430355,0.4676658417850484,0.5124327935171292,-0.021110746396416913
Meru,2025-11-01,0.5680297347438465,0.5680297347438465,0.4930602690417001,0.4896595730284259,-0.043577334460052075
Meru,2025-12-01,0.6067598854476024,0.6067598854476024,0.5362578472781614,0.49481446049368133,-0.07618945192729876
Meru,2026-01-01,0.5722736007153523,0.5722736007153523,0.5823544069689337,0.525010124376991,-0.05663632552427844
Meru,2026-02-01,0.5233273177112173,0.5233273177112173,0.5674536012913906,0.5302569351665454,-0.0253261618066557
Meru,2026-03-01,0.7001417209208123,0.7001417209208123,0.5985808797824606,0.567419363530311,0.15804190457596112
Meru,2026-04-01,0.7211447373455101,0.7211447373455101,0.6482045919925131,0.6152794994807235,0.08543482886246878
Narok,2019-01-01,0.5720923395145737,0.5720923395145737,0.5720923395145737,0.5720923395145737,-0.021402134668823236
Narok,2019-02-01,0.4898612214095521,0.4898612214095521,0.5309767804620629,0.5309767804620629,-0.10059851882057774
Narok,2019-03-01,0.4603559754217947,0.4603559754217947,0.5074365121153068,0.5074365121153068,-0.13474601921030321
Narok,2019-04-01,0.4648995478154843,0.4648995478154843,0.4717055815489437,0.4968022710403512,-0.16654877835258325
Narok,2019-05-01,0.540740909590045,0.540740909590045,0.48866547760910795,0.5055899987502899,-0.11637233809980119
Narok,2019-06-01,0.612662845778438,0.612662845778438,0.5394344343946557,0.5234354732549813,0.004896595451593488
Narok,2019-07-01,0.549467549875782,0.549467549875782,0.5676237684147549,0.5196646749818493,0.017731113233534046
Narok,2019-08-01,0.4665411634905904,0.4665411634905904,0.5428905197149367,0.5157779986620225,-0.03119589854694904
Narok,2019-09-01,0.45096487752087,0.45096487752087,0.4889911969624141,0.5142128156785349,-0.04347620564966054
Narok,2019-10-01,0.4494954724946084,0.4494954724946084,0.45566717116868966,0.5116454697917222,-0.013550127443568594
Narok,2019-11-01,0.5075837877966455,0.5075837877966455,0.4693480459373746,0.5061192828261557,0.0010387278899456343
Narok,2019-12-01,0.7023333458461837,0.7023333458461837,0.5531375353791459,0.52106436617078,0.1249464566494608
Narok,2020-01-01,0.6934639499586689,0.6934639499586689,0.6344603612004993,0.5450637661845945,0.09996947577527193
Narok,2020-02-01,0.7050287884739359,0.7050287884739359,0.7002753614262628,0.5848117036818187,0.1145690482438061
Narok,2020-03-01,0.693783210479405,0.693783210479405,0.6974253163040034,0.6252814258415746,0.09868121584730716
Narok,2020-04-01,0.6835423258923223,0.6835423258923223,0.6941181082818878,0.6642892347411936,0.05209399972425477
Narok,2020-05-01,0.6991928367643532,0.6991928367643532,0.6921727910453601,0.6962240762358115,0.04207958907450704
Narok,2020-06-01,0.6530884071743591,0.6530884071743591,0.6786078566103448,0.6880165864571741,0.045322156847514616
Narok,2020-07-01,0.5816347042302693,0.5816347042302693,0.6446386493896605,0.6693783788357742,0.049898267588021405
Narok,2020-08-01,0.5338760070660766,0.5338760070660766,0.5895330394902351,0.6408529152677976,0.036138945028537206
Narok,2020-09-01,0.5316900278592939,0.5316900278592939,0.5490669130518798,0.6138373848311124,0.03724894468876333
Narok,2020-10-01,0.490161592033097,0.490161592033097,0.5185758756528225,0.5816072625212415,0.027115992094919994
Narok,2020-11-01,0.5619843333848143,0.5619843333848143,0.5279453177590684,0.5587391786246517,0.055439273478114504
Narok,2020-12-01,0.5710261786000823,0.5710261786000823,0.5410573680059979,0.5450621405289389,-0.006360710596640562
Narok,2021-01-01,0.6124563371477691,0.6124563371477691,0.581822283044222,0.5501990793485222,0.01896186296437219
Narok,2021-02-01,0.6112094220450514,0.6112094220450514,0.5982306459309675,0.563087981845018,0.02074968181492154
Narok,2021-03-01,0.5811705833869817,0.5811705833869817,0.6016121141932674,0.5713347410996327,-0.01393141124511621
Narok,2021-04-01,0.6324956465276927,0.6324956465276927,0.6082918839865753,0.5950570835153987,0.0010473203596251812
Narok,2021-05-01,0.6606999530757053,0.6606999530757053,0.6247887276634598,0.6115096867972137,0.0035867053858591458
Narok,2021-06-01,0.5714166008735513,0.5714166008735513,0.6215374001589832,0.6115747571761253,-0.03634964945329322
Narok,2021-07-01,0.5121096701892568,0.5121096701892568,0.5814087413795045,0.5948503126830399,-0.019626766452991107
Narok,2021-08-01,0.4775921994014593,0.4775921994014593,0.5203728234880892,0.5725807755757745,-0.02014486263608012
Narok,2021-09-01,0.4595523147246376,0.4595523147246376,0.4830847281051179,0.5523110641320504,-0.03488876844589295
Narok,2021-10-01,0.4668732565061246,0.4668732565061246,0.46800592354407383,0.5247073324617891,0.0038276565679475905
Narok,2021-11-01,0.4499885891931952,0.4499885891931952,0.45880472014131907,0.4895887718147041,-0.05655647071350467
Narok,2021-12-01,0.4522466507588071,0.4522466507588071,0.4563694988193756,0.46972711346224677,-0.12514023843791577
Narok,2022-01-01,0.4560757259500341,0.4560757259500341,0.4527703219673454,0.4603881227557097,-0.13741874823336286
Narok,2022-02-01,0.6201747051924307,0.6201747051924307,0.509499027300424,0.4841518737208716,0.02971496496230086
Narok,2022-03-01,0.5829858825024361,0.5829858825024361,0.553078771214967,0.5047241350171713,-0.012116112129661794
Narok,2022-04-01,0.5531917276488203,0.5531917276488203,0.5854507717812291,0.5191105468742873,-0.07825659851924727
Narok,2022-05-01,0.6406594189249044,0.6406594189249044,0.5922790096920536,0.5508890184962388,-0.016453828764941725
Narok,2022-06-01,0.5504237816483556,0.5504237816483556,0.5814249760740268,0.5672518736444968,-0.05734246867848891
Narok,2022-07-01,0.444789255810453,0.444789255810453,0.545290818794571,0.5653707952879,-0.08694718083179492
Narok,2022-08-01,0.4537749927525548,0.4537749927525548,0.48299601007045445,0.537637509881254,-0.04396206928498464
Narok,2022-09-01,0.4778928764547706,0.4778928764547706,0.4588190416725928,0.5201220088733098,-0.01654820671575996
Narok,2022-10-01,0.3866805198144694,0.3866805198144694,0.43944946300726495,0.492370140900918,-0.07636508012370763
Narok,2022-11-01,0.439893580147019,0.439893580147019,0.4348223254720864,0.45890916777127044,-0.06665147975968083
Narok,2022-12-01,0.5009314042154827,0.5009314042154827,0.4425018347256571,0.4506604381991249,-0.07645548498124022
Narok,2023-01-01,0.5224031091051009,0.5224031091051009,0.48774269782253415,0.4635960804148996,-0.07109136507829605
Narok,2023-02-01,0.4320623237891076,0.4320623237891076,0.48513227903656375,0.459977302254325,-0.15839741644102223
Narok,2023-03-01,0.4647036355382658,0.4647036355382658,0.4730563561441581,0.4577790954349075,-0.13039835909383207
Narok,2023-04-01,0.6149886004591061,0.6149886004591061,0.5039181865954931,0.4958304422090136,-0.01645972570896148
Narok,2023-05-01,0.6628966075520808,0.6628966075520808,0.5808629478498176,0.5329976134431906,0.0057833598622346605
Narok,2023-06-01,0.5746081452350095,0.5746081452350095,0.6174977844153987,0.5452770702797785,-0.03315810509183503
Narok,2023-07-01,0.5020588480291923,0.5020588480291923,0.5798545336054275,0.5418863601004603,-0.029677588613055583
Narok,2023-08-01,0.4515962126512091,0.4515962126512091,0.5094210686384703,0.5451420082441439,-0.04614084938633034
Narok,2023-09-01,0.5162622892726825,0.5162622892726825,0.48997244998436135,0.55373511719988,0.021821206102151935
Narok,2023-10-01,0.4310823681055821,0.4310823681055821,0.4663136233431579,0.5230840784742926,-0.03196323183259492
Narok,2023-11-01,0.5370316601624405,0.5370316601624405,0.49479210584690164,0.502106587242686,0.03048660025574068
Narok,2023-12-01,0.6577109411189253,0.6577109411189253,0.541941656462316,0.5159570532233386,0.08032405192220238
Narok,2024-01-01,0.6923983320378683,0.6923983320378683,0.629046977773078,0.547680300558118,0.09890385785447131
Narok,2024-02-01,0.6892524624101695,0.6892524624101695,0.6797872451889876,0.5872896755179448,0.09879272218003965
Narok,2024-03-01,0.6759708713254639,0.6759708713254639,0.6858738885911672,0.6139077725267416,0.08086887669336595
Narok,2024-04-01,0.7081060819696023,0.7081060819696023,0.6911098052350786,0.6600783915040783,0.07665775580153478
Narok,2024-05-01,0.719825814925392,0.719825814925392,0.7013009227401527,0.6905440839645701,0.06271256723554586
Narok,2024-06-01,0.6654753042410816,0.6654753042410816,0.6978024003786919,0.6918381444849295,0.057709053914237085
Narok,2024-07-01,0.6094263202022839,0.6094263202022839,0.6649091464562525,0.6780094758456655,0.07768988356003603
Narok,2024-08-01,0.5476862390980399,0.5476862390980399,0.6075292878471351,0.654415105293644,0.049949177060500505
Narok,2024-09-01,0.5104950908839239,0.5104950908839239,0.5558692167280825,0.6268358085533873,0.016054007713393326
Narok,2024-10-01,0.5318945116794811,0.5318945116794811,0.530025280553815,0.5974672135050337,0.06884891174130409
Narok,2024-11-01,0.5264589597871856,0.5264589597871856,0.5229495207835302,0.5652394043153327,0.019913899880485753
Narok,2024-12-01,0.686175652703595,0.686175652703595,0.581509708056754,0.5686894623924182,0.10878876350687217
Narok,2025-01-01,0.6450972091078466,0.6450972091078466,0.6192439405328758,0.5746346105433454,0.05160273492444967
Narok,2025-02-01,0.6202513876604498,0.6202513876604498,0.6505080831572971,0.5867288019704137,0.029791647430320034
Narok,2025-03-01,0.6041908615876689,0.6041908615876689,0.6231798194519884,0.6023447637543712,0.009088866955570984
Narok,2025-04-01,0.6929389972632,0.6929389972632,0.6391270821704396,0.6291855113516577,0.0614906710951324
Narok,2025-05-01,0.6757771929964419,0.6757771929964419,0.6576356839491035,0.6540718835532003,0.018663945306595764
Narok,2025-06-01,0.626688667337117,0.626688667337117,0.6651349525322531,0.6441573859921207,0.01892241701027253
Narok,2025-07-01,0.5226687081584981,0.5226687081584981,0.6083781894973523,0.623752635833896,-0.009067728483749815
Narok,2025-08-01,0.5530926198028456,0.5530926198028456,0.5674833317661536,0.6125595078576286,0.05535555776530621
Narok,2025-09-01,0.5142301054775351,0.5142301054775351,0.5299971444796263,0.5975660485059396,0.019789022307004578
Narok,2025-10-01,0.4851314789338765,0.4851314789338765,0.5174847347380858,0.562931462117719,0.02208587899569947
Narok,2025-11-01,0.5228745088755985,0.5228745088755985,0.50741203109567,0.5374476814309118,0.016329448968898652
Narok,2025-12-01,0.4712840511339837,0.4712840511339837,0.49309667964781956,0.5115469120637229,-0.10610283806273918
Narok,2026-01-01,0.5539687906453137,0.5539687906453137,0.5160424502182986,0.5167635924781923,-0.03952568353808328
Narok,2026-02-01,0.5558376108603418,0.5558376108603418,0.5270301508798797,0.5172210909877749,-0.034622129369788035
Narok,2026-03-01,0.6976549368147673,0.6976549368147673,0.6024871127734742,0.5477918962106468,0.10255294218266942
Narok,2026-04-01,0.7014236817683127,0.7014236817683127,0.6516387431478073,0.583840596683053,0.06997535560024515
Nyeri,2019-01-01,0.72141002893074,0.72141002893074,0.72141002893074,0.72141002893074,-0.01388550712287795
Nyeri,2019-02-01,0.6340013191449736,0.6340013191449736,0.6777056740378569,0.6777056740378569,-0.05378099704583472
Nyeri,2019-03-01,0.6051012768192194,0.6051012768192194,0.653504208298311,0.653504208298311,-0.07385755595128973
Nyeri,2019-04-01,0.636549101395326,0.636549101395326,0.625217232453173,0.6492654315725648,-0.07905797935310999
Nyeri,2019-05-01,0.7069425217018707,0.7069425217018707,0.6495309666388053,0.660800849598426,-0.04231709788122184
Nyeri,2019-06-01,0.688366781984847,0.688366781984847,0.6772861350273479,0.6653951716628295,-0.005576449178259724
Nyeri,2019-07-01,0.7100228438887948,0.7100228438887948,0.7017773825251709,0.6634973074891719,0.07387659730089491
Nyeri,2019-08-01,0.6344673673905806,0.6344673673905806,0.6776189977547409,0.663574982196773,-0.027347415722260293
Nyeri,2019-09-01,0.6241386356439836,0.6241386356439836,0.6562096156411198,0.6667478753342339,-0.017524760100945724
Nyeri,2019-10-01,0.6364260463481078,0.6364260463481078,0.6316773497942241,0.6667273661596974,0.005884349771414055
Nyeri,2019-11-01,0.7566272514922682,0.7566272514922682,0.6723973111614532,0.675008154458097,0.02867797979529363
Nyeri,2019-12-01,0.771481062278821,0.771481062278821,0.7215114533730658,0.6888605345070927,0.015234039948005207
Nyeri,2020-01-01,0.7675619345548791,0.7675619345548791,0.7652234161086561,0.69845038295144,0.03226639850126112
Nyeri,2020-02-01,0.7676699975787242,0.7676699975787242,0.7689043314708081,0.7206508213161307,0.07988768138791591
Nyeri,2020-03-01,0.7613626461517675,0.7613626461517675,0.7655315260951236,0.7435214897340946,0.08240381338125835
Nyeri,2020-04-01,0.7570582066385138,0.7570582066385138,0.7620302834563352,0.7636268497824957,0.04145112589007782
Nyeri,2020-05-01,0.7797961004264525,0.7797961004264525,0.7660723177389114,0.7674883246048597,0.030536480843360025
Nyeri,2020-06-01,0.7562846995278907,0.7562846995278907,0.7643796688642857,0.7649555974797048,0.062341468364783936
Nyeri,2020-07-01,0.708988492270371,0.708988492270371,0.7483564307415714,0.7551933570989533,0.07284224568247111
Nyeri,2020-08-01,0.6906803571428518,0.6906803571428518,0.7186511829803711,0.7423617503596412,0.028865574030010888
Nyeri,2020-09-01,0.6720391625808813,0.6720391625808813,0.690569337331368,0.7274745030978269,0.03037576683595189
Nyeri,2020-10-01,0.652913785237201,0.652913785237201,0.6718777683203113,0.7101170995309413,0.022372088660507217
Nyeri,2020-11-01,0.759163432411391,0.759163432411391,0.6947054600764911,0.7066783215284311,0.031214160714416406
Nyeri,2020-12-01,0.7317606299097588,0.7317606299097588,0.7146126158527836,0.7025909765920758,-0.02448639242105699
Nyeri,2021-01-01,0.7259513646235648,0.7259513646235648,0.7389584756482382,0.7054181219842749,-0.009344171430053172
Nyeri,2021-02-01,0.6968323755479066,0.6968323755479066,0.7181814566937433,0.7064434583851172,0.009050059357098239
Nyeri,2021-03-01,0.6875965488952842,0.6875965488952842,0.7034600963555852,0.7090363561041845,0.008637716124775041
Nyeri,2021-04-01,0.6724442479626942,0.6724442479626942,0.6856243908019616,0.7122914332250998,-0.043162832785741734
Nyeri,2021-05-01,0.7342992050763991,0.7342992050763991,0.6981133339781258,0.7081473953359346,-0.014960414506693387
Nyeri,2021-06-01,0.6704969677951395,0.6704969677951395,0.692413473611411,0.6979367849834981,-0.02344626336796729
Nyeri,2021-07-01,0.5683230974572676,0.5683230974572676,0.6577064234429354,0.6716654071224486,-0.06782314913063225
Nyeri,2021-08-01,0.6448554690106085,0.6448554690106085,0.6278918447543386,0.6630025893662322,-0.016959314102232392
Nyeri,2021-09-01,0.5854658767223502,0.5854658767223502,0.5995481477300754,0.6459808106707432,-0.05619751902257919
Nyeri,2021-10-01,0.6379828529729189,0.6379828529729189,0.6227680662352926,0.6402372448391139,0.007441156396225113
Nyeri,2021-11-01,0.6444976810111815,0.6444976810111815,0.6226488035688168,0.6252703241615777,-0.083451590685793
Nyeri,2021-12-01,0.7666923972120258,0.7666923972120258,0.6830576437320421,0.6413028957310588,0.010445374881210001
Nyeri,2022-01-01,0.7291113880729737,0.7291113880729737,0.7134338220987271,0.6681009441670098,-0.006184147980644261
Nyeri,2022-02-01,0.6588575057717873,0.6588575057717873,0.7182204303522622,0.6704346169605396,-0.028924810419021063
Nyeri,2022-03-01,0.6346604755150981,0.6346604755150981,0.6742097897866196,0.6786337167593309,-0.04429835725541109
Nyeri,2022-04-01,0.6311962416083455,0.6311962416083455,0.6415714076317437,0.6775026148652353,-0.0844108391400904
Nyeri,2022-05-01,0.7103083023558622,0.7103083023558622,0.6587216731597686,0.6884710517560154,-0.03895131722723033
Nyeri,2022-06-01,0.6093092656900342,0.6093092656900342,0.6502712698847474,0.6622405298356835,-0.08463396547307256
Nyeri,2022-07-01,0.5418708728937888,0.5418708728937888,0.6204961469798951,0.6310337773058193,-0.0942753736941111
Nyeri,2022-08-01,0.6017865817145228,0.6017865817145228,0.5843222400994486,0.6215219566296086,-0.060028201398318104
Nyeri,2022-09-01,0.601813453656807,0.601813453656807,0.581823636088373,0.6160474529865602,-0.039849942088122314
Nyeri,2022-10-01,0.5639046487743687,0.5639046487743687,0.5891682280485662,0.6048321875142306,-0.06663704780232504
Nyeri,2022-11-01,0.6511480898157493,0.6511480898157493,0.6056220640823083,0.5949721520908785,-0.0768011818812252
Nyeri,2022-12-01,0.7264019313955487,0.7264019313955487,0.647151556661889,0.614487596375131,-0.029845090935267105
Nyeri,2023-01-01,0.7108951277154613,0.7108951277154613,0.6961483829755863,0.6426583055120764,-0.02440040833815671
Nyeri,2023-02-01,0.6206443691500354,0.6206443691500354,0.6859804760870151,0.6458012700846617,-0.06713794704077292
Nyeri,2023-03-01,0.591223538113396,0.591223538113396,0.6409210116596309,0.64403628416076,-0.08773529465711316
Nyeri,2023-04-01,0.7299851854106651,0.7299851854106651,0.6472843642246988,0.6717163736001427,0.014378104662229219
Nyeri,2023-05-01,0.7605339006060945,0.7605339006060945,0.6939142080433852,0.6899473420652001,0.011274281023001986
Nyeri,2023-06-01,0.6848599044178635,0.6848599044178635,0.7251263301448744,0.6830236709022527,-0.009083326745243259
Nyeri,2023-07-01,0.598399466015939,0.598399466015939,0.6812644236799658,0.6642743939523322,-0.0377467805719609
Nyeri,2023-08-01,0.6499650667172109,0.6499650667172109,0.6444081457170044,0.6691611768801948,-0.011849716395630039
Nyeri,2023-09-01,0.6263503222022667,0.6263503222022667,0.6249049516451388,0.6750156408950065,-0.015313073542662647
Nyeri,2023-10-01,0.6080185713502418,0.6080185713502418,0.6281113200899066,0.654687871884936,-0.022523125226451945
Nyeri,2023-11-01,0.7765866657761649,0.7765866657761649,0.6703185197762246,0.6573633327466144,0.04863739407919032
Nyeri,2023-12-01,0.7794561150725166,0.7794561150725166,0.7213537840663077,0.6731293678557234,0.0232090927417008
Nyeri,2024-01-01,0.7606749456230137,0.7606749456230137,0.7722392421572318,0.7001752811235691,0.025379409569395772
Nyeri,2024-02-01,0.7383376236226031,0.7383376236226031,0.7594895614393778,0.7149040406078012,0.050555307431794816
Nyeri,2024-03-01,0.714280785390206,0.714280785390206,0.7377644515452744,0.729559117805791,0.03532195261969684
Nyeri,2024-04-01,0.7791565732512095,0.7791565732512095,0.743924994088006,0.758082118122619,0.06354949250277353
Nyeri,2024-05-01,0.7906848988525951,0.7906848988525951,0.7613740858313368,0.7604318236353573,0.04142527926950257
Nyeri,2024-06-01,0.7378322989548584,0.7378322989548584,0.7692245903528875,0.753494520949081,0.04388906779175161
Nyeri,2024-07-01,0.7256672339138054,0.7256672339138054,0.7513948105737529,0.7476599023308795,0.08952098732590552
Nyeri,2024-08-01,0.7267054776891816,0.7267054776891816,0.730068336852615,0.745721211341976,0.06489069457634067
Nyeri,2024-09-01,0.688261797042569,0.688261797042569,0.7135448362151853,0.7413847132840364,0.04659840129763959
Nyeri,2024-10-01,0.6859660439472725,0.6859660439472725,0.7003111062263411,0.7258529584000469,0.055424347370578664
Nyeri,2024-11-01,0.743510286602092,0.743510286602092,0.7059127091973112,0.7179905230249631,0.01556101490511741
Nyeri,2024-12-01,0.7578894303614871,0.7578894303614871,0.7291219203036171,0.7213333782594012,0.001642408030671394
Nyeri,2025-01-01,0.7151013854911591,0.7151013854911591,0.7388337008182461,0.7195724035222936,-0.02019415056245888
Nyeri,2025-02-01,0.6944673825977999,0.6944673825977999,0.7224860661501488,0.7141993876737299,0.006685066406991624
Nyeri,2025-03-01,0.6809304540271083,0.6809304540271083,0.6968330740386891,0.7129774971711531,0.00197162125659911
Nyeri,2025-04-01,0.7518264030149343,0.7518264030149343,0.7090747465466141,0.7239542236824302,0.03621932226649838
Nyeri,2025-05-01,0.762252408062373,0.762252408062373,0.7316697550348051,0.727077910592477,0.012992788479280537
Nyeri,2025-06-01,0.7104526997711139,0.7104526997711139,0.7415105036161403,0.7191717888274147,0.016509468608007172
Nyeri,2025-07-01,0.599751719675333,0.599751719675333,0.69081894250294,0.6999468445247771,-0.03639452691256684
Nyeri,2025-08-01,0.68424316212493,0.68424316212493,0.6648158605237923,0.6982428077792987,0.02242837901208905
Nyeri,2025-09-01,0.6935745223656479,0.6935745223656479,0.6591898013886369,0.7003501525023887,0.051911126620718506
Nyeri,2025-10-01,0.6285799274067452,0.6285799274067452,0.6687992039657743,0.6798090732343572,-0.001961769169948613
Nyeri,2025-11-01,0.7641114947699745,0.7641114947699745,0.6954219815141226,0.6801189210189573,0.03616222307299999
Nyeri,2025-12-01,0.7600475900855527,0.7600475900855527,0.7175796707540908,0.6883847360713639,0.0038005677547369165
Nyeri,2026-01-01,0.7516581134171523,0.7516581134171523,0.7586057327575598,0.713702468361667,0.016362577363534303
Nyeri,2026-02-01,0.6914479561126367,0.6914479561126367,0.7343845532051138,0.7149032673596182,0.003665639921828334
Nyeri,2026-03-01,0.7565149372519937,0.7565149372519937,0.7332070022605942,0.7253933365073425,0.07755610448148453
Nyeri,2026-04-01,0.7666406867057989,0.7666406867057989,0.7382011933568098,0.7484034630571847,0.05103360595736295
Samburu,2019-01-01,0.3426449010757094,0.3426449010757094,0.3426449010757094,0.3426449010757094,-0.03068821373575953
Samburu,2019-02-01,0.2798778872301152,0.2798778872301152,0.3112613941529123,0.3112613941529123,-0.0467210572255356
Samburu,2019-03-01,0.2744437364765162,0.2744437364765162,0.2989888415941136,0.2989888415941136,-0.07176573770136607
Samburu,2019-04-01,0.3205121222154177,0.3205121222154177,0.29161124864068305,0.30436966174943964,-0.11863719945881745
Samburu,2019-05-01,0.3461252508289177,0.3461252508289177,0.31369370317361717,0.3127207795653352,-0.11665877218629894
Samburu,2019-06-01,0.3716335543533505,0.3716335543533505,0.34609030913256195,0.32253957536333777,0.0032005058904922556
Samburu,2019-07-01,0.3444680578168381,0.3444680578168381,0.3540756209997021,0.32284343482019257,0.01356616078150269
Samburu,2019-08-01,0.2940365038840287,0.2940365038840287,0.3367127053514058,0.3252032042625115,-0.0476742683146158
Samburu,2019-09-01,0.2990962046492975,0.2990962046492975,0.3125335887833881,0.329311948957975,-0.03517813370869732
Samburu,2019-10-01,0.3306739678175452,0.3306739678175452,0.30793555878362383,0.3310055898916629,-0.004586654750097063
Samburu,2019-11-01,0.4622331229217033,0.4622331229217033,0.3640010984628487,0.35035690190712726,0.05287652606593085
Samburu,2019-12-01,0.5734484598520483,0.5734484598520483,0.45545185019709894,0.3839927194902435,0.1396606434565823
Samburu,2020-01-01,0.5128954026207458,0.5128954026207458,0.5161923284648324,0.41206394362422816,0.13956228780927693
Samburu,2020-02-01,0.4608166587993194,0.4608166587993194,0.5157201737573711,0.43986063611011,0.13421771434366858
Samburu,2020-03-01,0.3829192433405245,0.3829192433405245,0.4522104349201966,0.4538311425586478,0.036709769162642236
Samburu,2020-04-01,0.495597844162037,0.495597844162037,0.44644458210062693,0.4813184552827297,0.056448522487801855
Samburu,2020-05-01,0.538541124661279,0.538541124661279,0.4723527373879468,0.4940364555726591,0.07575710164606236
Samburu,2020-06-01,0.4213985019281696,0.4213985019281696,0.4851791569171619,0.4686947959186792,0.05296545346531134
Samburu,2020-07-01,0.386033860286315,0.386033860286315,0.44865782895858786,0.44755120552960737,0.055131963250979577
Samburu,2020-08-01,0.3779607685755993,0.3779607685755993,0.3951310435966946,0.4337418904923207,0.03624999637695481
Samburu,2020-09-01,0.3545530964365542,0.3545530964365542,0.37284924176615614,0.429014199341659,0.02027875807855939
Samburu,2020-10-01,0.410005900291126,0.410005900291126,0.3808399217677598,0.41474887536317384,0.07474527772348372
Samburu,2020-11-01,0.4608768468904786,0.4608768468904786,0.40847861453938633,0.40180482906804044,0.051520250034706117
Samburu,2020-12-01,0.3915256582664724,0.3915256582664724,0.4208028018160257,0.3968260217910909,-0.04226215812899359
Samburu,2021-01-01,0.3396192907768508,0.3396192907768508,0.3973405986446006,0.38909026020618026,-0.03371382403461809
Samburu,2021-02-01,0.3178877752369506,0.3178877752369506,0.3496775747600913,0.3790780946497388,-0.008711169218700188
Samburu,2021-03-01,0.3174734061768383,0.3174734061768383,0.3249934907302133,0.3728981462731194,-0.028736068001044
Samburu,2021-04-01,0.3200072599581892,0.3200072599581892,0.31845614712399267,0.35789837288429666,-0.11914206171604597
Samburu,2021-05-01,0.4247444933057855,0.4247444933057855,0.35407505314693766,0.35187631395351443,-0.03803952970943114
Samburu,2021-06-01,0.3236433580594633,0.3236433580594633,0.35613170377447934,0.3405625972523463,-0.04478969040339492
Samburu,2021-07-01,0.2899756256837235,0.2899756256837235,0.34612115901632406,0.33228865307015837,-0.04092627135161192
Samburu,2021-08-01,0.2876580580388237,0.2876580580388237,0.3004256805940035,0.32725036687047054,-0.05405271415982077
Samburu,2021-09-01,0.3324212241244152,0.3324212241244152,0.30335163594898745,0.3297416698617334,-0.0018531142335795892
Samburu,2021-10-01,0.3286838847466975,0.3286838847466975,0.3162543889699788,0.33118777399315147,-0.006576737820944756
Samburu,2021-11-01,0.3141518624694743,0.3141518624694743,0.325085657113529,0.31275566885376627,-0.09520473438629817
Samburu,2021-12-01,0.3356274711370442,0.3356274711370442,0.32615440611773866,0.31475302103336306,-0.09816034525842177
Samburu,2022-01-01,0.3130673594089576,0.3130673594089576,0.3209488976718254,0.3186016433209021,-0.060265755402511334
Samburu,2022-02-01,0.2719045153300188,0.2719045153300188,0.30686644862534024,0.3159760528694346,-0.054694429125631994
Samburu,2022-03-01,0.2621254205864143,0.2621254205864143,0.28236576510846356,0.3042600856131011,-0.08408405359146798
Samburu,2022-04-01,0.3156494863045273,0.3156494863045273,0.2832264740736535,0.30208768587273943,-0.12349983536970782
Samburu,2022-05-01,0.3554116257975919,0.3554116257975919,0.31106217756284454,0.30896431309409234,-0.10737239721762476
Samburu,2022-06-01,0.2989091235227418,0.2989091235227418,0.32332341187495367,0.30284458849170864,-0.06952392494011644
Samburu,2022-07-01,0.2651626435444316,0.2651626435444316,0.30649446428825505,0.29486046918095427,-0.06573925349090382
Samburu,2022-08-01,0.2953915418190462,0.2953915418190462,0.28648776962873984,0.29877497359579214,-0.046319230379598286
Samburu,2022-09-01,0.285783462379271,0.285783462379271,0.28211254924758294,0.30271798056126825,-0.04849087597872381
Samburu,2022-10-01,0.2468916115688802,0.2468916115688802,0.27602220525573246,0.29125833477199375,-0.08836901099876207
Samburu,2022-11-01,0.2828862285703519,0.2828862285703519,0.2718537675061677,0.27917076856745376,-0.12647036828542058
Samburu,2022-12-01,0.3230608557621346,0.3230608557621346,0.28427956530045556,0.28319605727401925,-0.11072696063333137
Samburu,2023-01-01,0.3010649708119024,0.3010649708119024,0.3023373517147963,0.2891797784852644,-0.07226814399956649
Samburu,2023-02-01,0.2551105606593737,0.2551105606593737,0.29307879574447027,0.282466281625319,-0.07148838379627709
Samburu,2023-03-01,0.2523096261658463,0.2523096261658463,0.26949505254570744,0.2768873089230815,-0.09389984801203599
Samburu,2023-04-01,0.4362706080867649,0.4362706080867649,0.31456359830399494,0.30845047500939565,-0.002878713587470272
Samburu,2023-05-01,0.4458262366426086,0.4458262366426086,0.3781354902984066,0.3356071430214384,-0.01695778637260803
Samburu,2023-06-01,0.3090749446449424,0.3090749446449424,0.39705726312477196,0.33327615783523973,-0.05935810381791584
Samburu,2023-07-01,0.2892605285150215,0.2892605285150215,0.3480539032675242,0.33130875078575955,-0.041641368520313915
Samburu,2023-08-01,0.2831131762342085,0.2831131762342085,0.29381621646472417,0.3359758533815653,-0.05859759596443598
Samburu,2023-09-01,0.2837886876062896,0.2837886876062896,0.2853874641185066,0.3412223636216392,-0.05048565075170519
Samburu,2023-10-01,0.3187743964195976,0.3187743964195976,0.29522542008669855,0.3216396616771114,-0.01648622614804468
Samburu,2023-11-01,0.5159520199810873,0.5159520199810873,0.37283836800232484,0.3333272922335245,0.10659542312531484
Samburu,2023-12-01,0.5455975658958143,0.5455975658958143,0.4601079940988331,0.3727477291086698,0.11180974950034833
Samburu,2024-01-01,0.4649036269575067,0.4649036269575067,0.5088177376114694,0.402021578849084,0.09157051214603779
Samburu,2024-02-01,0.3736967781100359,0.3736967781100359,0.4613993236544523,0.4171188458283886,0.04709783365438508
Samburu,2024-03-01,0.3820568593687685,0.3820568593687685,0.4068857548121037,0.4334968744554684,0.035847385190886205
Samburu,2024-04-01,0.5603278145033572,0.5603278145033572,0.43869381732738716,0.4737557774694283,0.12117849282912208
Samburu,2024-05-01,0.6097941550783036,0.6097941550783036,0.5173929429834764,0.4893961333189644,0.14701013206308694
Samburu,2024-06-01,0.4602450066874788,0.4602450066874788,0.5434556587563798,0.47517070678424184,0.09181195822462057
Samburu,2024-07-01,0.4031124831131974,0.4031124831131974,0.49105054829299327,0.4648721828101902,0.07221058607786202
Samburu,2024-08-01,0.4456660168377891,0.4456660168377891,0.43634116887948843,0.47686705593148243,0.10395524463914463
Samburu,2024-09-01,0.3887472372903521,0.3887472372903521,0.4125085790804462,0.477982118918413,0.054472898932357294
Samburu,2024-10-01,0.3746911396936941,0.3746911396936941,0.40303479794061176,0.4470426731168025,0.039430517126051834
Samburu,2024-11-01,0.4182506394972262,0.4182506394972262,0.3938963388270908,0.4151187538532896,0.008894042641453714
Samburu,2024-12-01,0.4893377843453043,0.4893377843453043,0.4274265211787415,0.41996755012959386,0.0555499679498383
Samburu,2025-01-01,0.3726998107885609,0.3726998107885609,0.42676274487703053,0.4148987714088211,-0.00063330402290801
Samburu,2025-02-01,0.3385730139741366,0.3385730139741366,0.4002035363693339,0.3970499375982124,0.011974069518485786
Samburu,2025-03-01,0.3682099479517957,0.3682099479517957,0.35982759090483113,0.39362705604178627,0.022000473773913398
Samburu,2025-04-01,0.5445966259020976,0.5445966259020976,0.41712652927600996,0.42194463707652025,0.10544730422786242
Samburu,2025-05-01,0.5190452747920306,0.5190452747920306,0.47728394954864123,0.4387437429589876,0.0562612517768139
Samburu,2025-06-01,0.3941268500438613,0.3941268500438613,0.4859229169126631,0.4228752539087471,0.02569380158100304
Samburu,2025-07-01,0.338300080287821,0.338300080287821,0.4171574017079043,0.4171419654919571,0.007398183252485591
Samburu,2025-08-01,0.4081493400010157,0.4081493400010157,0.38019209011089933,0.42873801982977033,0.06643856780237123
Samburu,2025-09-01,0.3955304560197843,0.3955304560197843,0.38065995876954034,0.4332914378411017,0.06125611766178951
Samburu,2025-10-01,0.3371034574359551,0.3371034574359551,0.380261084485585,0.39870924309674466,0.001842834868312826
Samburu,2025-11-01,0.4111454576600854,0.4111454576600854,0.38125979037194163,0.3807259402414205,0.0017888608043129528
Samburu,2025-12-01,0.3779169195094436,0.3779169195094436,0.3753886115351614,0.3780242851523508,-0.05587089688602237
Samburu,2026-01-01,0.3397695560515179,0.3397695560515179,0.37627731107368234,0.3782691977796337,-0.03356355875995104
Samburu,2026-02-01,0.3149243663052564,0.3149243663052564,0.34420361395540594,0.3627317021636738,-0.01167457815039441
Samburu,2026-03-01,0.5301375533563544,0.5301375533563544,0.39494382523770954,0.3851662183864355,0.1839280791784721
Samburu,2026-04-01,0.5202328122614903,0.5202328122614903,0.4550982439743671,0.4156877775240247,0.08108349058725517
Taita Taveta,2019-01-01,0.3951177798592329,0.3951177798592329,0.3951177798592329,0.3951177798592329,-0.1227389056698528
Taita Taveta,2019-02-01,0.3243232198371082,0.3243232198371082,0.35972049984817056,0.35972049984817056,-0.11874600386179329
Taita Taveta,2019-03-01,0.3162974788600293,0.3162974788600293,0.3452461595187901,0.3452461595187901,-0.15153909951297773
Taita Taveta,2019-04-01,0.3396302767615278,0.3396302767615278,0.32675032515288843,0.34384218882947454,-0.16164443336734802
Taita Taveta,2019-05-01,0.4085151910110807,0.4085151910110807,0.35481431554421256,0.35677678926579576,-0.03481358214569302
Taita Taveta,2019-06-01,0.3593348785241958,0.3593348785241958,0.3691601154322681,0.3572031374755291,0.002386579997578242
Taita Taveta,2019-07-01,0.287706777970467,0.287706777970467,0.3518522825019145,0.3393013038274015,-0.023179105413690837
Taita Taveta,2019-08-01,0.2679623004830488,0.2679623004830488,0.3050013189925706,0.3299078172683916,-0.018461027248648898
Taita Taveta,2019-09-01,0.2649803433273885,0.2649803433273885,0.2735498072603015,0.3213549613462848,-0.010682520359400871
Taita Taveta,2019-10-01,0.5164690082847088,0.5164690082847088,0.3498038840317154,0.35082808326681497,0.20301895507179551
Taita Taveta,2019-11-01,0.6123806391350418,0.6123806391350418,0.4646099969157131,0.38480565795414184,0.19071432722489168
Taita Taveta,2019-12-01,0.6844416937975821,0.6844416937975821,0.6044304470724442,0.4389901271663728,0.14116291123805547
Taita Taveta,2020-01-01,0.6355841540263223,0.6355841540263223,0.6441354956529821,0.49696968984234874,0.11772746849723659
Taita Taveta,2020-02-01,0.6732291896816641,0.6732291896816641,0.6644183458351895,0.5645141713754512,0.23015996598276262
Taita Taveta,2020-03-01,0.6771777894215725,0.6771777894215725,0.6619970443765196,0.6332137457244819,0.20934121104856546
Taita Taveta,2020-04-01,0.7010447365553742,0.7010447365553742,0.6838172385528702,0.6639763671029262,0.19977002642649844
Taita Taveta,2020-05-01,0.5418835497828055,0.5418835497828055,0.6400353585865841,0.6522268522108868,0.09855477662603179
Taita Taveta,2020-06-01,0.3952836629931806,0.3952836629931806,0.54607064977712,0.60403384707682,0.03833536446656299
Taita Taveta,2020-07-01,0.3761263944362487,0.3761263944362487,0.4377645357374116,0.5607908871451409,0.06524051105209083
Taita Taveta,2020-08-01,0.3258029159080021,0.3258029159080021,0.3657376577791438,0.5028865081828638,0.03937958817630438
Taita Taveta,2020-09-01,0.3106406096134853,0.3106406096134853,0.3375233066525787,0.44179697821484937,0.03497774592669589
Taita Taveta,2020-10-01,0.3058517289782407,0.3058517289782407,0.314098418166576,0.37593147695199375,-0.007598324234672549
Taita Taveta,2020-11-01,0.5852470626031181,0.5852470626031181,0.4005798003982814,0.38315872908871257,0.16358075069296796
Taita Taveta,2020-12-01,0.5511804980334258,0.5511804980334258,0.48075976320492825,0.40914153492875344,0.007901715473899174
Taita Taveta,2021-01-01,0.5390034906866558,0.5390034906866558,0.5584770171077332,0.4362877176371546,0.02114680515757006
Taita Taveta,2021-02-01,0.4540514425445294,0.4540514425445294,0.5147451437548703,0.45766247207657584,0.010982218845627889
Taita Taveta,2021-03-01,0.3956335574511215,0.3956335574511215,0.4628961635607689,0.47182796338284855,-0.07220302092188552
Taita Taveta,2021-04-01,0.4445171286671052,0.4445171286671052,0.431400709554252,0.49493886333099263,-0.05675758146177062
Taita Taveta,2021-05-01,0.4093776938178346,0.4093776938178346,0.4165094599786871,0.4656273018667787,-0.033951079338939094
Taita Taveta,2021-06-01,0.3213495950896934,0.3213495950896934,0.39174813919154444,0.4273221513761567,-0.03559870343692417
Taita Taveta,2021-07-01,0.3057241655581843,0.3057241655581843,0.3454838181552375,0.38844226385474473,-0.005161717825973522
Taita Taveta,2021-08-01,0.2882751989638252,0.2882751989638252,0.30511631987056764,0.3608128899246274,0.0018518712321274888
Taita Taveta,2021-09-01,0.2618996234485891,0.2618996234485891,0.2852996626568662,0.3385239009242053,-0.013763240238200303
Taita Taveta,2021-10-01,0.2642359881594063,0.2642359881594063,0.2714702701906069,0.30847704417292215,-0.04921406505350695
Taita Taveta,2021-11-01,0.2670273658271514,0.2670273658271514,0.2643876591450489,0.2847519895078083,-0.15463894608299872
Taita Taveta,2021-12-01,0.5322770053937355,0.5322770053937355,0.3545134531267644,0.3199065578918153,-0.011001777165791204
Taita Taveta,2022-01-01,0.5452151873861159,0.5452151873861159,0.4481731862023343,0.35982172819647057,0.02735850185703015
Taita Taveta,2022-02-01,0.4162845797889982,0.4162845797889982,0.4979255908562832,0.3811566250006661,-0.026784643909903316
Taita Taveta,2022-03-01,0.3666603804108895,0.3666603804108895,0.4427200491953345,0.3986167511610495,-0.10117619796211752
Taita Taveta,2022-04-01,0.341518852665108,0.341518852665108,0.37482127095499856,0.41149722857866644,-0.1597558574637678
Taita Taveta,2022-05-01,0.3278681165946246,0.3278681165946246,0.34534911655687406,0.42163735370657857,-0.1154606565621491
Taita Taveta,2022-06-01,0.2875156788195366,0.2875156788195366,0.3189675493597564,0.38084379927754547,-0.06943261970708098
Taita Taveta,2022-07-01,0.2632054004206596,0.2632054004206596,0.2928630652782736,0.3338421681166361,-0.04768048296349825
Taita Taveta,2022-08-01,0.2502471959629785,0.2502471959629785,0.2669894250677249,0.30616927081229944,-0.0361761317687192
Taita Taveta,2022-09-01,0.2374459585702263,0.2374459585702263,0.25029951831795477,0.28463353383885565,-0.03821690511656309
Taita Taveta,2022-10-01,0.2240586445702305,0.2240586445702305,0.23725059970114512,0.26505683248970935,-0.08939140864268275
Taita Taveta,2022-11-01,0.2561822965836999,0.2561822965836999,0.2392289665747189,0.2531091958212219,-0.16548401532645024
Taita Taveta,2022-12-01,0.400398595660115,0.400398595660115,0.2935465122713485,0.2719230152946516,-0.14288018689941168
Taita Taveta,2023-01-01,0.3424813712268033,0.3424813712268033,0.333020754490206,0.2851356770956756,-0.17537531430228243
Taita Taveta,2023-02-01,0.280833208078352,0.280833208078352,0.34123772498842336,0.2902333457815711,-0.1622360156205495
Taita Taveta,2023-03-01,0.2558429460417183,0.2558429460417183,0.29305250844895786,0.29329951036015317,-0.2119936323312887
Taita Taveta,2023-04-01,0.3151912913820552,0.3151912913820552,0.28395581516737517,0.3084882848287906,-0.1860834187468206
Taita Taveta,2023-05-01,0.3692604083222701,0.3692604083222701,0.31343154858201455,0.32733463678521896,-0.07406836483450363
Taita Taveta,2023-06-01,0.3062042246937498,0.3062042246937498,0.33021864146602503,0.31163557495749145,-0.050744073832867775
Taita Taveta,2023-07-01,0.2521389219620111,0.2521389219620111,0.309201184992677,0.29657850008002606,-0.05874696142214675
Taita Taveta,2023-08-01,0.2438787208252865,0.2438787208252865,0.2674072891603491,0.2904194188711819,-0.04254460690641121
Taita Taveta,2023-09-01,0.257741942643594,0.257741942643594,0.25125319514363054,0.29073591830482776,-0.01792092104319537
Taita Taveta,2023-10-01,0.2645672421995932,0.2645672421995932,0.2553959685561579,0.28229857677441744,-0.04888281101332004
Taita Taveta,2023-11-01,0.5233795519246023,0.5233795519246023,0.3485629122559299,0.3079851007081395,0.10171324001445214
Taita Taveta,2023-12-01,0.6592925973261502,0.6592925973261502,0.4824131304834485,0.36683316281353956,0.11601381476662354
Taita Taveta,2024-01-01,0.6463247794060952,0.6463247794060952,0.6096656428856159,0.4325308057208869,0.12846809387700953
Taita Taveta,2024-02-01,0.5355954549742081,0.5355954549742081,0.6137376105688178,0.48115026141237377,0.09252623127530663
Taita Taveta,2024-03-01,0.5592626474496901,0.5592626474496901,0.5803942939433312,0.5314037122133898,0.0914260690766831
Taita Taveta,2024-04-01,0.6251644798552763,0.6251644798552763,0.5733408607597249,0.5915032518226703,0.12388976972640053
Taita Taveta,2024-05-01,0.5146287807903911,0.5146287807903911,0.5663519693651192,0.5900447899669685,0.07130000763361738
Taita Taveta,2024-06-01,0.3732046294604337,0.3732046294604337,0.504332630035367,0.542363461989349,0.01625633093381612
Taita Taveta,2024-07-01,0.3308776439897447,0.3308776439897447,0.4062370180801898,0.4897889394199573,0.019991760605586828
Taita Taveta,2024-08-01,0.3018303154761743,0.3018303154761743,0.3353041963087842,0.45082808283695175,0.015406987744476575
Taita Taveta,2024-09-01,0.2928477310797943,0.2928477310797943,0.30851856351523776,0.4064255967753024,0.0171848673930049
Taita Taveta,2024-10-01,0.3006649878367408,0.3006649878367408,0.2984476781309031,0.3523423481055465,-0.012785065376172466
Taita Taveta,2024-11-01,0.3280964253081129,0.3280964253081129,0.30720304807488263,0.32125362219183345,-0.09356988660203724
Taita Taveta,2024-12-01,0.5707224962717797,0.5707224962717797,0.39982796980554447,0.3541732666603911,0.02744371371225307
Taita Taveta,2025-01-01,0.5934711778540924,0.5934711778540924,0.4974300331446617,0.39793885563778236,0.07561449232500672
Taita Taveta,2025-02-01,0.5104538170040943,0.5104538170040943,0.5582158303766555,0.4327094392257691,0.06738459330519281
Taita Taveta,2025-03-01,0.4527264372937523,0.4527264372937523,0.5188838107173129,0.45935589026142876,-0.015110141079254735
Taita Taveta,2025-04-01,0.6331772019113434,0.6331772019113434,0.53211915206973,0.5147745926071958,0.1319024917824676
Taita Taveta,2025-05-01,0.5317676717784091,0.5317676717784091,0.539223770327835,0.5487198003522452,0.0884388986216354
Taita Taveta,2025-06-01,0.4557454201055331,0.4557454201055331,0.5402300979317619,0.5295569543245374,0.09879712157891551
Taita Taveta,2025-07-01,0.3604218793517897,0.3604218793517897,0.4493116570785773,0.4907154045741537,0.04953599596763186
Taita Taveta,2025-08-01,0.3269666465025683,0.3269666465025683,0.381044648653297,0.460134209490566,0.040543318770870584
Taita Taveta,2025-09-01,0.3040838371244482,0.3040838371244482,0.3304907876596021,0.4353604427956819,0.028420973437658814
Taita Taveta,2025-10-01,0.3183027724614726,0.3183027724614726,0.3164510853628297,0.3828813712207035,0.004852719248559345
Taita Taveta,2025-11-01,0.3793508419893245,0.3793508419893245,0.3339124838584151,0.3574785662558561,-0.04231546992082563
Taita Taveta,2025-12-01,0.4046385914338981,0.4046385914338981,0.36743073529489845,0.34896076147725025,-0.1386401911256286
Taita Taveta,2026-01-01,0.4456555437873676,0.4456555437873676,0.40988165907019675,0.3631663722165132,-0.0722011417417181
Taita Taveta,2026-02-01,0.3497828776822577,0.3497828776822577,0.40002567096784114,0.3669690774131282,-0.09328634601664382
Taita Taveta,2026-03-01,0.7190913900552826,0.7190913900552826,0.5048432705083026,0.4361370029016005,0.25125481168227554
Taita Taveta,2026-04-01,0.609953713233216,0.609953713233216,0.5596093269902521,0.4847454930302244,0.1086790031043402
Tana River,2019-01-01,0.297151073422096,0.297151073422096,0.297151073422096,0.297151073422096,-0.06658028818128758
Tana River,2019-02-01,0.2487369487159368,0.2487369487159368,0.2729440110690164,0.2729440110690164,-0.050667238336185666
Tana River,2019-03-01,0.2528517625082205,0.2528517625082205,0.2662465948820844,0.2662465948820844,-0.06792401670224818
Tana River,2019-04-01,0.2490213952743399,0.2490213952743399,0.2502033688328324,0.2619402949801483,-0.13855075245604223
Tana River,2019-05-01,0.2766095199479831,0.2766095199479831,0.2594942259101812,0.26487413997371523,-0.06031659532798367
Tana River,2019-06-01,0.2355997538841444,0.2355997538841444,0.25374355636882245,0.25999507562545343,-0.04461077178325851
Tana River,2019-07-01,0.2282179988696495,0.2282179988696495,0.24680909090059233,0.24850622986671236,-0.02870707723867366
Tana River,2019-08-01,0.2188902598901851,0.2188902598901851,0.227569337547993,0.24353178172908707,-0.022184334651680904
Tana River,2019-09-01,0.220984776300401,0.220984776300401,0.2226976783534119,0.23822061736111713,-0.012475819935323984
Tana River,2019-10-01,0.3041903494029142,0.3041903494029142,0.2480217951978334,0.24741544304921284,0.05289801182954057
Tana River,2019-11-01,0.493097658669854,0.493097658669854,0.33942426145772303,0.28349679950285805,0.0914320842899341
Tana River,2019-12-01,0.5401363608154925,0.5401363608154925,0.4458081229627536,0.3342529006580827,0.10356360602063369
Tana River,2020-01-01,0.486678996313226,0.486678996313226,0.5066376719328575,0.37732973356534544,0.12294763470984238
Tana River,2020-02-01,0.4215648699929262,0.4215648699929262,0.4827934090405482,0.41110883524913566,0.12216068294080373
Tana River,2020-03-01,0.3983587092490371,0.3983587092490371,0.4355341918517297,0.44067115740724166,0.07758293003856842
Tana River,2020-04-01,0.4863580139152625,0.4863580139152625,0.4354271977190753,0.4710324348259664,0.09878586618488039
Tana River,2020-05-01,0.4269562712322455,0.4269562712322455,0.43722433146551504,0.46000887025303167,0.09003015595627872
Tana River,2020-06-01,0.3199322697779014,0.3199322697779014,0.4110821849751365,0.4233081884134331,0.0397217441104985
Tana River,2020-07-01,0.3030246716041838,0.3030246716041838,0.3499710708714436,0.39269913429525943,0.046099595495860624
Tana River,2020-08-01,0.2698849595449104,0.2698849595449104,0.29761396697566517,0.3674191492205901,0.028810365003044375
Tana River,2020-09-01,0.2639297805632739,0.2639297805632739,0.2789464705707893,0.3450143277729629,0.030469184327548887
Tana River,2020-10-01,0.3065663817551695,0.3065663817551695,0.2801270406211179,0.3150490557462808,0.05527404418179588
Tana River,2020-11-01,0.5267096476103262,0.5267096476103262,0.36573526997625644,0.33167461847596086,0.12504407323040634
Tana River,2020-12-01,0.4048931993574596,0.4048931993574596,0.41272307624098503,0.34583477340588714,-0.031679555437399254
Tana River,2021-01-01,0.3158950835742248,0.3158950835742248,0.41583264351400356,0.3479798420675608,-0.047836278029158796
Tana River,2021-02-01,0.2867433694036981,0.2867433694036981,0.3358438841117941,0.3507895770440253,-0.01266081764842436
Tana River,2021-03-01,0.2574054087357267,0.2574054087357267,0.28668128723788316,0.3497021817394341,-0.06337037047474198
Tana River,2021-04-01,0.2846735510772273,0.2846735510772273,0.27627410973888394,0.34605337662644375,-0.10289859665315482
Tana River,2021-05-01,0.2854283463464978,0.2854283463464978,0.2758357687198172,0.3058398264158057,-0.051497768929469
Tana River,2021-06-01,0.2555333126550702,0.2555333126550702,0.2752117366929317,0.2809465119654075,-0.02467721301233272
Tana River,2021-07-01,0.2402152282257946,0.2402152282257946,0.2603922957424541,0.26833320274066913,-0.01670984788252855
Tana River,2021-08-01,0.2355912039372162,0.2355912039372162,0.24377991493936024,0.25980784182958877,-0.005483390604649807
Tana River,2021-09-01,0.2214767652751088,0.2214767652751088,0.23242773247937312,0.2538197345861525,-0.011983830960616199
Tana River,2021-10-01,0.2200407554935149,0.2200407554935149,0.22570290823527986,0.24304760198886707,-0.0312515820798587
Tana River,2021-11-01,0.2310637901736754,0.2310637901736754,0.22419377031409962,0.23398684262673,-0.1706017842062445
Tana River,2021-12-01,0.4575151916845903,0.4575151916845903,0.30287324578392677,0.26765048913165007,0.020942436889731464
Tana River,2022-01-01,0.4517965647167057,0.4517965647167057,0.3801251821916571,0.3029140452134686,0.08806520311332211
Tana River,2022-02-01,0.3135620665533501,0.3135620665533501,0.4076246076515487,0.3159091889828242,0.014157879501227655
Tana River,2022-03-01,0.2729844571267375,0.2729844571267375,0.3461143627989311,0.324493804291429,-0.04779132208373116
Tana River,2022-04-01,0.2806053928818007,0.2806053928818007,0.2890506388539627,0.33458791052280995,-0.10696675484858142
Tana River,2022-05-01,0.2672302795441929,0.2672302795441929,0.2736067098509103,0.3406156587512295,-0.0696958357317739
Tana River,2022-06-01,0.2459117999186671,0.2459117999186671,0.2645824907815535,0.3053484267902423,-0.0342987257487358
Tana River,2022-07-01,0.2412323356619139,0.2412323356619139,0.25145813837492453,0.2702543886144437,-0.015692740446409253
Tana River,2022-08-01,0.2264387210888364,0.2264387210888364,0.23786095222313905,0.25573383103702474,-0.014635873453029608
Tana River,2022-09-01,0.2135381680488001,0.2135381680488001,0.22706974159985008,0.24582611619070185,-0.019922428186924884
Tana River,2022-10-01,0.2189132463035121,0.2189132463035121,0.21963004514704945,0.2355440917609871,-0.03237909126986149
Tana River,2022-11-01,0.2893767904296749,0.2893767904296749,0.2406094015939956,0.23923517690856744,-0.112288783950245
Tana River,2022-12-01,0.3641339392381051,0.3641339392381051,0.29080799199043067,0.25893886679514044,-0.07243881555675374
Tana River,2023-01-01,0.2919737378986149,0.2919737378986149,0.3151614891887982,0.2673957671679239,-0.07175762370476868
Tana River,2023-02-01,0.2470457380081795,0.2470457380081795,0.30105113838163305,0.27083026998781445,-0.05235844904394296
Tana River,2023-03-01,0.2489733199520789,0.2489733199520789,0.262664265286291,0.2767361286383609,-0.0718024592583898
Tana River,2023-04-01,0.4074866405749138,0.4074866405749138,0.30116856617839066,0.3081650276835945,0.019914492844531673
Tana River,2023-05-01,0.3119488979947055,0.3119488979947055,0.322802952840566,0.3119270456110996,-0.024977217281261288
Tana River,2023-06-01,0.2693879622798441,0.2693879622798441,0.32960783361648777,0.29613604945138944,-0.010822563387558826
Tana River,2023-07-01,0.2352097845295283,0.2352097845295283,0.2721822149346926,0.2866753905565416,-0.02171529157879487
Tana River,2023-08-01,0.2230782817340171,0.2230782817340171,0.24255867618112978,0.2826808145108479,-0.017996312807848913
Tana River,2023-09-01,0.2197909256785037,0.2197909256785037,0.22602633064734964,0.27781708213191875,-0.013669670557221292
Tana River,2023-10-01,0.2353778936066547,0.2353778936066547,0.22608236700639175,0.24913229097054224,-0.0159144439667189
Tana River,2023-11-01,0.5114725933347275,0.5114725933347275,0.32221380420662854,0.2823862401938792,0.1098070189548076
Tana River,2023-12-01,0.5040855465111924,0.5040855465111924,0.4169786778175248,0.32150250423243726,0.06751279171633356
Tana River,2024-01-01,0.4428368650715586,0.4428368650715586,0.4861316683058261,0.356107017656109,0.07910550346817502
Tana River,2024-02-01,0.3435093525114013,0.3435093525114013,0.43014392136471735,0.37617886278567303,0.04410516545927884
Tana River,2024-03-01,0.3303774218832974,0.3303774218832974,0.3722412131554191,0.394609945486472,0.009601642672828703
Tana River,2024-04-01,0.4636481594026821,0.4636481594026821,0.37917831126579354,0.4326549897858099,0.07607601167229999
Tana River,2024-05-01,0.416010061392718,0.416010061392718,0.40334521422623243,0.4167445677954749,0.07908394611675124
Tana River,2024-06-01,0.3240803368979654,0.3240803368979654,0.40124618589778843,0.3867436995266038,0.043869811230562494
Tana River,2024-07-01,0.2818008278796581,0.2818008278796581,0.3406304087234471,0.3599043599946204,0.024875751771334942
Tana River,2024-08-01,0.2660550905802042,0.2660550905802042,0.29064541845260916,0.3469953163394209,0.024980496038338212
Tana River,2024-09-01,0.2426402084463207,0.2426402084463207,0.2634987089687276,0.33237244743325806,0.009179612210595711
Tana River,2024-10-01,0.2381050470515354,0.2381050470515354,0.24893344869268672,0.29478192870806696,-0.013187290521838202
Tana River,2024-11-01,0.429568092166241,0.429568092166241,0.30343778255469894,0.29704160050365414,0.02790251778632108
Tana River,2024-12-01,0.4329019992682618,0.4329019992682618,0.36685837949534594,0.3151785442320369,-0.0036707555265970693
Tana River,2025-01-01,0.3386560896412008,0.3386560896412008,0.40037539369190117,0.324654421192294,-0.025075271962182788
Tana River,2025-02-01,0.2808940615908759,0.2808940615908759,0.3508173835001127,0.3271275830274059,-0.018510125461246585
Tana River,2025-03-01,0.3371994648910386,0.3371994648910386,0.31891653870770503,0.34288745910152557,0.0164236856805699
Tana River,2025-04-01,0.4575124939703313,0.4575124939703313,0.3585353401507485,0.3794553669213249,0.06994034623994916
Tana River,2025-05-01,0.3742994304734249,0.3742994304734249,0.38967046311159814,0.3702439233058555,0.037373315197458123
Tana River,2025-06-01,0.3110282442582279,0.3110282442582279,0.3809467229006613,0.34993163080418327,0.030817718590824994
Tana River,2025-07-01,0.2687746859875339,0.2687746859875339,0.3180341202397288,0.33828473019523875,0.011849609879210743
Tana River,2025-08-01,0.2475836450176927,0.2475836450176927,0.27579552508781807,0.3327329940997082,0.0065090504758267
Tana River,2025-09-01,0.2518635493376668,0.2518635493376668,0.2560739601142978,0.31851034150747953,0.018402953101941816
Tana River,2025-10-01,0.2358526894003145,0.2358526894003145,0.24509996125189126,0.2815670407458101,-0.015439648173059095
Tana River,2025-11-01,0.3303704482749401,0.3303704482749401,0.2726955623376404,0.2742455437127293,-0.07129512610497979
Tana River,2025-12-01,0.35234304668891,0.35234304668891,0.30618872812138814,0.28113134411784296,-0.08422970810594888
Tana River,2026-01-01,0.2848624821894419,0.2848624821894419,0.3225253257177639,0.28381264348482765,-0.07886887941394172
Tana River,2026-02-01,0.2531770896406119,0.2531770896406119,0.29679420617298785,0.28474488425531425,-0.04622709741151054
Tana River,2026-03-01,0.4680556893376127,0.4680556893376127,0.3353650870558888,0.3207769075886385,0.14727991012714403
Tana River,2026-04-01,0.4712715347464994,0.4712715347464994,0.39750143790824133,0.3600133818130027,0.08369938701611729
Tharaka Nithi,2019-01-01,0.4863570052996507,0.4863570052996507,0.4863570052996507,0.4863570052996507,-0.05311233607604732
Tharaka Nithi,2019-02-01,0.3645204491750135,0.3645204491750135,0.4254387272373321,0.4254387272373321,-0.05331203234366255
Tharaka Nithi,2019-03-01,0.3094317387701197,0.3094317387701197,0.3867697310815947,0.3867697310815947,-0.11214279555887685
Tharaka Nithi,2019-04-01,0.3868774610146845,0.3868774610146845,0.3536098829866059,0.3867966635648671,-0.19872919608026013
Tharaka Nithi,2019-05-01,0.4999950991593224,0.4999950991593224,0.3987680996480422,0.4094363506837581,-0.1100671307480251
Tharaka Nithi,2019-06-01,0.3718218961270487,0.3718218961270487,0.4195648187670185,0.40316727492430654,-0.08014151803474373
Tharaka Nithi,2019-07-01,0.3060465099344197,0.3060465099344197,0.39262116840693023,0.37311552569676804,-0.05690728152839597
Tharaka Nithi,2019-08-01,0.2747129310624079,0.2747129310624079,0.31752711237462544,0.3581476060113338,-0.05428080728596929
Tharaka Nithi,2019-09-01,0.2731450795738279,0.2731450795738279,0.2846348401902185,0.35209982947861845,-0.0317172911998318
Tharaka Nithi,2019-10-01,0.39889661169648,0.39889661169648,0.3155848741109053,0.3541030212589178,0.04842132250553294
Tharaka Nithi,2019-11-01,0.6231405109648623,0.6231405109648623,0.4317274007450567,0.374627256559841,0.1037320471020663
Tharaka Nithi,2019-12-01,0.6972245305972486,0.6972245305972486,0.5730872177528636,0.4288610289715411,0.0693650842135074
Tharaka Nithi,2020-01-01,0.6499367314254275,0.6499367314254275,0.6567672576625129,0.4861760658867091,0.1104673900497295
Tharaka Nithi,2020-02-01,0.6183303316458547,0.6183303316458547,0.6551638645561769,0.5434456326506168,0.2004978501271787
Tharaka Nithi,2020-03-01,0.5454990154235968,0.5454990154235968,0.6045886928316263,0.588837955292245,0.12392448109460025
Tharaka Nithi,2020-04-01,0.6045131612261935,0.6045131612261935,0.5894475027652151,0.6231073802138639,0.018906504131248836
Tharaka Nithi,2020-05-01,0.6194841944406725,0.6194841944406725,0.5898321236968209,0.622497994126499,0.009421964533325
Tharaka Nithi,2020-06-01,0.4666619195203724,0.4666619195203724,0.5635530917290795,0.5840708922803529,0.014698505358579972
Tharaka Nithi,2020-07-01,0.3903615346121493,0.3903615346121493,0.4921692161910647,0.5408083594781399,0.02740774314933364
Tharaka Nithi,2020-08-01,0.33119770385161,0.33119770385161,0.3960737193280439,0.49295292151243236,0.0022039655032328187
Tharaka Nithi,2020-09-01,0.3139254444387227,0.3139254444387227,0.345161560967494,0.45435732634828674,0.009063073665063037
Tharaka Nithi,2020-10-01,0.4280843974107352,0.4280843974107352,0.3577358485670226,0.4249525323790437,0.07760910821978811
Tharaka Nithi,2020-11-01,0.5917986051797346,0.5917986051797346,0.4446028156763975,0.4203382675022207,0.07239014131693855
Tharaka Nithi,2020-12-01,0.5951677109180536,0.5951677109180536,0.5383502378361745,0.44175589940183424,-0.0326917354656876
Tharaka Nithi,2021-01-01,0.5285560305057598,0.5285560305057598,0.5718407822011827,0.46478831538410265,-0.010913310869938186
Tharaka Nithi,2021-02-01,0.3812580616063337,0.3812580616063337,0.5016606010100491,0.4731317083432233,-0.03657441991234234
Tharaka Nithi,2021-03-01,0.3525921808245245,0.3525921808245245,0.4208020909788727,0.47957616440752354,-0.06898235350447207
Tharaka Nithi,2021-04-01,0.5618527110234266,0.5618527110234266,0.4319009844847616,0.5018708833429721,-0.02375394607151804
Tharaka Nithi,2021-05-01,0.6377988967303946,0.6377988967303946,0.5174145961927819,0.5095375986014155,0.027736666823047096
Tharaka Nithi,2021-06-01,0.4277479005094595,0.4277479005094595,0.5424665027544269,0.48163429686664977,-0.024215513652332932
Tharaka Nithi,2021-07-01,0.3535833135849435,0.3535833135849435,0.47304337027493254,0.452472177379847,-0.009370477877872152
Tharaka Nithi,2021-08-01,0.3013746079803749,0.3013746079803749,0.3609019406915926,0.43915826844218725,-0.027619130368002287
Tharaka Nithi,2021-09-01,0.2765351317373125,0.2765351317373125,0.3104976844342103,0.42648209359431855,-0.028327239036347207
Tharaka Nithi,2021-10-01,0.3519451471371559,0.3519451471371559,0.30995162895161443,0.39149749961327346,0.0014698579462088524
Tharaka Nithi,2021-11-01,0.4006881734017271,0.4006881734017271,0.3430561507587318,0.3519790457251622,-0.11872029046106897
Tharaka Nithi,2021-12-01,0.7188196742958861,0.7188196742958861,0.4904843316115897,0.4004910080229,0.09096022791214486
Tharaka Nithi,2022-01-01,0.6255748563245375,0.6255748563245375,0.5816942346740502,0.4458229318128324,0.08610551494883945
Tharaka Nithi,2022-02-01,0.4455350362673324,0.4455350362673324,0.5966431889625853,0.4698496698606586,0.02770255474865635
Tharaka Nithi,2022-03-01,0.3879798511411163,0.3879798511411163,0.4863632479109954,0.4884237897612926,-0.033594683187880225
Tharaka Nithi,2022-04-01,0.5216631213673649,0.5216631213673649,0.4517260029252712,0.5167101187996607,-0.06394353572757971
Tharaka Nithi,2022-05-01,0.5468565965296714,0.5468565965296714,0.48549985634605086,0.5410715226543181,-0.06320563337767604
Tharaka Nithi,2022-06-01,0.3937022560656085,0.3937022560656085,0.48740732465421494,0.48688528628260513,-0.05826115809618393
Tharaka Nithi,2022-07-01,0.3598570548573107,0.3598570548573107,0.4334719691508635,0.4425989860380673,-0.0030967366055049683
Tharaka Nithi,2022-08-01,0.308799325083808,0.308799325083808,0.3541195453355757,0.4198097008408133,-0.020194413264569222
Tharaka Nithi,2022-09-01,0.2856347737114871,0.2856347737114871,0.31809705121753523,0.4027521879358751,-0.019227597062172586
Tharaka Nithi,2022-10-01,0.2666186497659729,0.2666186497659729,0.287017582853756,0.36024477600230975,-0.08385663942497418
Tharaka Nithi,2022-11-01,0.3519718765729744,0.3519718765729744,0.30140843335014483,0.3277639893428603,-0.16743658728982164
Tharaka Nithi,2022-12-01,0.6031010846827857,0.6031010846827857,0.4072305370072444,0.3626637941123898,-0.024758361700955578
Tharaka Nithi,2023-01-01,0.5009909683565938,0.5009909683565938,0.48535464320411803,0.38618611302893696,-0.03847837301910417
Tharaka Nithi,2023-02-01,0.3480041626755443,0.3480041626755443,0.4840320719049746,0.3927202526275597,-0.06982831884313173
Tharaka Nithi,2023-03-01,0.3108961350030102,0.3108961350030102,0.3866304220117161,0.3969304795094802,-0.11067839932598633
Tharaka Nithi,2023-04-01,0.6224148977578841,0.6224148977578841,0.4271050651454795,0.4562298541747987,0.03680824066293942
Tharaka Nithi,2023-05-01,0.6353868835528238,0.6353868835528238,0.522899305437906,0.5034656886714403,0.025324653645476314
Tharaka Nithi,2023-06-01,0.4653757811986025,0.4653757811986025,0.5743925208364368,0.4805114714240764,0.013412367036810091
Tharaka Nithi,2023-07-01,0.3656571856680949,0.3656571856680949,0.48880661680650705,0.45795584097599323,0.0027033942052792637
Tharaka Nithi,2023-08-01,0.3293633267555879,0.3293633267555879,0.3867987645407618,0.4548490349893339,0.00036958840721068587
Tharaka Nithi,2023-09-01,0.310618017515686,0.310618017515686,0.3352128433131229,0.45480268207477986,0.005755646742026332
Tharaka Nithi,2023-10-01,0.349769867007044,0.349769867007044,0.329917070426106,0.4093618436163065,-0.0007054221839030705
Tharaka Nithi,2023-11-01,0.6208121655225142,0.6208121655225142,0.4270666833484147,0.4069327239445883,0.10140370165971813
Tharaka Nithi,2023-12-01,0.6617059220025161,0.6617059220025161,0.5440959848440247,0.4396544140785738,0.03384647561877485
Tharaka Nithi,2024-01-01,0.6021447506757536,0.6021447506757536,0.628220946066928,0.47906900824651694,0.06267540930005555
Tharaka Nithi,2024-02-01,0.4487301667359075,0.4487301667359075,0.5708602798047256,0.4989634815765702,0.030897685217231463
Tharaka Nithi,2024-03-01,0.4504915189846323,0.4504915189846323,0.5004554787987644,0.5222757318213946,0.028916984655635747
Tharaka Nithi,2024-04-01,0.6079999014149364,0.6079999014149364,0.5024071957118253,0.5653140708893766,0.02239324431999179
Tharaka Nithi,2024-05-01,0.6828195125523436,0.6828195125523436,0.5804369776506374,0.5756486287276816,0.07275728264499615
Tharaka Nithi,2024-06-01,0.5407076442149457,0.5407076442149457,0.6105090193940752,0.5554822490964199,0.08874423005315324
Tharaka Nithi,2024-07-01,0.4536085244535238,0.4536085244535238,0.5590452270736044,0.5307262113927148,0.09065473299070814
Tharaka Nithi,2024-08-01,0.3930647557186562,0.3930647557186562,0.4624603081290419,0.5214486428898396,0.06407101737027898
Tharaka Nithi,2024-09-01,0.3408825967115919,0.3408825967115919,0.3958519589612573,0.5031804891776662,0.03602022593793219
Tharaka Nithi,2024-10-01,0.3414240528903843,0.3414240528903843,0.3584571351068775,0.45875118109024093,-0.00905123630056276
Tharaka Nithi,2024-11-01,0.5765094546215753,0.5765094546215753,0.41960536807451715,0.44103283810177957,0.05710099075877928
Tharaka Nithi,2024-12-01,0.627362975274085,0.627362975274085,0.5150988275953482,0.4554753932783027,-0.0004964711096562269
Tharaka Nithi,2025-01-01,0.5060792994193144,0.5060792994193144,0.5699839097716582,0.46422052243926787,-0.03339004195638362
Tharaka Nithi,2025-02-01,0.393078557920838,0.393078557920838,0.508840277538079,0.4642228228062982,-0.024753923597838012
Tharaka Nithi,2025-03-01,0.3669377848123585,0.3669377848123585,0.4220318807175036,0.46856535415642586,-0.05463674951663805
Tharaka Nithi,2025-04-01,0.6806726895402695,0.6806726895402695,0.4802296774244887,0.5251067935980734,0.09506603244532486
Tharaka Nithi,2025-05-01,0.6480944263862043,0.6480944263862043,0.5652349669129441,0.5370376222255117,0.038032196478856806
Tharaka Nithi,2025-06-01,0.4977265014965094,0.4977265014965094,0.608831205807661,0.5154315432625823,0.045763087334716956
Tharaka Nithi,2025-07-01,0.3115624171292674,0.3115624171292674,0.48579444833732693,0.48301206288090787,-0.051391374333548234
Tharaka Nithi,2025-08-01,0.3644435179861954,0.3644435179861954,0.39124414553732406,0.4782395562251341,0.0354497796378182
Tharaka Nithi,2025-09-01,0.3332955517269895,0.3332955517269895,0.33643382894748414,0.47263251737757256,0.028433180953329806
Tharaka Nithi,2025-10-01,0.3165882984288573,0.3165882984288573,0.338109122714014,0.4119517855256705,-0.033886990762089786
Tharaka Nithi,2025-11-01,0.4709384607761845,0.4709384607761845,0.3736074369773437,0.3824257912573339,-0.048470003086611535
Tharaka Nithi,2025-12-01,0.4916342269156137,0.4916342269156137,0.4263869953735518,0.38141041216051796,-0.13622521946812755
Tharaka Nithi,2026-01-01,0.4161150889985468,0.4161150889985468,0.459562592230115,0.3988358574720645,-0.1233542523771512
Tharaka Nithi,2026-02-01,0.3432030861225843,0.3432030861225843,0.4169841340122482,0.39529578549479605,-0.0746293953960917
Tharaka Nithi,2026-03-01,0.648768049672614,0.648768049672614,0.4693620749312483,0.4478745351524001,0.22719351534361748
Tharaka Nithi,2026-04-01,0.6988593134147975,0.6988593134147975,0.5636101497366652,0.5115863709833902,0.11325265631985282
Turkana,2019-01-01,0.2054604403183591,0.2054604403183591,0.2054604403183591,0.2054604403183591,-0.022878847437463767
Turkana,2019-02-01,0.1827683937459109,0.1827683937459109,0.194114417032135,0.194114417032135,-0.030830090226868695
Turkana,2019-03-01,0.1840815723922882,0.1840815723922882,0.19077013548551938,0.19077013548551938,-0.048089361027403466
Turkana,2019-04-01,0.1945681387030608,0.1945681387030608,0.18713936828041997,0.19171963628990474,-0.08607397563376543
Turkana,2019-05-01,0.2229868136150067,0.2229868136150067,0.2005455082367852,0.19797307175492512,-0.09707728550583719
Turkana,2019-06-01,0.2817235471029254,0.2817235471029254,0.233092833140331,0.2119314843129252,0.0068962429560607275
Turkana,2019-07-01,0.2667768304145713,0.2667768304145713,0.2571623970441678,0.22215088266229388,0.005324988436468392
Turkana,2019-08-01,0.243982212345929,0.243982212345929,0.2641608632878086,0.23235318576229688,-0.034674502260846424
Turkana,2019-09-01,0.2335799029341385,0.2335799029341385,0.24811298189821293,0.24060290751927194,-0.029833395986992417
Turkana,2019-10-01,0.2405021892236454,0.2405021892236454,0.23935476816790432,0.24825858260603606,-0.017578499492292732
Turkana,2019-11-01,0.3195126227781964,0.3195126227781964,0.26453157164532676,0.26434621746656767,0.04815206201993816
Turkana,2019-12-01,0.3531251022618349,0.3531251022618349,0.3043799714212256,0.27624647665971924,0.08646685610353694
Turkana,2020-01-01,0.2871458975620553,0.2871458975620553,0.3199278742006955,0.2796413211842999,0.058806609806232396
Turkana,2020-02-01,0.3219093069922344,0.3219093069922344,0.32072676893870816,0.2926291702920175,0.10831082301945483
Turkana,2020-03-01,0.2960418333071228,0.2960418333071228,0.30169901262047083,0.3030394920208482,0.06387089988743114
Turkana,2020-04-01,0.3038363399309449,0.3038363399309449,0.3072624934101007,0.31359518380539814,0.023194225594118656
Turkana,2020-05-01,0.3513174107132309,0.3513174107132309,0.31706519465043287,0.3188959817945705,0.031253311592387034
Turkana,2020-06-01,0.3027448172911257,0.3027448172911257,0.3192995226451005,0.3104992676327857,0.027917513144260997
Turkana,2020-07-01,0.3210062738923402,0.3210062738923402,0.32502283396556564,0.31614266368783317,0.059554431914237316
Turkana,2020-08-01,0.3429831398378075,0.3429831398378075,0.3222447436737578,0.3196549691620953,0.06432642523103205
Turkana,2020-09-01,0.2914840305982557,0.2914840305982557,0.3184911481094678,0.31889533537728415,0.02807073167712476
Turkana,2020-10-01,0.3085227598820446,0.3085227598820446,0.3143299767727026,0.3196764053691341,0.05044207116610644
Turkana,2020-11-01,0.3146997163586585,0.3146997163586585,0.3049021689463196,0.3135734563100387,0.04333915560040025
Turkana,2020-12-01,0.2780684552064632,0.2780684552064632,0.3004303104823887,0.30946072929592827,0.011410209048165254
Turkana,2021-01-01,0.2345375366136563,0.2345375366136563,0.275768569392926,0.2950492730828143,0.006198248857833433
Turkana,2021-02-01,0.2104053780955747,0.2104053780955747,0.24100378997189809,0.27295297945910885,-0.0031931058772048937
Turkana,2021-03-01,0.1985505521641012,0.1985505521641012,0.21449782229111072,0.25746406638674973,-0.03362038125559047
Turkana,2021-04-01,0.2106302613436675,0.2106302613436675,0.20652873053444779,0.2411486499636869,-0.07001185299315874
Turkana,2021-05-01,0.3364423026541251,0.3364423026541251,0.24854103872063127,0.2447724143462647,0.016378203533281233
Turkana,2021-06-01,0.2640513950640872,0.2640513950640872,0.2703746530206266,0.24243623765586866,-0.01077590908277748
Turkana,2021-07-01,0.2541564115563898,0.2541564115563898,0.2848833697582007,0.24570605014632427,-0.0072954304217131005
Turkana,2021-08-01,0.2322156251665697,0.2322156251665697,0.2501411439290156,0.24934109132482343,-0.046441089440205724
Turkana,2021-09-01,0.2656240177993055,0.2656240177993055,0.2506653515074217,0.2605200022640241,0.002210718878174589
Turkana,2021-10-01,0.2592302392746023,0.2592302392746023,0.2523566274134925,0.2686199985858466,0.0011495505586641697
Turkana,2021-11-01,0.2275056578729628,0.2275056578729628,0.25078663831562353,0.25046389112231954,-0.04385490288529545
Turkana,2021-12-01,0.2010064233319522,0.2010064233319522,0.22924744015983908,0.23995639583363038,-0.06565182282634577
Turkana,2022-01-01,0.2051294232873221,0.2051294232873221,0.21121383483074566,0.2317852311221191,-0.02320986446850079
Turkana,2022-02-01,0.1942677381586634,0.1942677381586634,0.20013452825931255,0.22546058328746807,-0.019330745814116174
Turkana,2022-03-01,0.1803217863029257,0.1803217863029257,0.19323964924963702,0.21124354470473808,-0.05184914711676597
Turkana,2022-04-01,0.244139223102787,0.244139223102787,0.206242915854792,0.2087283753427689,-0.03650289123403924
Turkana,2022-05-01,0.2875050387906058,0.2875050387906058,0.23732201606543948,0.21872827216237603,-0.03255906033023809
Turkana,2022-06-01,0.2483050094161673,0.2483050094161673,0.25998309043652,0.2266113698430785,-0.026522294730697393
Turkana,2022-07-01,0.2267532490756273,0.2267532490756273,0.2541877657608001,0.23021534080779607,-0.034698592902475595
Turkana,2022-08-01,0.2572387894235467,0.2572387894235467,0.24409901597178044,0.24071051601860996,-0.021417925183228714
Turkana,2022-09-01,0.2409943254000657,0.2409943254000657,0.2416621212997466,0.2508226058681333,-0.0224189735210652
Turkana,2022-10-01,0.1869462869889886,0.1869462869889886,0.2283931339375337,0.2412904498491669,-0.07113440172694954
Turkana,2022-11-01,0.186811532812114,0.186811532812114,0.20491738173372276,0.2245081988527516,-0.08454902794614427
Turkana,2022-12-01,0.1974163042277085,0.1974163042277085,0.19039137467627035,0.2160267479880085,-0.06924194193058947
Turkana,2023-01-01,0.1878598447733627,0.1878598447733627,0.19069589393772837,0.20954451393763104,-0.04047944298246017
Turkana,2023-02-01,0.1725840078091599,0.1725840078091599,0.18595338560341038,0.19543538366856653,-0.041014476163619695
Turkana,2023-03-01,0.185756647645877,0.185756647645877,0.18206683340946653,0.18622910404286844,-0.04641428577381468
Turkana,2023-04-01,0.2905655170452675,0.2905655170452675,0.21630205750010148,0.20349897571891493,0.009923402708441276
Turkana,2023-05-01,0.3169115470600637,0.3169115470600637,0.2644112372504027,0.22518231142690656,-0.0031525520607801893
Turkana,2023-06-01,0.2446495841828415,0.2446495841828415,0.28404221609605756,0.23305452475276203,-0.030177719964023186
Turkana,2023-07-01,0.218404013464613,0.218404013464613,0.25998838156917276,0.23814521953463708,-0.0430478285134899
Turkana,2023-08-01,0.2115943976031511,0.2115943976031511,0.2248826650835352,0.24464695116696897,-0.06706231700362433
Turkana,2023-09-01,0.2123540475795456,0.2123540475795456,0.2141174862157699,0.24907985115591372,-0.051059251341585316
Turkana,2023-10-01,0.2317958679038633,0.2317958679038633,0.21858143769552,0.2392849096323464,-0.02628482081207484
Turkana,2023-11-01,0.2852770754559835,0.2852770754559835,0.24314233031313082,0.23401249769833302,0.013916514697725257
Turkana,2023-12-01,0.2696676533336706,0.2696676533336706,0.2622468655645058,0.23818217589013788,0.003009407175372625
Turkana,2024-01-01,0.2292463880167634,0.2292463880167634,0.2613970389354725,0.23998923831549626,0.0009071002609405132
Turkana,2024-02-01,0.2063467613791836,0.2063467613791836,0.23508693424320584,0.23911463227816834,-0.007251722593595994
Turkana,2024-03-01,0.2211557390900985,0.2211557390900985,0.21891629616201513,0.2405815808632605,-0.011015194329593164
Turkana,2024-04-01,0.3251741303909585,0.3251741303909585,0.25089221028674685,0.25614462461110965,0.04453201605413226
Turkana,2024-05-01,0.3676310116730334,0.3676310116730334,0.30465362705136345,0.26987028064728463,0.04756691255218953
Turkana,2024-06-01,0.2849917663643241,0.2849917663643241,0.3259323028094387,0.27242429948572694,0.010164462217459425
Turkana,2024-07-01,0.277135992162437,0.277135992162437,0.30991959006659814,0.2804059001766725,0.01568415018433411
Turkana,2024-08-01,0.3631692338323311,0.3631692338323311,0.30843233078636406,0.3065429789188638,0.08451251922555564
Turkana,2024-09-01,0.2924906574252437,0.2924906574252437,0.31093196114000393,0.31843213197472126,0.029077358504112805
Turkana,2024-10-01,0.2841935867791407,0.2841935867791407,0.3132844926789052,0.31160204137275166,0.02611289806320255
Turkana,2024-11-01,0.2703059976956784,0.2703059976956784,0.28233008063335424,0.2953812057098592,-0.0010545630625798386
Turkana,2024-12-01,0.3168719325323691,0.3168719325323691,0.2904571723357294,0.30069456673786665,0.05021368637407114
Turkana,2025-01-01,0.2487859578051441,0.2487859578051441,0.2786546293443972,0.29596956101165117,0.020446670049321214
Turkana,2025-02-01,0.206931175374761,0.206931175374761,0.25752968857075803,0.26992988460205614,-0.00666730859801859
Turkana,2025-03-01,0.2582174594914129,0.2582174594914129,0.23797819755710595,0.26421768494641773,0.026046526071721227
Turkana,2025-04-01,0.3362966200989105,0.3362966200989105,0.2671484183216948,0.272901523833046,0.05565450576208425
Turkana,2025-05-01,0.3576545693398416,0.3576545693398416,0.31738954964338834,0.2874596191070732,0.037590470218997696
Turkana,2025-06-01,0.2973250096065816,0.2973250096065816,0.33042539968177786,0.28420179861944195,0.02249770545971691
Turkana,2025-07-01,0.2659301232807416,0.2659301232807416,0.3069699007423882,0.28705915953204153,0.00447828130263872
Turkana,2025-08-01,0.2994136040380932,0.2994136040380932,0.2875562456418055,0.30247289764259694,0.02075688943131776
Turkana,2025-09-01,0.3073661107113616,0.3073661107113616,0.2909032793433988,0.3106643395125883,0.043952811790230695
Turkana,2025-10-01,0.2953738909592822,0.2953738909592822,0.300717868569579,0.3038438846559836,0.03729320224334404
Turkana,2025-11-01,0.2954113223342141,0.2954113223342141,0.2993837746682859,0.2934700101550457,0.024050761575955815
Turkana,2025-12-01,0.2504518522140874,0.2504518522140874,0.28041235516919455,0.2856578172562967,-0.016206393944210584
Turkana,2026-01-01,0.22854881366992,0.22854881366992,0.2581373294060738,0.2794275989878264,0.00020952591409711951
Turkana,2026-02-01,0.2135751102267488,0.2135751102267488,0.23085859203691872,0.2651211833526023,-2.3373746030785902e-05
Turkana,2026-03-01,0.3332418769637071,0.3332418769637071,0.2584552669534586,0.2694338110613266,0.10107094354401544
Turkana,2026-04-01,0.3399266840790133,0.3399266840790133,0.2955812237564897,0.2768592765812818,0.05928456974218704
Wajir,2019-01-01,0.2503464924181521,0.2503464924181521,0.2503464924181521,0.2503464924181521,-0.04532541198772999
Wajir,2019-02-01,0.2210867979194107,0.2210867979194107,0.23571664516878138,0.23571664516878138,-0.022955621350466887
Wajir,2019-03-01,0.2258536302571556,0.2258536302571556,0.2324289735315728,0.2324289735315728,-0.023891697698315728
Wajir,2019-04-01,0.246760036119544,0.246760036119544,0.23123348809870345,0.2360117391785656,-0.13639698152405422
Wajir,2019-05-01,0.2423412750103739,0.2423412750103739,0.23831831379569116,0.23727764634492726,-0.10643324551921596
Wajir,2019-06-01,0.215382909364348,0.215382909364348,0.23482807349808862,0.23362852351483074,-0.04768036789211749
Wajir,2019-07-01,0.2126763228903684,0.2126763228903684,0.2234668357550301,0.22735016192686675,-0.017486105573791044
Wajir,2019-08-01,0.2070421483490845,0.2070421483490845,0.21170046020126698,0.22500938699847906,-0.021488787035127327
Wajir,2019-09-01,0.2049582810799281,0.2049582810799281,0.20822558410646033,0.22152682880227448,-0.018043895203833177
Wajir,2019-10-01,0.2838219365512608,0.2838219365512608,0.23194078866009113,0.2277038122075606,0.047410576281877365
Wajir,2019-11-01,0.556589029036027,0.556589029036027,0.34845641555573864,0.2800784378785028,0.18203673259331582
Wajir,2019-12-01,0.6257857969159163,0.6257857969159163,0.48873225416773475,0.34847891913709755,0.25067025954845856
Wajir,2020-01-01,0.4317550660646958,0.4317550660646958,0.5380432973388797,0.3849920429994855,0.13608316165881373
Wajir,2020-02-01,0.3142013991974078,0.3142013991974078,0.45724742072600666,0.4028519181408727,0.07015897992753023
Wajir,2020-03-01,0.2619429547038623,0.2619429547038623,0.3359664733219887,0.41234936374486164,0.012197626748390977
Wajir,2020-04-01,0.3641728938647586,0.3641728938647586,0.3134390825886763,0.42574118996377797,-0.018984123778839623
Wajir,2020-05-01,0.3834149179552466,0.3834149179552466,0.33651025550795594,0.3968788381169812,0.03464039742565678
Wajir,2020-06-01,0.2863453005400411,0.2863453005400411,0.34464437078668214,0.34030542205433534,0.023282023283575592
Wajir,2020-07-01,0.2580461162318886,0.2580461162318886,0.3092687782423922,0.31135393041553416,0.027883687767729176
Wajir,2020-08-01,0.2325513993579931,0.2325513993579931,0.25898093870997435,0.29774559710896503,0.00402046397378128
Wajir,2020-09-01,0.2382163046301099,0.2382163046301099,0.24293794007333058,0.2937911554300063,0.01521412834634861
Wajir,2020-10-01,0.227141584294492,0.227141584294492,0.2326364294275317,0.2709526038349619,-0.009269775974891453
Wajir,2020-11-01,0.4657908477976371,0.4657908477976371,0.3103829122407464,0.2846819254753603,0.09123855135492587
Wajir,2020-12-01,0.3129862328217186,0.3129862328217186,0.33530622163794926,0.2891220808556399,-0.06212930454573912
Wajir,2021-01-01,0.2613214034985879,0.2613214034985879,0.3466994947059812,0.28966796206675643,-0.03435050090729419
Wajir,2021-02-01,0.2286159133448937,0.2286159133448937,0.2676411832217334,0.28901204773123984,-0.015426505924983874
Wajir,2021-03-01,0.2294101482099263,0.2294101482099263,0.239782488351136,0.2875443549945426,-0.020335179745545023
Wajir,2021-04-01,0.3087530994158113,0.3087530994158113,0.2555930536568771,0.30114627418142914,-0.07440391822778691
Wajir,2021-05-01,0.3208962640168789,0.3208962640168789,0.28635317054753884,0.27699717688463615,-0.027878256512710975
Wajir,2021-06-01,0.2321505467371919,0.2321505467371919,0.28726663672329406,0.26352456253721496,-0.030912730519273596
Wajir,2021-07-01,0.211080117585016,0.211080117585016,0.25470897611302895,0.255151014884953,-0.019082310879143444
Wajir,2021-08-01,0.2171025619048379,0.2171025619048379,0.2201110754090153,0.2532321229782771,-0.011428373479373921
Wajir,2021-09-01,0.2104553484348762,0.2104553484348762,0.2128793426415767,0.25007298968243535,-0.012546827848885084
Wajir,2021-10-01,0.2108870303345327,0.2108870303345327,0.21281498022474898,0.2337619781688889,-0.025524329934850737
Wajir,2021-11-01,0.2142772213366131,0.2142772213366131,0.21187320003534071,0.21599213772217796,-0.16027507510609812
Wajir,2021-12-01,0.274808133320233,0.274808133320233,0.23332412833045965,0.22310173548601817,-0.10030740404722471
Wajir,2022-01-01,0.2568084327599517,0.2568084327599517,0.24863126247226597,0.23072312134850745,-0.0388634716459304
Wajir,2022-02-01,0.2119374172394161,0.2119374172394161,0.2478513277732003,0.22986226390427045,-0.03210500203046149
Wajir,2022-03-01,0.2070502280732308,0.2070502280732308,0.2252653593575329,0.22929474384399626,-0.04269509988224052
Wajir,2022-04-01,0.2360418300389986,0.2360418300389986,0.21834315845054852,0.23348721046140722,-0.14711518760459963
Wajir,2022-05-01,0.275437414811116,0.275437414811116,0.23950982430778187,0.24368057604049106,-0.07333710571847385
Wajir,2022-06-01,0.2349495281360753,0.2349495281360753,0.24880959099539668,0.23703747517646476,-0.02811374912039019
Wajir,2022-07-01,0.2114382880964253,0.2114382880964253,0.24060841034787225,0.22947578439921035,-0.01872414036773415
Wajir,2022-08-01,0.2002137920196508,0.2002137920196508,0.21553386941738384,0.2275218468625828,-0.02831714336456101
Wajir,2022-09-01,0.1928236261107439,0.1928236261107439,0.20149190207560672,0.22515074653550163,-0.030178550173017377
Wajir,2022-10-01,0.1960875136052711,0.1960875136052711,0.196374977245222,0.21849169379654707,-0.040323846664112345
Wajir,2022-11-01,0.212257160844043,0.212257160844043,0.20038943352001937,0.20796165146870157,-0.1622951355986682
Wajir,2022-12-01,0.2320949049606329,0.2320949049606329,0.2134798598033157,0.2074858809394612,-0.14302063240682483
Wajir,2023-01-01,0.2137803104080917,0.2137803104080917,0.21937745873758926,0.20787621799140554,-0.08189159399779039
Wajir,2023-02-01,0.1973578402746116,0.1973578402746116,0.21441101854777878,0.20740022603389904,-0.046684578995265985
Wajir,2023-03-01,0.2450870336183411,0.2450870336183411,0.21874172810034817,0.2161107939518319,-0.00465829433713022
Wajir,2023-04-01,0.4628902760996052,0.4628902760996052,0.30177838333085266,0.2605779210342209,0.07973325845600698
Wajir,2023-05-01,0.3933886235660748,0.3933886235660748,0.36712197776134037,0.2907664981545595,0.04461410303648494
Wajir,2023-06-01,0.2900310284734907,0.2900310284734907,0.38210330937972364,0.30042251874003584,0.026967751217025215
Wajir,2023-07-01,0.2369740015096271,0.2369740015096271,0.3067978845163976,0.30428813392362514,0.006811573045467673
Wajir,2023-08-01,0.2324565004947343,0.2324565004947343,0.25315384349261744,0.3101379106269789,0.003925565110522472
Wajir,2023-09-01,0.2265808569672065,0.2265808569672065,0.232003786323856,0.3070535478517898,0.003578680683445218
Wajir,2023-10-01,0.2607747285016705,0.2607747285016705,0.2399373619878705,0.273367623252134,0.024363368232287047
Wajir,2023-11-01,0.5399573447420445,0.5399573447420445,0.3424376434036405,0.2977957434481289,0.16540504829933328
Wajir,2023-12-01,0.5877949583400738,0.5877949583400738,0.46284234386126294,0.34742306509255944,0.21267942097261605
Wajir,2024-01-01,0.4550341403540585,0.4550341403540585,0.5275954811453923,0.3837664215666314,0.1593622359481764
Wajir,2024-02-01,0.3320635723582851,0.3320635723582851,0.45829755701747255,0.40036760021055645,0.08802115308840752
Wajir,2024-03-01,0.2832028938929784,0.2832028938929784,0.3567668688684407,0.4098046063648518,0.033457565937507094
Wajir,2024-04-01,0.4789424256263775,0.4789424256263775,0.36473629729254703,0.44616588921896966,0.09578540798277929
Wajir,2024-05-01,0.4990756516654415,0.4990756516654415,0.42040699039493257,0.4393522737062025,0.15030113113585164
Wajir,2024-06-01,0.3218034981464105,0.3218034981464105,0.43327385847940986,0.3950203636739253,0.058740220889945016
Wajir,2024-07-01,0.2818806572282799,0.2818806572282799,0.3675866023467107,0.36616144981962884,0.05171822876412044
Wajir,2024-08-01,0.2725456231115014,0.2725456231115014,0.29207659282873066,0.3562417916118315,0.04401468772728956
Wajir,2024-09-01,0.2589079134822766,0.2589079134822766,0.271111397940686,0.3521926282100479,0.03590573719851531
Wajir,2024-10-01,0.2459859702941365,0.2459859702941365,0.2591465022959716,0.3133665523213411,0.009574610024753044
Wajir,2024-11-01,0.3493837132687858,0.3493837132687858,0.28475919901506636,0.2884178959218984,-0.025168583173925396
Wajir,2024-12-01,0.3355863597109768,0.3355863597109768,0.31031868109129973,0.2907150395159928,-0.03952917765648095
Wajir,2025-01-01,0.264698806391926,0.264698806391926,0.31655629312389627,0.28785139770993384,-0.03097309801395609
Wajir,2025-02-01,0.234518456447751,0.234518456447751,0.2782678741835513,0.2815135365993088,-0.009523962822126586
Wajir,2025-03-01,0.2629777970315544,0.2629777970315544,0.2540650199570772,0.28219185052418844,0.013232469076083053
Wajir,2025-04-01,0.4712349416618807,0.4712349416618807,0.3229103983803954,0.3197333457521458,0.08807792401828246
Wajir,2025-05-01,0.3268674966819974,0.3268674966819974,0.3536934117918109,0.315980642987681,-0.021907023847592466
Wajir,2025-06-01,0.2607801293977009,0.2607801293977009,0.35296085591385973,0.30351293793546835,-0.0022831478587646004
Wajir,2025-07-01,0.1990414957075107,0.1990414957075107,0.2622297072624031,0.2925700528213992,-0.031120932756648734
Wajir,2025-08-01,0.2378045224516808,0.2378045224516808,0.23254204918563084,0.2931177304887208,0.009273587067468975
Wajir,2025-09-01,0.2290729032811878,0.2290729032811878,0.22197297381345985,0.2874669148636597,0.006070726997426501
Wajir,2025-10-01,0.2301807583043206,0.2301807583043206,0.23235272801239648,0.24729121763739967,-0.0062306019650628375
Wajir,2025-11-01,0.283610758073828,0.283610758073828,0.24762147321977887,0.24008176120270477,-0.09094153836888319
Wajir,2025-12-01,0.2567523755026527,0.2567523755026527,0.25684796396026716,0.23941046888686346,-0.11836316186480506
Wajir,2026-01-01,0.2316305833515931,0.2316305833515931,0.25733123897602467,0.2448419834942105,-0.064041321054289
Wajir,2026-02-01,0.2125579573772447,0.2125579573772447,0.23364697207716356,0.24063422264847115,-0.031484461892632876
Wajir,2026-03-01,0.2824379378567218,0.2824379378567218,0.2422088261951866,0.2495283950777268,0.03269260990125045
Wajir,2026-04-01,0.49646063832181,0.49646063832181,0.3304855111852589,0.2939083750806417,0.11330362067821176
West Pokot,2019-01-01,0.4104553512430928,0.4104553512430928,0.4104553512430928,0.4104553512430928,-0.034612131296186566
West Pokot,2019-02-01,0.3580693349761925,0.3580693349761925,0.38426234310964263,0.38426234310964263,-0.050068311308069546
West Pokot,2019-03-01,0.3604654143298832,0.3604654143298832,0.3763300335163895,0.3763300335163895,-0.08858326994595844
West Pokot,2019-04-01,0.3957089177862196,0.3957089177862196,0.37141455569743176,0.38117475458384703,-0.14284698939764268
West Pokot,2019-05-01,0.5116117318991723,0.5116117318991723,0.4225953546717583,0.407262150046912,-0.09009549276127604
West Pokot,2019-06-01,0.5890028240342242,0.5890028240342242,0.498774491239872,0.4375522623781308,0.025266014987012753
West Pokot,2019-07-01,0.6272571688557598,0.6272571688557598,0.5759572415963854,0.4736858986469086,0.0673921127330025
West Pokot,2019-08-01,0.6048264777272132,0.6048264777272132,0.6070288235390657,0.5148120891054121,0.012709688124165841
West Pokot,2019-09-01,0.5603338837378378,0.5603338837378378,0.5974725101069369,0.5481235006734044,-0.012447435749823987
West Pokot,2019-10-01,0.5731423879370572,0.5731423879370572,0.5794342498007027,0.5776957456985441,0.018714452747760624
West Pokot,2019-11-01,0.6145275892287255,0.6145275892287255,0.5826679536345402,0.5948483885868029,0.05999088555966525
West Pokot,2019-12-01,0.6372228818882154,0.6372228818882154,0.608297619684666,0.6028850648958014,0.1263989381016415
West Pokot,2020-01-01,0.5730148131534539,0.5730148131534539,0.6082550947567983,0.5938446722787505,0.12794733061417457
West Pokot,2020-02-01,0.5817168490660927,0.5817168490660927,0.597318181369254,0.5899930675018971,0.17357920278183064
West Pokot,2020-03-01,0.5575173382875637,0.5575173382875637,0.5707496668357034,0.5895236432601847,0.10846865401172201
West Pokot,2020-04-01,0.5684550804767157,0.5684550804767157,0.5692297559434573,0.5887424253501278,0.02989917329285341
West Pokot,2020-05-01,0.6646186427177453,0.6646186427177453,0.5968636871606748,0.5970909342649644,0.06291141805729694
West Pokot,2020-06-01,0.6327572450593311,0.6327572450593311,0.6219436560845973,0.5963466614601504,0.0690204360121196
West Pokot,2020-07-01,0.6273798615182063,0.6273798615182063,0.6415852497650942,0.6054075028542757,0.06751480539544907
West Pokot,2020-08-01,0.6667432050812013,0.6667432050812013,0.6422934372195795,0.6195785621901272,0.07462641547815396
West Pokot,2020-09-01,0.6287161168940261,0.6287161168940261,0.6409463944978113,0.6314450252912043,0.05593479740636431
West Pokot,2020-10-01,0.6255269529869145,0.6255269529869145,0.640328758320714,0.6409570040429041,0.07109901779761796
West Pokot,2020-11-01,0.6050043178803992,0.6050043178803992,0.6197491292537799,0.6310212832366798,0.05046761421133894
West Pokot,2020-12-01,0.5413868370793267,0.5413868370793267,0.5906393693155468,0.615792881906679,0.030562893292752746
West Pokot,2021-01-01,0.4586444322610636,0.4586444322610636,0.5350118624069298,0.5876703103638219,0.013576949721784248
West Pokot,2021-02-01,0.4052369344991953,0.4052369344991953,0.4684227346131952,0.5440859319334875,-0.002900711785066734
West Pokot,2021-03-01,0.3984074542896511,0.3984074542896511,0.42076294034996997,0.5057011548327585,-0.05064122998619058
West Pokot,2021-04-01,0.4899018745988623,0.4899018745988623,0.4311820877959029,0.4830969751014164,-0.04865403258499995
West Pokot,2021-05-01,0.6139598269224433,0.6139598269224433,0.5007563852703188,0.48458955994175706,0.012252602261994983
West Pokot,2021-06-01,0.5030773753418748,0.5030773753418748,0.5356463589543935,0.47820464965218173,-0.06065943370533666
West Pokot,2021-07-01,0.5515110847300819,0.5515110847300819,0.5561827623314667,0.4936824250636847,-0.008353971392675352
West Pokot,2021-08-01,0.5695141441669941,0.5695141441669941,0.5413675347463169,0.5210619600083178,-0.02260264543605328
West Pokot,2021-09-01,0.5945396598277072,0.5945396598277072,0.5718549629082611,0.5537506609313273,0.021758340340045423
West Pokot,2021-10-01,0.5866098251640717,0.5866098251640717,0.5835545430529243,0.5698686526921954,0.03218188997477511
West Pokot,2021-11-01,0.5090570248336357,0.5090570248336357,0.5634021699418049,0.5523848523440609,-0.045479678835424586
West Pokot,2021-12-01,0.4397465936537794,0.4397465936537794,0.5118044812171622,0.5418297220627116,-0.07107735013279454
West Pokot,2022-01-01,0.4060662224993525,0.4060662224993525,0.45162328032892257,0.5175889116909235,-0.03900126003992688
West Pokot,2022-02-01,0.3742920344336511,0.3742920344336511,0.406701616862261,0.4850518934020329,-0.03384561185061091
West Pokot,2022-03-01,0.3597461246896914,0.3597461246896914,0.38003479387423167,0.4459196375456969,-0.08930255958615024
West Pokot,2022-04-01,0.4666145677641072,0.4666145677641072,0.4002175756291499,0.4259204279790363,-0.07194133941975506
West Pokot,2022-05-01,0.5448617268124736,0.5448617268124736,0.4570741397554241,0.4318878783088425,-0.05684549784797477
West Pokot,2022-06-01,0.5492914643438396,0.5492914643438396,0.5202559196401402,0.45014535675718587,-0.014445344703371887
West Pokot,2022-07-01,0.4948295534524118,0.4948295534524118,0.529660914869575,0.4649392452493624,-0.06503550267034547
West Pokot,2022-08-01,0.5815976289862298,0.5815976289862298,0.5419062155941604,0.49949017767479226,-0.010519160616817569
West Pokot,2022-09-01,0.5418840347712067,0.5418840347712067,0.5394370724032829,0.5298464960217114,-0.03089728471645503
West Pokot,2022-10-01,0.4286636682003047,0.4286636682003047,0.5173817773192472,0.5235213460944109,-0.12576426698899185
West Pokot,2022-11-01,0.4156969416435822,0.4156969416435822,0.46208154820503117,0.5019938818995958,-0.1388397620254781
West Pokot,2022-12-01,0.3995027073017229,0.3995027073017229,0.4146211057152032,0.477029089059243,-0.11132123648485104
West Pokot,2023-01-01,0.3885716369790798,0.3885716369790798,0.4012570953081283,0.4593194363136877,-0.05649584556019954
West Pokot,2023-02-01,0.3312177639454809,0.3312177639454809,0.3730973694087612,0.4175894588068962,-0.07691988233878111
West Pokot,2023-03-01,0.3585416803692686,0.3585416803692686,0.3594436937646098,0.38703239973990655,-0.09050700390657307
West Pokot,2023-04-01,0.5541752732012921,0.5541752732012921,0.4146449058386805,0.4079510005734044,0.015619366017429859
West Pokot,2023-05-01,0.5929745486216527,0.5929745486216527,0.5018971673974044,0.43749726840308284,-0.008732676038795684
West Pokot,2023-06-01,0.4721806789980914,0.4721806789980914,0.539776833607012,0.449610263685811,-0.09155613004912005
West Pokot,2023-07-01,0.4831665391978082,0.4831665391978082,0.5161072556058508,0.4653760807222656,-0.07669851692494906
West Pokot,2023-08-01,0.4444147251031577,0.4444147251031577,0.4665873144330191,0.48424224091521184,-0.14770206449988965
West Pokot,2023-09-01,0.4874964648354586,0.4874964648354586,0.47169257637880824,0.5057347049929102,-0.08528485465220315
West Pokot,2023-10-01,0.5156311780462708,0.5156311780462708,0.482514122661629,0.49931068913373994,-0.03879675714302577
West Pokot,2023-11-01,0.5872091137890443,0.5872091137890443,0.5301122522235912,0.4983497833283052,0.03267241011998401
West Pokot,2023-12-01,0.5221073077799842,0.5221073077799842,0.5416491998717664,0.5066708881252873,0.011283363993410234
West Pokot,2024-01-01,0.4431630117224406,0.4431630117224406,0.5174931444304897,0.5000036335460594,-0.0019044708168387547
West Pokot,2024-02-01,0.4104786164674464,0.4104786164674464,0.45858297865662373,0.49434761544010747,0.0023409701831843543
West Pokot,2024-03-01,0.4584222392537077,0.4584222392537077,0.4373546224811982,0.4895019111764824,0.009373554977866017
West Pokot,2024-04-01,0.5678678197917114,0.5678678197917114,0.4789228918376218,0.49820801813405574,0.029311912607849155
West Pokot,2024-05-01,0.6298427395285571,0.6298427395285571,0.5520442661913254,0.5053136224239746,0.028135514868108724
West Pokot,2024-06-01,0.589283664604093,0.589283664604093,0.5956647413081204,0.5165096818946594,0.02554685555688152
West Pokot,2024-07-01,0.5716948837645436,0.5716948837645436,0.5969404292990645,0.5379316605683432,0.011829827641786306
West Pokot,2024-08-01,0.6638650191173215,0.6638650191173215,0.608281189161986,0.5801627276766558,0.07174822951427418
West Pokot,2024-09-01,0.6063429990587088,0.6063429990587088,0.6139676339801913,0.6048161876441559,0.033561679571047054
West Pokot,2024-10-01,0.576756050066451,0.576756050066451,0.6156546894141605,0.6062975593566126,0.02232811487715447
West Pokot,2024-11-01,0.5683573866559095,0.5683573866559095,0.5838188119270232,0.5960500005445045,0.013820682986849242
West Pokot,2024-12-01,0.5439470189861494,0.5439470189861494,0.5630201519028367,0.588493892941514,0.03312307519957547
West Pokot,2025-01-01,0.4522328802752102,0.4522328802752102,0.5215124286390898,0.568583559026625,0.007165397735930834
West Pokot,2025-02-01,0.387508595775297,0.387508595775297,0.4612294983455522,0.5225241551362877,-0.02062905050896502
West Pokot,2025-03-01,0.4687591438511103,0.4687591438511103,0.4361668733005392,0.49959351260168794,0.019710459575268624
West Pokot,2025-04-01,0.6157138516453328,0.6157138516453328,0.49066053042391333,0.5060864795315015,0.0771579444614705
West Pokot,2025-05-01,0.6540813561210941,0.6540813561210941,0.5795181172058457,0.520373807775699,0.052374131460645734
West Pokot,2025-06-01,0.6105644109490264,0.6105644109490264,0.6267865395718178,0.5314767064361784,0.0468276019018149
West Pokot,2025-07-01,0.563216301340489,0.563216301340489,0.6092873561368698,0.5499739432803916,0.0033512452177316687
West Pokot,2025-08-01,0.613856327039214,0.613856327039214,0.5958790131095765,0.587698565157711,0.021739537436166634
West Pokot,2025-09-01,0.5901560772886869,0.5901560772886869,0.5890762352227966,0.6079313873973072,0.017374757801025154
West Pokot,2025-10-01,0.5746654839240062,0.5746654839240062,0.5928926294173024,0.6010899927770862,0.02023754873470962
West Pokot,2025-11-01,0.5819045516521251,0.5819045516521251,0.5822420376216061,0.5890605253655913,0.027367847983064797
West Pokot,2025-12-01,0.4918542598168396,0.4918542598168396,0.5494747651309903,0.5692755001768934,-0.018969683969734308
West Pokot,2026-01-01,0.4283915121805414,0.4283915121805414,0.5007167745498354,0.5468047019835688,-0.016675970358737968
West Pokot,2026-02-01,0.4165810411107403,0.4165810411107403,0.4456089377027071,0.5139254876621565,0.008443394826478268
West Pokot,2026-03-01,0.6305300791358572,0.6305300791358572,0.4918342108090463,0.5206544879700182,0.18148139486001558
West Pokot,2026-04-01,0.6500098722066573,0.6500098722066573,0.5657069974844183,0.5332118860171268,0.11145396502279503
